[0706/151208.803:INFO:CONSOLE(14)] "emotes: 3", source: http://localhost:54325/emote-rain.js (14)
[0706/151208.803:INFO:CONSOLE(19)] "https://static-cdn.jtvnw.net/emoticons/v2/emotesv2_75402b0642e74259a23ec979ac6121ea/default/dark/2.0", source: http://localhost:54325/emote-rain.js (19)
[0706/151208.803:INFO:CONSOLE(19)] "https://static-cdn.jtvnw.net/emoticons/v2/emotesv2_75402b0642e74259a23ec979ac6121ea/default/dark/2.0", source: http://localhost:54325/emote-rain.js (19)
[0706/151208.803:INFO:CONSOLE(19)] "https://static-cdn.jtvnw.net/emoticons/v2/emotesv2_75402b0642e74259a23ec979ac6121ea/default/dark/2.0", source: http://localhost:54325/emote-rain.js (19)
[0706/151228.192:INFO:CONSOLE(14)] "emotes: 1", source: http://localhost:54325/emote-rain.js (14)
[0706/151228.192:INFO:CONSOLE(19)] "https://static-cdn.jtvnw.net/emoticons/v2/emotesv2_ac4268d82dfa43718d9d5ac4e64471de/default/dark/2.0", source: http://localhost:54325/emote-rain.js (19)
[0706/151237.278:INFO:CONSOLE(14)] "emotes: 1", source: http://localhost:54325/emote-rain.js (14)
[0706/151237.278:INFO:CONSOLE(19)] "https://static-cdn.jtvnw.net/emoticons/v2/emotesv2_8428d4ad358f46bab3635711ef903e9e/default/dark/2.0", source: http://localhost:54325/emote-rain.js (19)
[0706/151444.480:INFO:CONSOLE(14)] "emotes: 6", source: http://localhost:54325/emote-rain.js (14)
[0706/151444.480:INFO:CONSOLE(19)] "https://static-cdn.jtvnw.net/emoticons/v2/emotesv2_ac4268d82dfa43718d9d5ac4e64471de/default/dark/2.0", source: http://localhost:54325/emote-rain.js (19)
[0706/151444.480:INFO:CONSOLE(19)] "https://static-cdn.jtvnw.net/emoticons/v2/emotesv2_a3b7b61a3c934b2890d00f110b4bb697/default/dark/2.0", source: http://localhost:54325/emote-rain.js (19)
[0706/151444.480:INFO:CONSOLE(19)] "https://static-cdn.jtvnw.net/emoticons/v2/emotesv2_a3b7b61a3c934b2890d00f110b4bb697/default/dark/2.0", source: http://localhost:54325/emote-rain.js (19)
[0706/151444.480:INFO:CONSOLE(19)] "https://static-cdn.jtvnw.net/emoticons/v2/emotesv2_acd5c13e69d049068b50744b26e73794/default/dark/2.0", source: http://localhost:54325/emote-rain.js (19)
[0706/151444.480:INFO:CONSOLE(19)] "https://static-cdn.jtvnw.net/emoticons/v2/emotesv2_8428d4ad358f46bab3635711ef903e9e/default/dark/2.0", source: http://localhost:54325/emote-rain.js (19)
[0706/151444.480:INFO:CONSOLE(19)] "https://static-cdn.jtvnw.net/emoticons/v2/emotesv2_99d5791f3d5749949f07b0a54863fe4d/default/dark/2.0", source: http://localhost:54325/emote-rain.js (19)
[0706/151944.028:INFO:CONSOLE(14)] "emotes: 6", source: http://localhost:54325/emote-rain.js (14)
[0706/151944.028:INFO:CONSOLE(19)] "https://static-cdn.jtvnw.net/emoticons/v2/emotesv2_99d5791f3d5749949f07b0a54863fe4d/default/dark/2.0", source: http://localhost:54325/emote-rain.js (19)
[0706/151944.028:INFO:CONSOLE(19)] "https://static-cdn.jtvnw.net/emoticons/v2/emotesv2_ac4268d82dfa43718d9d5ac4e64471de/default/dark/2.0", source: http://localhost:54325/emote-rain.js (19)
[0706/151944.028:INFO:CONSOLE(19)] "https://static-cdn.jtvnw.net/emoticons/v2/emotesv2_a3b7b61a3c934b2890d00f110b4bb697/default/dark/2.0", source: http://localhost:54325/emote-rain.js (19)
[0706/151944.028:INFO:CONSOLE(19)] "https://static-cdn.jtvnw.net/emoticons/v2/emotesv2_a3b7b61a3c934b2890d00f110b4bb697/default/dark/2.0", source: http://localhost:54325/emote-rain.js (19)
[0706/151944.028:INFO:CONSOLE(19)] "https://static-cdn.jtvnw.net/emoticons/v2/emotesv2_acd5c13e69d049068b50744b26e73794/default/dark/2.0", source: http://localhost:54325/emote-rain.js (19)
[0706/151944.028:INFO:CONSOLE(19)] "https://static-cdn.jtvnw.net/emoticons/v2/emotesv2_8428d4ad358f46bab3635711ef903e9e/default/dark/2.0", source: http://localhost:54325/emote-rain.js (19)
[0706/152104.202:INFO:CONSOLE(14)] "emotes: 5", source: http://localhost:54325/emote-rain.js (14)
[0706/152104.202:INFO:CONSOLE(19)] "https://static-cdn.jtvnw.net/emoticons/v2/emotesv2_8428d4ad358f46bab3635711ef903e9e/default/dark/2.0", source: http://localhost:54325/emote-rain.js (19)
[0706/152104.202:INFO:CONSOLE(19)] "https://static-cdn.jtvnw.net/emoticons/v2/emotesv2_ac4268d82dfa43718d9d5ac4e64471de/default/dark/2.0", source: http://localhost:54325/emote-rain.js (19)
[0706/152104.202:INFO:CONSOLE(19)] "https://static-cdn.jtvnw.net/emoticons/v2/emotesv2_a3b7b61a3c934b2890d00f110b4bb697/default/dark/2.0", source: http://localhost:54325/emote-rain.js (19)
[0706/152104.202:INFO:CONSOLE(19)] "https://static-cdn.jtvnw.net/emoticons/v2/emotesv2_8209d97b1d224d9487978b544537a1d5/default/dark/2.0", source: http://localhost:54325/emote-rain.js (19)
[0706/152104.202:INFO:CONSOLE(19)] "https://static-cdn.jtvnw.net/emoticons/v2/emotesv2_99d5791f3d5749949f07b0a54863fe4d/default/dark/2.0", source: http://localhost:54325/emote-rain.js (19)
[0706/165651.790:ERROR:browser_process_sub_thread.cc(221)] Waited 19 ms for network service
[0706/165700.725:INFO:CONSOLE(20)] "[reward-notifications] script loaded", source: http://localhost:62472/reward-notifications.js (20)
[0706/165700.725:INFO:CONSOLE(47)] "[reward-notifications] listener attached", source: http://localhost:62472/reward-notifications.js (47)
[0706/165705.531:INFO:CONSOLE(352)] "[reward-notifications] event rewardName=Тест", source: http://localhost:62472/reward-notifications.js (352)
[0706/165705.531:INFO:CONSOLE(352)] "[reward-notifications] reward matched: Тест group: Спортик", source: http://localhost:62472/reward-notifications.js (352)
[0706/165705.841:INFO:CONSOLE(261)] "Reward sound playback failed:", source: http://localhost:62472/reward-notifications.js (261)
[0706/165721.581:INFO:CONSOLE(352)] "[reward-notifications] event rewardName=Тест", source: http://localhost:62472/reward-notifications.js (352)
[0706/165721.581:INFO:CONSOLE(352)] "[reward-notifications] reward matched: Тест group: Спортик", source: http://localhost:62472/reward-notifications.js (352)
[0706/165721.903:INFO:CONSOLE(261)] "Reward sound playback failed:", source: http://localhost:62472/reward-notifications.js (261)
[0706/170807.623:INFO:CONSOLE(352)] "[reward-notifications] event rewardName=Тест", source: http://localhost:62472/reward-notifications.js (352)
[0706/170807.624:INFO:CONSOLE(352)] "[reward-notifications] reward matched: Тест group: Спортик", source: http://localhost:62472/reward-notifications.js (352)
[0706/170807.934:INFO:CONSOLE(261)] "Reward sound playback failed:", source: http://localhost:62472/reward-notifications.js (261)
[0706/170826.844:INFO:CONSOLE(352)] "[reward-notifications] event rewardName=Тест", source: http://localhost:62472/reward-notifications.js (352)
[0706/170826.844:INFO:CONSOLE(352)] "[reward-notifications] reward matched: Тест group: Спортик", source: http://localhost:62472/reward-notifications.js (352)
[0706/170827.152:INFO:CONSOLE(261)] "Reward sound playback failed:", source: http://localhost:62472/reward-notifications.js (261)
[0706/171032.228:INFO:CONSOLE(352)] "[reward-notifications] event rewardName=Тест", source: http://localhost:62472/reward-notifications.js (352)
[0706/171032.228:INFO:CONSOLE(352)] "[reward-notifications] reward matched: Тест group: Спортик", source: http://localhost:62472/reward-notifications.js (352)
[0706/171032.555:INFO:CONSOLE(261)] "Reward sound playback failed:", source: http://localhost:62472/reward-notifications.js (261)
[0706/171128.377:ERROR:browser_process_sub_thread.cc(221)] Waited 11 ms for network service
[0706/171133.256:INFO:CONSOLE(20)] "[reward-notifications] script loaded", source: http://localhost:57227/reward-notifications.js (20)
[0706/171133.256:INFO:CONSOLE(47)] "[reward-notifications] listener attached", source: http://localhost:57227/reward-notifications.js (47)
[0706/171139.163:INFO:CONSOLE(356)] "[reward-notifications] event rewardName=Тест", source: http://localhost:57227/reward-notifications.js (356)
[0706/171139.163:INFO:CONSOLE(356)] "[reward-notifications] reward matched: Тест group: Спортик", source: http://localhost:57227/reward-notifications.js (356)
[0706/171139.476:INFO:CONSOLE(265)] "Reward sound playback failed:", source: http://localhost:57227/reward-notifications.js (265)
[0706/171221.051:INFO:CONSOLE(356)] "[reward-notifications] event rewardName=Тест", source: http://localhost:57227/reward-notifications.js (356)
[0706/171221.051:INFO:CONSOLE(356)] "[reward-notifications] reward matched: Тест group: Спортик", source: http://localhost:57227/reward-notifications.js (356)
[0706/171221.379:INFO:CONSOLE(265)] "Reward sound playback failed:", source: http://localhost:57227/reward-notifications.js (265)
[0706/172107.255:ERROR:browser_process_sub_thread.cc(221)] Waited 12 ms for network service
[0706/172113.109:INFO:CONSOLE(20)] "[reward-notifications] script loaded", source: http://localhost:65389/reward-notifications.js (20)
[0706/172113.109:INFO:CONSOLE(47)] "[reward-notifications] listener attached", source: http://localhost:65389/reward-notifications.js (47)
[0706/172121.433:INFO:CONSOLE(14)] "emotes: 0", source: http://localhost:65389/emote-rain.js (14)
[0706/172134.353:INFO:CONSOLE(374)] "[reward-notifications] event rewardName=Тест", source: http://localhost:65389/reward-notifications.js (374)
[0706/172134.353:INFO:CONSOLE(374)] "[reward-notifications] reward matched: Тест group: Спортик", source: http://localhost:65389/reward-notifications.js (374)
[0706/172223.310:INFO:CONSOLE(374)] "[reward-notifications] event rewardName=Тест", source: http://localhost:65389/reward-notifications.js (374)
[0706/172223.310:INFO:CONSOLE(374)] "[reward-notifications] reward matched: Тест group: Спортик", source: http://localhost:65389/reward-notifications.js (374)
[0706/172235.024:INFO:CONSOLE(374)] "[reward-notifications] event rewardName=Тест", source: http://localhost:65389/reward-notifications.js (374)
[0706/172235.024:INFO:CONSOLE(374)] "[reward-notifications] reward matched: Тест group: Спортик", source: http://localhost:65389/reward-notifications.js (374)
[0706/172305.231:INFO:CONSOLE(374)] "[reward-notifications] event rewardName=Тест", source: http://localhost:65389/reward-notifications.js (374)
[0706/172305.231:INFO:CONSOLE(374)] "[reward-notifications] reward matched: Тест group: Спортик", source: http://localhost:65389/reward-notifications.js (374)
[0706/172320.463:INFO:CONSOLE(374)] "[reward-notifications] event rewardName=Тест", source: http://localhost:65389/reward-notifications.js (374)
[0706/172320.463:INFO:CONSOLE(374)] "[reward-notifications] reward matched: Тест group: Спортик", source: http://localhost:65389/reward-notifications.js (374)
[0706/172447.549:ERROR:browser_process_sub_thread.cc(221)] Waited 12 ms for network service
[0706/172453.070:INFO:CONSOLE(25)] "[reward-notifications] script loaded", source: http://localhost:59005/reward-notifications.js (25)
[0706/172453.070:INFO:CONSOLE(52)] "[reward-notifications] listener attached", source: http://localhost:59005/reward-notifications.js (52)
[0706/172503.715:INFO:CONSOLE(379)] "[reward-notifications] event rewardName=Тест", source: http://localhost:59005/reward-notifications.js (379)
[0706/172503.715:INFO:CONSOLE(379)] "[reward-notifications] reward matched: Тест group: Sport", source: http://localhost:59005/reward-notifications.js (379)
[0706/172538.002:INFO:CONSOLE(379)] "[reward-notifications] event rewardName=Тест", source: http://localhost:59005/reward-notifications.js (379)
[0706/172538.002:INFO:CONSOLE(379)] "[reward-notifications] reward matched: Тест group: Sport", source: http://localhost:59005/reward-notifications.js (379)
[0706/173414.626:ERROR:browser_process_sub_thread.cc(221)] Waited 16 ms for network service
[0706/173417.994:INFO:CONSOLE(25)] "[reward-notifications] script loaded", source: http://localhost:49850/reward-notifications.js (25)
[0706/173417.994:INFO:CONSOLE(52)] "[reward-notifications] listener attached", source: http://localhost:49850/reward-notifications.js (52)
[0706/173420.577:INFO:CONSOLE(381)] "[reward-notifications] event rewardName=Тест", source: http://localhost:49850/reward-notifications.js (381)
[0706/173420.577:INFO:CONSOLE(381)] "[reward-notifications] reward matched: Тест group: Sport", source: http://localhost:49850/reward-notifications.js (381)
[0706/173446.443:INFO:CONSOLE(381)] "[reward-notifications] event rewardName=Тест", source: http://localhost:49850/reward-notifications.js (381)
[0706/173446.443:INFO:CONSOLE(381)] "[reward-notifications] reward matched: Тест group: Sport", source: http://localhost:49850/reward-notifications.js (381)
[0706/173500.289:INFO:CONSOLE(381)] "[reward-notifications] event rewardName=Тест", source: http://localhost:49850/reward-notifications.js (381)
[0706/173500.289:INFO:CONSOLE(381)] "[reward-notifications] reward matched: Тест group: Sport", source: http://localhost:49850/reward-notifications.js (381)
[0706/173559.397:ERROR:browser_process_sub_thread.cc(221)] Waited 11 ms for network service
[0706/173603.568:INFO:CONSOLE(25)] "[reward-notifications] script loaded", source: http://localhost:57314/reward-notifications.js (25)
[0706/173603.568:INFO:CONSOLE(52)] "[reward-notifications] listener attached", source: http://localhost:57314/reward-notifications.js (52)
[0706/173606.718:INFO:CONSOLE(381)] "[reward-notifications] event rewardName=Тест", source: http://localhost:57314/reward-notifications.js (381)
[0706/173606.719:INFO:CONSOLE(381)] "[reward-notifications] reward matched: Тест group: Sport", source: http://localhost:57314/reward-notifications.js (381)
[0706/174544.018:ERROR:browser_process_sub_thread.cc(221)] Waited 11 ms for network service
[0706/174618.854:INFO:CONSOLE(31)] "[reward-notifications] script loaded", source: http://localhost:52780/reward-notifications.js (31)
[0706/174618.854:INFO:CONSOLE(58)] "[reward-notifications] listener attached", source: http://localhost:52780/reward-notifications.js (58)
[0706/174624.666:INFO:CONSOLE(389)] "[reward-notifications] event rewardName=Тест", source: http://localhost:52780/reward-notifications.js (389)
[0706/174624.666:INFO:CONSOLE(389)] "[reward-notifications] reward matched: Тест group: Sport", source: http://localhost:52780/reward-notifications.js (389)
[0706/174740.299:ERROR:browser_process_sub_thread.cc(221)] Waited 10 ms for network service
[0706/174742.465:INFO:CONSOLE(32)] "[reward-notifications] script loaded", source: http://localhost:57907/reward-notifications.js (32)
[0706/174742.465:INFO:CONSOLE(59)] "[reward-notifications] listener attached", source: http://localhost:57907/reward-notifications.js (59)
[0706/174745.227:INFO:CONSOLE(390)] "[reward-notifications] event rewardName=Тест", source: http://localhost:57907/reward-notifications.js (390)
[0706/174745.228:INFO:CONSOLE(390)] "[reward-notifications] reward matched: Тест group: Sport", source: http://localhost:57907/reward-notifications.js (390)
[0706/174811.734:INFO:CONSOLE(390)] "[reward-notifications] event rewardName=Тест", source: http://localhost:57907/reward-notifications.js (390)
[0706/174811.734:INFO:CONSOLE(390)] "[reward-notifications] reward matched: Тест group: Sport", source: http://localhost:57907/reward-notifications.js (390)
[0706/175038.825:ERROR:browser_process_sub_thread.cc(221)] Waited 10 ms for network service
[0706/175044.826:INFO:CONSOLE(33)] "[reward-notifications] script loaded", source: http://localhost:57780/reward-notifications.js (33)
[0706/175044.827:INFO:CONSOLE(60)] "[reward-notifications] listener attached", source: http://localhost:57780/reward-notifications.js (60)
[0706/175048.099:INFO:CONSOLE(419)] "[reward-notifications] event rewardName=Тест", source: http://localhost:57780/reward-notifications.js (419)
[0706/175048.099:INFO:CONSOLE(419)] "[reward-notifications] reward matched: Тест group: Sport", source: http://localhost:57780/reward-notifications.js (419)
[0706/175112.881:INFO:CONSOLE(419)] "[reward-notifications] event rewardName=Тест", source: http://localhost:57780/reward-notifications.js (419)
[0706/175112.881:INFO:CONSOLE(419)] "[reward-notifications] reward matched: Тест group: Sport", source: http://localhost:57780/reward-notifications.js (419)
[0706/175122.891:ERROR:browser_process_sub_thread.cc(221)] Waited 10 ms for network service
[0706/175125.728:INFO:CONSOLE(33)] "[reward-notifications] script loaded", source: http://localhost:57825/reward-notifications.js (33)
[0706/175125.728:INFO:CONSOLE(60)] "[reward-notifications] listener attached", source: http://localhost:57825/reward-notifications.js (60)
[0706/175129.076:INFO:CONSOLE(419)] "[reward-notifications] event rewardName=Тест", source: http://localhost:57825/reward-notifications.js (419)
[0706/175129.076:INFO:CONSOLE(419)] "[reward-notifications] reward matched: Тест group: Sport", source: http://localhost:57825/reward-notifications.js (419)
[0706/175142.310:INFO:CONSOLE(14)] "emotes: 0", source: http://localhost:57825/emote-rain.js (14)
[0706/175147.703:INFO:CONSOLE(14)] "emotes: 0", source: http://localhost:57825/emote-rain.js (14)
[0706/175151.761:INFO:CONSOLE(14)] "emotes: 0", source: http://localhost:57825/emote-rain.js (14)
[0706/175205.184:INFO:CONSOLE(14)] "emotes: 0", source: http://localhost:57825/emote-rain.js (14)
[0706/175206.827:INFO:CONSOLE(14)] "emotes: 0", source: http://localhost:57825/emote-rain.js (14)
[0706/175230.800:INFO:CONSOLE(14)] "emotes: 0", source: http://localhost:57825/emote-rain.js (14)
[0706/175307.865:INFO:CONSOLE(14)] "emotes: 0", source: http://localhost:57825/emote-rain.js (14)
[0706/175319.895:INFO:CONSOLE(419)] "[reward-notifications] event rewardName=Тест", source: http://localhost:57825/reward-notifications.js (419)
[0706/175319.896:INFO:CONSOLE(419)] "[reward-notifications] reward matched: Тест group: Sport", source: http://localhost:57825/reward-notifications.js (419)
[0706/175330.798:INFO:CONSOLE(14)] "emotes: 0", source: http://localhost:57825/emote-rain.js (14)
[0706/175337.901:INFO:CONSOLE(14)] "emotes: 0", source: http://localhost:57825/emote-rain.js (14)
[0706/175349.279:INFO:CONSOLE(419)] "[reward-notifications] event rewardName=Тест", source: http://localhost:57825/reward-notifications.js (419)
[0706/175349.279:INFO:CONSOLE(419)] "[reward-notifications] reward matched: Тест group: Sport", source: http://localhost:57825/reward-notifications.js (419)
[0706/175353.769:INFO:CONSOLE(14)] "emotes: 0", source: http://localhost:57825/emote-rain.js (14)
[0706/175408.773:INFO:CONSOLE(419)] "[reward-notifications] event rewardName=Приседания", source: http://localhost:57825/reward-notifications.js (419)
[0706/175408.773:INFO:CONSOLE(419)] "[reward-notifications] reward matched: Приседания group: Sport", source: http://localhost:57825/reward-notifications.js (419)
[0706/175420.390:INFO:CONSOLE(14)] "emotes: 0", source: http://localhost:57825/emote-rain.js (14)
[0706/175443.024:INFO:CONSOLE(419)] "[reward-notifications] event rewardName=Пресс", source: http://localhost:57825/reward-notifications.js (419)
[0706/175443.025:INFO:CONSOLE(419)] "[reward-notifications] reward matched: Пресс group: Sport", source: http://localhost:57825/reward-notifications.js (419)
[0706/175503.347:INFO:CONSOLE(14)] "emotes: 0", source: http://localhost:57825/emote-rain.js (14)
[0706/175507.132:INFO:CONSOLE(14)] "emotes: 1", source: http://localhost:57825/emote-rain.js (14)
[0706/175507.132:INFO:CONSOLE(19)] "https://static-cdn.jtvnw.net/emoticons/v2/emotesv2_851f3e8feca745ee9964e1f1a1f17a63/default/dark/2.0", source: http://localhost:57825/emote-rain.js (19)
[0706/175507.276:INFO:CONSOLE(14)] "emotes: 0", source: http://localhost:57825/emote-rain.js (14)
[0706/175513.827:INFO:CONSOLE(14)] "emotes: 0", source: http://localhost:57825/emote-rain.js (14)
[0706/175524.019:INFO:CONSOLE(14)] "emotes: 1", source: http://localhost:57825/emote-rain.js (14)
[0706/175524.019:INFO:CONSOLE(19)] "https://static-cdn.jtvnw.net/emoticons/v2/69/default/dark/2.0", source: http://localhost:57825/emote-rain.js (19)
[0706/175529.918:INFO:CONSOLE(14)] "emotes: 17", source: http://localhost:57825/emote-rain.js (14)
[0706/175529.918:INFO:CONSOLE(19)] "https://static-cdn.jtvnw.net/emoticons/v2/emotesv2_ee0cadbf04634f18981bb675d67ad3f3/default/dark/2.0", source: http://localhost:57825/emote-rain.js (19)
[0706/175529.918:INFO:CONSOLE(19)] "https://static-cdn.jtvnw.net/emoticons/v2/emotesv2_0a16649ef18249c4a421e753281ba622/default/dark/2.0", source: http://localhost:57825/emote-rain.js (19)
[0706/175529.919:INFO:CONSOLE(19)] "https://static-cdn.jtvnw.net/emoticons/v2/191767/default/dark/2.0", source: http://localhost:57825/emote-rain.js (19)
[0706/175529.919:INFO:CONSOLE(19)] "https://static-cdn.jtvnw.net/emoticons/v2/55338/default/dark/2.0", source: http://localhost:57825/emote-rain.js (19)
[0706/175529.919:INFO:CONSOLE(19)] "https://static-cdn.jtvnw.net/emoticons/v2/emotesv2_85614c587ccb4acca985fba71e7b4b8d/default/dark/2.0", source: http://localhost:57825/emote-rain.js (19)
[0706/175529.919:INFO:CONSOLE(19)] "https://static-cdn.jtvnw.net/emoticons/v2/emotesv2_ac4268d82dfa43718d9d5ac4e64471de/default/dark/2.0", source: http://localhost:57825/emote-rain.js (19)
[0706/175529.919:INFO:CONSOLE(19)] "https://static-cdn.jtvnw.net/emoticons/v2/emotesv2_2858876dd18c4b81815adb50ab35b6ae/default/dark/2.0", source: http://localhost:57825/emote-rain.js (19)
[0706/175529.919:INFO:CONSOLE(19)] "https://static-cdn.jtvnw.net/emoticons/v2/emotesv2_851f3e8feca745ee9964e1f1a1f17a63/default/dark/2.0", source: http://localhost:57825/emote-rain.js (19)
[0706/175529.919:INFO:CONSOLE(19)] "https://static-cdn.jtvnw.net/emoticons/v2/emotesv2_276ef9aa034149f19045a8f6e5355690/default/dark/2.0", source: http://localhost:57825/emote-rain.js (19)
[0706/175529.919:INFO:CONSOLE(19)] "https://static-cdn.jtvnw.net/emoticons/v2/emotesv2_dcd06b30a5c24f6eb871e8f5edbd44f7/default/dark/2.0", source: http://localhost:57825/emote-rain.js (19)
[0706/175529.919:INFO:CONSOLE(19)] "https://static-cdn.jtvnw.net/emoticons/v2/emotesv2_b0a698a09d50469b82f02656d444ae6e/default/dark/2.0", source: http://localhost:57825/emote-rain.js (19)
[0706/175529.919:INFO:CONSOLE(19)] "https://static-cdn.jtvnw.net/emoticons/v2/emotesv2_b0a698a09d50469b82f02656d444ae6e/default/dark/2.0", source: http://localhost:57825/emote-rain.js (19)
[0706/175529.919:INFO:CONSOLE(19)] "https://static-cdn.jtvnw.net/emoticons/v2/emotesv2_de292421686841cab72413471d0c34b1/default/dark/2.0", source: http://localhost:57825/emote-rain.js (19)
[0706/175529.919:INFO:CONSOLE(19)] "https://static-cdn.jtvnw.net/emoticons/v2/emotesv2_de292421686841cab72413471d0c34b1/default/dark/2.0", source: http://localhost:57825/emote-rain.js (19)
[0706/175529.919:INFO:CONSOLE(19)] "https://static-cdn.jtvnw.net/emoticons/v2/emotesv2_1aca565e82324eeab6298082a8d5e203/default/dark/2.0", source: http://localhost:57825/emote-rain.js (19)
[0706/175529.919:INFO:CONSOLE(19)] "https://static-cdn.jtvnw.net/emoticons/v2/emotesv2_9fff8ed8409443d09da9363181d2696f/default/dark/2.0", source: http://localhost:57825/emote-rain.js (19)
[0706/175529.919:INFO:CONSOLE(19)] "https://static-cdn.jtvnw.net/emoticons/v2/emotesv2_80371ffaff03479f9b63eb7f171ca2bf/default/dark/2.0", source: http://localhost:57825/emote-rain.js (19)
[0706/175530.261:WARNING:angle_platform_impl.cc(52)] compileToBinary(259): 
C:\fakepath(75,10-54): warning X3571: pow(f, e) will not work for negative f, use abs(f) or conditionally handle negative values if you expect them
C:\fakepath(97,10-54): warning X3571: pow(f, e) will not work for negative f, use abs(f) or conditionally handle negative values if you expect them

[0706/175532.771:INFO:CONSOLE(14)] "emotes: 0", source: http://localhost:57825/emote-rain.js (14)
[0706/175537.688:INFO:CONSOLE(14)] "emotes: 1", source: http://localhost:57825/emote-rain.js (14)
[0706/175537.688:INFO:CONSOLE(19)] "https://static-cdn.jtvnw.net/emoticons/v2/emotesv2_1b6dfd8935db4aab8a5d727a96c9fd0f/default/dark/2.0", source: http://localhost:57825/emote-rain.js (19)
[0706/175539.576:INFO:CONSOLE(14)] "emotes: 0", source: http://localhost:57825/emote-rain.js (14)
[0706/175638.656:ERROR:browser_process_sub_thread.cc(221)] Waited 16 ms for network service
[0706/175642.933:INFO:CONSOLE(33)] "[reward-notifications] script loaded", source: http://localhost:59400/reward-notifications.js (33)
[0706/175642.933:INFO:CONSOLE(60)] "[reward-notifications] listener attached", source: http://localhost:59400/reward-notifications.js (60)
[0706/175658.672:INFO:CONSOLE(419)] "[reward-notifications] event rewardName=SPLAT", source: http://localhost:59400/reward-notifications.js (419)
[0706/175658.673:INFO:CONSOLE(419)] "[reward-notifications] reward skipped: SPLAT", source: http://localhost:59400/reward-notifications.js (419)
[0706/175710.402:INFO:CONSOLE(14)] "emotes: 0", source: http://localhost:59400/emote-rain.js (14)
[0706/175720.640:INFO:CONSOLE(14)] "emotes: 0", source: http://localhost:59400/emote-rain.js (14)
[0706/175818.169:INFO:CONSOLE(14)] "emotes: 1", source: http://localhost:59400/emote-rain.js (14)
[0706/175818.169:INFO:CONSOLE(19)] "https://static-cdn.jtvnw.net/emoticons/v2/160392/default/dark/2.0", source: http://localhost:59400/emote-rain.js (19)
[0706/175838.693:ERROR:browser_process_sub_thread.cc(221)] Waited 12 ms for network service
[0706/175841.670:INFO:CONSOLE(33)] "[reward-notifications] script loaded", source: http://localhost:55378/reward-notifications.js (33)
[0706/175841.670:INFO:CONSOLE(60)] "[reward-notifications] listener attached", source: http://localhost:55378/reward-notifications.js (60)
[0706/175848.874:INFO:CONSOLE(14)] "emotes: 0", source: http://localhost:55378/emote-rain.js (14)
[0706/175853.517:INFO:CONSOLE(14)] "emotes: 0", source: http://localhost:55378/emote-rain.js (14)
[0706/175857.310:INFO:CONSOLE(14)] "emotes: 0", source: http://localhost:55378/emote-rain.js (14)
[0706/175906.849:INFO:CONSOLE(14)] "emotes: 0", source: http://localhost:55378/emote-rain.js (14)
[0706/175911.081:INFO:CONSOLE(14)] "emotes: 0", source: http://localhost:55378/emote-rain.js (14)
[0706/175922.305:INFO:CONSOLE(14)] "emotes: 0", source: http://localhost:55378/emote-rain.js (14)
[0706/175925.383:INFO:CONSOLE(14)] "emotes: 0", source: http://localhost:55378/emote-rain.js (14)
[0706/175940.772:INFO:CONSOLE(419)] "[reward-notifications] event rewardName=Тест", source: http://localhost:55378/reward-notifications.js (419)
[0706/175940.773:INFO:CONSOLE(419)] "[reward-notifications] reward matched: Тест group: Sport", source: http://localhost:55378/reward-notifications.js (419)
[0706/175957.454:INFO:CONSOLE(419)] "[reward-notifications] event rewardName=Тест", source: http://localhost:55378/reward-notifications.js (419)
[0706/175957.454:INFO:CONSOLE(419)] "[reward-notifications] reward matched: Тест group: Sport", source: http://localhost:55378/reward-notifications.js (419)
[0706/180021.133:INFO:CONSOLE(14)] "emotes: 0", source: http://localhost:55378/emote-rain.js (14)
[0706/180025.735:INFO:CONSOLE(419)] "[reward-notifications] event rewardName=Тест", source: http://localhost:55378/reward-notifications.js (419)
[0706/180025.735:INFO:CONSOLE(419)] "[reward-notifications] reward matched: Тест group: Sport", source: http://localhost:55378/reward-notifications.js (419)
[0706/180034.071:INFO:CONSOLE(14)] "emotes: 0", source: http://localhost:55378/emote-rain.js (14)
[0706/180043.471:INFO:CONSOLE(419)] "[reward-notifications] event rewardName=Тест", source: http://localhost:55378/reward-notifications.js (419)
[0706/180043.471:INFO:CONSOLE(419)] "[reward-notifications] reward matched: Тест group: Sport", source: http://localhost:55378/reward-notifications.js (419)
[0706/180057.324:INFO:CONSOLE(14)] "emotes: 8", source: http://localhost:55378/emote-rain.js (14)
[0706/180057.324:INFO:CONSOLE(19)] "https://cdn.jsdelivr.net/gh/jdecked/twemoji@16.0.0/assets/72x72/1f480.png", source: http://localhost:55378/emote-rain.js (19)
[0706/180057.324:INFO:CONSOLE(19)] "https://cdn.jsdelivr.net/gh/jdecked/twemoji@16.0.0/assets/72x72/1f480.png", source: http://localhost:55378/emote-rain.js (19)
[0706/180057.324:INFO:CONSOLE(19)] "https://cdn.jsdelivr.net/gh/jdecked/twemoji@16.0.0/assets/72x72/1f480.png", source: http://localhost:55378/emote-rain.js (19)
[0706/180057.324:INFO:CONSOLE(19)] "https://cdn.jsdelivr.net/gh/jdecked/twemoji@16.0.0/assets/72x72/1f480.png", source: http://localhost:55378/emote-rain.js (19)
[0706/180057.324:INFO:CONSOLE(19)] "https://cdn.jsdelivr.net/gh/jdecked/twemoji@16.0.0/assets/72x72/1f608.png", source: http://localhost:55378/emote-rain.js (19)
[0706/180057.324:INFO:CONSOLE(19)] "https://cdn.jsdelivr.net/gh/jdecked/twemoji@16.0.0/assets/72x72/1f608.png", source: http://localhost:55378/emote-rain.js (19)
[0706/180057.324:INFO:CONSOLE(19)] "https://cdn.jsdelivr.net/gh/jdecked/twemoji@16.0.0/assets/72x72/1f608.png", source: http://localhost:55378/emote-rain.js (19)
[0706/180057.324:INFO:CONSOLE(19)] "https://cdn.jsdelivr.net/gh/jdecked/twemoji@16.0.0/assets/72x72/1f60e.png", source: http://localhost:55378/emote-rain.js (19)
[0706/180145.385:INFO:CONSOLE(419)] "[reward-notifications] event rewardName=Водичка!", source: http://localhost:55378/reward-notifications.js (419)
[0706/180145.385:INFO:CONSOLE(419)] "[reward-notifications] reward skipped: Водичка!", source: http://localhost:55378/reward-notifications.js (419)
[0706/180206.772:INFO:CONSOLE(14)] "emotes: 0", source: http://localhost:55378/emote-rain.js (14)
[0706/180240.912:ERROR:browser_process_sub_thread.cc(221)] Waited 18 ms for network service
[0706/180248.058:INFO:CONSOLE(33)] "[reward-notifications] script loaded", source: http://localhost:61561/reward-notifications.js (33)
[0706/180248.059:INFO:CONSOLE(60)] "[reward-notifications] listener attached", source: http://localhost:61561/reward-notifications.js (60)
[0706/180304.576:INFO:CONSOLE(431)] "[reward-notifications] event rewardName=Тест", source: http://localhost:61561/reward-notifications.js (431)
[0706/180304.576:INFO:CONSOLE(431)] "[reward-notifications] reward matched: Тест group: Sport", source: http://localhost:61561/reward-notifications.js (431)
[0706/180351.234:INFO:CONSOLE(14)] "emotes: 0", source: http://localhost:61561/emote-rain.js (14)
[0706/180526.105:INFO:CONSOLE(14)] "emotes: 0", source: http://localhost:61561/emote-rain.js (14)
[0706/180602.524:ERROR:browser_process_sub_thread.cc(221)] Waited 15 ms for network service
[0706/180605.870:INFO:CONSOLE(33)] "[reward-notifications] script loaded", source: http://localhost:53192/reward-notifications.js (33)
[0706/180605.870:INFO:CONSOLE(60)] "[reward-notifications] listener attached", source: http://localhost:53192/reward-notifications.js (60)
[0706/180610.773:INFO:CONSOLE(431)] "[reward-notifications] event rewardName=SPLAT", source: http://localhost:53192/reward-notifications.js (431)
[0706/180610.773:INFO:CONSOLE(431)] "[reward-notifications] reward skipped: SPLAT", source: http://localhost:53192/reward-notifications.js (431)
[0706/180616.635:INFO:CONSOLE(431)] "[reward-notifications] event rewardName=Тест", source: http://localhost:53192/reward-notifications.js (431)
[0706/180616.635:INFO:CONSOLE(431)] "[reward-notifications] reward matched: Тест group: Sport", source: http://localhost:53192/reward-notifications.js (431)
[0706/180700.295:ERROR:browser_process_sub_thread.cc(221)] Waited 18 ms for network service
[0706/180703.938:INFO:CONSOLE(33)] "[reward-notifications] script loaded", source: http://localhost:58441/reward-notifications.js (33)
[0706/180703.938:INFO:CONSOLE(60)] "[reward-notifications] listener attached", source: http://localhost:58441/reward-notifications.js (60)
[0706/180706.666:INFO:CONSOLE(431)] "[reward-notifications] event rewardName=Тест", source: http://localhost:58441/reward-notifications.js (431)
[0706/180706.666:INFO:CONSOLE(431)] "[reward-notifications] reward matched: Тест group: Sport", source: http://localhost:58441/reward-notifications.js (431)
[0706/180756.831:INFO:CONSOLE(14)] "emotes: 18", source: http://localhost:58441/emote-rain.js (14)
[0706/180756.831:INFO:CONSOLE(19)] "https://static-cdn.jtvnw.net/emoticons/v2/emotesv2_bb63e32437774678b4594ccb18d9b3c1/default/dark/2.0", source: http://localhost:58441/emote-rain.js (19)
[0706/180756.831:INFO:CONSOLE(19)] "https://static-cdn.jtvnw.net/emoticons/v2/emotesv2_bb63e32437774678b4594ccb18d9b3c1/default/dark/2.0", source: http://localhost:58441/emote-rain.js (19)
[0706/180756.831:INFO:CONSOLE(19)] "https://static-cdn.jtvnw.net/emoticons/v2/emotesv2_bb63e32437774678b4594ccb18d9b3c1/default/dark/2.0", source: http://localhost:58441/emote-rain.js (19)
[0706/180756.831:INFO:CONSOLE(19)] "https://static-cdn.jtvnw.net/emoticons/v2/emotesv2_bb63e32437774678b4594ccb18d9b3c1/default/dark/2.0", source: http://localhost:58441/emote-rain.js (19)
[0706/180756.831:INFO:CONSOLE(19)] "https://static-cdn.jtvnw.net/emoticons/v2/emotesv2_bb63e32437774678b4594ccb18d9b3c1/default/dark/2.0", source: http://localhost:58441/emote-rain.js (19)
[0706/180756.831:INFO:CONSOLE(19)] "https://static-cdn.jtvnw.net/emoticons/v2/emotesv2_bb63e32437774678b4594ccb18d9b3c1/default/dark/2.0", source: http://localhost:58441/emote-rain.js (19)
[0706/180756.831:INFO:CONSOLE(19)] "https://static-cdn.jtvnw.net/emoticons/v2/emotesv2_bb63e32437774678b4594ccb18d9b3c1/default/dark/2.0", source: http://localhost:58441/emote-rain.js (19)
[0706/180756.831:INFO:CONSOLE(19)] "https://static-cdn.jtvnw.net/emoticons/v2/emotesv2_bb63e32437774678b4594ccb18d9b3c1/default/dark/2.0", source: http://localhost:58441/emote-rain.js (19)
[0706/180756.831:INFO:CONSOLE(19)] "https://static-cdn.jtvnw.net/emoticons/v2/emotesv2_bb63e32437774678b4594ccb18d9b3c1/default/dark/2.0", source: http://localhost:58441/emote-rain.js (19)
[0706/180756.831:INFO:CONSOLE(19)] "https://static-cdn.jtvnw.net/emoticons/v2/emotesv2_bb63e32437774678b4594ccb18d9b3c1/default/dark/2.0", source: http://localhost:58441/emote-rain.js (19)
[0706/180756.831:INFO:CONSOLE(19)] "https://static-cdn.jtvnw.net/emoticons/v2/emotesv2_bb63e32437774678b4594ccb18d9b3c1/default/dark/2.0", source: http://localhost:58441/emote-rain.js (19)
[0706/180756.831:INFO:CONSOLE(19)] "https://static-cdn.jtvnw.net/emoticons/v2/emotesv2_bb63e32437774678b4594ccb18d9b3c1/default/dark/2.0", source: http://localhost:58441/emote-rain.js (19)
[0706/180756.831:INFO:CONSOLE(19)] "https://static-cdn.jtvnw.net/emoticons/v2/emotesv2_bb63e32437774678b4594ccb18d9b3c1/default/dark/2.0", source: http://localhost:58441/emote-rain.js (19)
[0706/180756.831:INFO:CONSOLE(19)] "https://static-cdn.jtvnw.net/emoticons/v2/emotesv2_bb63e32437774678b4594ccb18d9b3c1/default/dark/2.0", source: http://localhost:58441/emote-rain.js (19)
[0706/180756.831:INFO:CONSOLE(19)] "https://static-cdn.jtvnw.net/emoticons/v2/emotesv2_bb63e32437774678b4594ccb18d9b3c1/default/dark/2.0", source: http://localhost:58441/emote-rain.js (19)
[0706/180756.831:INFO:CONSOLE(19)] "https://static-cdn.jtvnw.net/emoticons/v2/emotesv2_bb63e32437774678b4594ccb18d9b3c1/default/dark/2.0", source: http://localhost:58441/emote-rain.js (19)
[0706/180756.831:INFO:CONSOLE(19)] "https://static-cdn.jtvnw.net/emoticons/v2/emotesv2_bb63e32437774678b4594ccb18d9b3c1/default/dark/2.0", source: http://localhost:58441/emote-rain.js (19)
[0706/180756.831:INFO:CONSOLE(19)] "https://static-cdn.jtvnw.net/emoticons/v2/emotesv2_bb63e32437774678b4594ccb18d9b3c1/default/dark/2.0", source: http://localhost:58441/emote-rain.js (19)
[0706/180815.356:INFO:CONSOLE(14)] "emotes: 7", source: http://localhost:58441/emote-rain.js (14)
[0706/180815.356:INFO:CONSOLE(19)] "https://static-cdn.jtvnw.net/emoticons/v2/emotesv2_09a0aeda7a6b4722b97429ddb591e028/default/dark/2.0", source: http://localhost:58441/emote-rain.js (19)
[0706/180815.356:INFO:CONSOLE(19)] "https://static-cdn.jtvnw.net/emoticons/v2/emotesv2_09a0aeda7a6b4722b97429ddb591e028/default/dark/2.0", source: http://localhost:58441/emote-rain.js (19)
[0706/180815.356:INFO:CONSOLE(19)] "https://static-cdn.jtvnw.net/emoticons/v2/emotesv2_09a0aeda7a6b4722b97429ddb591e028/default/dark/2.0", source: http://localhost:58441/emote-rain.js (19)
[0706/180815.356:INFO:CONSOLE(19)] "https://static-cdn.jtvnw.net/emoticons/v2/emotesv2_09a0aeda7a6b4722b97429ddb591e028/default/dark/2.0", source: http://localhost:58441/emote-rain.js (19)
[0706/180815.356:INFO:CONSOLE(19)] "https://static-cdn.jtvnw.net/emoticons/v2/emotesv2_09a0aeda7a6b4722b97429ddb591e028/default/dark/2.0", source: http://localhost:58441/emote-rain.js (19)
[0706/180815.356:INFO:CONSOLE(19)] "https://static-cdn.jtvnw.net/emoticons/v2/emotesv2_09a0aeda7a6b4722b97429ddb591e028/default/dark/2.0", source: http://localhost:58441/emote-rain.js (19)
[0706/180815.357:INFO:CONSOLE(19)] "https://static-cdn.jtvnw.net/emoticons/v2/emotesv2_09a0aeda7a6b4722b97429ddb591e028/default/dark/2.0", source: http://localhost:58441/emote-rain.js (19)
[0706/180817.696:ERROR:browser_process_sub_thread.cc(221)] Waited 14 ms for network service
[0706/180927.522:INFO:CONSOLE(40)] "[reward-notifications] script loaded", source: http://localhost:49289/reward-notifications.js (40)
[0706/180927.522:INFO:CONSOLE(67)] "[reward-notifications] listener attached", source: http://localhost:49289/reward-notifications.js (67)
[0706/180928.577:INFO:CONSOLE(14)] "emotes: 25", source: http://localhost:49289/emote-rain.js (14)
[0706/180928.577:INFO:CONSOLE(19)] "https://static-cdn.jtvnw.net/emoticons/v2/emotesv2_8209d97b1d224d9487978b544537a1d5/default/dark/2.0", source: http://localhost:49289/emote-rain.js (19)
[0706/180928.577:INFO:CONSOLE(19)] "https://static-cdn.jtvnw.net/emoticons/v2/emotesv2_8209d97b1d224d9487978b544537a1d5/default/dark/2.0", source: http://localhost:49289/emote-rain.js (19)
[0706/180928.577:INFO:CONSOLE(19)] "https://static-cdn.jtvnw.net/emoticons/v2/emotesv2_8209d97b1d224d9487978b544537a1d5/default/dark/2.0", source: http://localhost:49289/emote-rain.js (19)
[0706/180928.577:INFO:CONSOLE(19)] "https://static-cdn.jtvnw.net/emoticons/v2/emotesv2_8209d97b1d224d9487978b544537a1d5/default/dark/2.0", source: http://localhost:49289/emote-rain.js (19)
[0706/180928.577:INFO:CONSOLE(19)] "https://static-cdn.jtvnw.net/emoticons/v2/emotesv2_8209d97b1d224d9487978b544537a1d5/default/dark/2.0", source: http://localhost:49289/emote-rain.js (19)
[0706/180928.577:INFO:CONSOLE(19)] "https://static-cdn.jtvnw.net/emoticons/v2/emotesv2_8209d97b1d224d9487978b544537a1d5/default/dark/2.0", source: http://localhost:49289/emote-rain.js (19)
[0706/180928.577:INFO:CONSOLE(19)] "https://static-cdn.jtvnw.net/emoticons/v2/emotesv2_8209d97b1d224d9487978b544537a1d5/default/dark/2.0", source: http://localhost:49289/emote-rain.js (19)
[0706/180928.577:INFO:CONSOLE(19)] "https://static-cdn.jtvnw.net/emoticons/v2/emotesv2_8209d97b1d224d9487978b544537a1d5/default/dark/2.0", source: http://localhost:49289/emote-rain.js (19)
[0706/180928.577:INFO:CONSOLE(19)] "https://static-cdn.jtvnw.net/emoticons/v2/emotesv2_8209d97b1d224d9487978b544537a1d5/default/dark/2.0", source: http://localhost:49289/emote-rain.js (19)
[0706/180928.577:INFO:CONSOLE(19)] "https://static-cdn.jtvnw.net/emoticons/v2/emotesv2_8209d97b1d224d9487978b544537a1d5/default/dark/2.0", source: http://localhost:49289/emote-rain.js (19)
[0706/180928.577:INFO:CONSOLE(19)] "https://static-cdn.jtvnw.net/emoticons/v2/emotesv2_8209d97b1d224d9487978b544537a1d5/default/dark/2.0", source: http://localhost:49289/emote-rain.js (19)
[0706/180928.577:INFO:CONSOLE(19)] "https://static-cdn.jtvnw.net/emoticons/v2/emotesv2_8209d97b1d224d9487978b544537a1d5/default/dark/2.0", source: http://localhost:49289/emote-rain.js (19)
[0706/180928.577:INFO:CONSOLE(19)] "https://static-cdn.jtvnw.net/emoticons/v2/emotesv2_8209d97b1d224d9487978b544537a1d5/default/dark/2.0", source: http://localhost:49289/emote-rain.js (19)
[0706/180928.577:INFO:CONSOLE(19)] "https://static-cdn.jtvnw.net/emoticons/v2/emotesv2_8209d97b1d224d9487978b544537a1d5/default/dark/2.0", source: http://localhost:49289/emote-rain.js (19)
[0706/180928.577:INFO:CONSOLE(19)] "https://static-cdn.jtvnw.net/emoticons/v2/emotesv2_09a0aeda7a6b4722b97429ddb591e028/default/dark/2.0", source: http://localhost:49289/emote-rain.js (19)
[0706/180928.578:INFO:CONSOLE(19)] "https://static-cdn.jtvnw.net/emoticons/v2/emotesv2_09a0aeda7a6b4722b97429ddb591e028/default/dark/2.0", source: http://localhost:49289/emote-rain.js (19)
[0706/180928.578:INFO:CONSOLE(19)] "https://static-cdn.jtvnw.net/emoticons/v2/emotesv2_09a0aeda7a6b4722b97429ddb591e028/default/dark/2.0", source: http://localhost:49289/emote-rain.js (19)
[0706/180928.578:INFO:CONSOLE(19)] "https://static-cdn.jtvnw.net/emoticons/v2/emotesv2_09a0aeda7a6b4722b97429ddb591e028/default/dark/2.0", source: http://localhost:49289/emote-rain.js (19)
[0706/180928.578:INFO:CONSOLE(19)] "https://static-cdn.jtvnw.net/emoticons/v2/emotesv2_09a0aeda7a6b4722b97429ddb591e028/default/dark/2.0", source: http://localhost:49289/emote-rain.js (19)
[0706/180928.578:INFO:CONSOLE(19)] "https://static-cdn.jtvnw.net/emoticons/v2/emotesv2_09a0aeda7a6b4722b97429ddb591e028/default/dark/2.0", source: http://localhost:49289/emote-rain.js (19)
[0706/180937.872:INFO:CONSOLE(14)] "emotes: 3", source: http://localhost:49289/emote-rain.js (14)
[0706/180937.872:INFO:CONSOLE(19)] "https://static-cdn.jtvnw.net/emoticons/v2/emotesv2_acd5c13e69d049068b50744b26e73794/default/dark/2.0", source: http://localhost:49289/emote-rain.js (19)
[0706/180937.872:INFO:CONSOLE(19)] "https://static-cdn.jtvnw.net/emoticons/v2/emotesv2_acd5c13e69d049068b50744b26e73794/default/dark/2.0", source: http://localhost:49289/emote-rain.js (19)
[0706/180937.872:INFO:CONSOLE(19)] "https://static-cdn.jtvnw.net/emoticons/v2/emotesv2_acd5c13e69d049068b50744b26e73794/default/dark/2.0", source: http://localhost:49289/emote-rain.js (19)
[0706/180950.982:INFO:CONSOLE(14)] "emotes: 4", source: http://localhost:49289/emote-rain.js (14)
[0706/180950.983:INFO:CONSOLE(19)] "https://static-cdn.jtvnw.net/emoticons/v2/emotesv2_8428d4ad358f46bab3635711ef903e9e/default/dark/2.0", source: http://localhost:49289/emote-rain.js (19)
[0706/180950.983:INFO:CONSOLE(19)] "https://static-cdn.jtvnw.net/emoticons/v2/emotesv2_8428d4ad358f46bab3635711ef903e9e/default/dark/2.0", source: http://localhost:49289/emote-rain.js (19)
[0706/180950.983:INFO:CONSOLE(19)] "https://static-cdn.jtvnw.net/emoticons/v2/emotesv2_8428d4ad358f46bab3635711ef903e9e/default/dark/2.0", source: http://localhost:49289/emote-rain.js (19)
[0706/180950.983:INFO:CONSOLE(19)] "https://static-cdn.jtvnw.net/emoticons/v2/emotesv2_8428d4ad358f46bab3635711ef903e9e/default/dark/2.0", source: http://localhost:49289/emote-rain.js (19)
[0706/181007.198:INFO:CONSOLE(14)] "emotes: 19", source: http://localhost:49289/emote-rain.js (14)
[0706/181007.198:INFO:CONSOLE(19)] "https://static-cdn.jtvnw.net/emoticons/v2/emotesv2_1b6dfd8935db4aab8a5d727a96c9fd0f/default/dark/2.0", source: http://localhost:49289/emote-rain.js (19)
[0706/181007.199:INFO:CONSOLE(19)] "https://static-cdn.jtvnw.net/emoticons/v2/emotesv2_1b6dfd8935db4aab8a5d727a96c9fd0f/default/dark/2.0", source: http://localhost:49289/emote-rain.js (19)
[0706/181007.199:INFO:CONSOLE(19)] "https://static-cdn.jtvnw.net/emoticons/v2/emotesv2_1b6dfd8935db4aab8a5d727a96c9fd0f/default/dark/2.0", source: http://localhost:49289/emote-rain.js (19)
[0706/181007.199:INFO:CONSOLE(19)] "https://static-cdn.jtvnw.net/emoticons/v2/emotesv2_1b6dfd8935db4aab8a5d727a96c9fd0f/default/dark/2.0", source: http://localhost:49289/emote-rain.js (19)
[0706/181007.200:INFO:CONSOLE(19)] "https://static-cdn.jtvnw.net/emoticons/v2/emotesv2_1b6dfd8935db4aab8a5d727a96c9fd0f/default/dark/2.0", source: http://localhost:49289/emote-rain.js (19)
[0706/181007.200:INFO:CONSOLE(19)] "https://static-cdn.jtvnw.net/emoticons/v2/emotesv2_1b6dfd8935db4aab8a5d727a96c9fd0f/default/dark/2.0", source: http://localhost:49289/emote-rain.js (19)
[0706/181007.200:INFO:CONSOLE(19)] "https://static-cdn.jtvnw.net/emoticons/v2/emotesv2_1b6dfd8935db4aab8a5d727a96c9fd0f/default/dark/2.0", source: http://localhost:49289/emote-rain.js (19)
[0706/181007.200:INFO:CONSOLE(19)] "https://static-cdn.jtvnw.net/emoticons/v2/emotesv2_1b6dfd8935db4aab8a5d727a96c9fd0f/default/dark/2.0", source: http://localhost:49289/emote-rain.js (19)
[0706/181007.200:INFO:CONSOLE(19)] "https://static-cdn.jtvnw.net/emoticons/v2/emotesv2_1b6dfd8935db4aab8a5d727a96c9fd0f/default/dark/2.0", source: http://localhost:49289/emote-rain.js (19)
[0706/181007.200:INFO:CONSOLE(19)] "https://static-cdn.jtvnw.net/emoticons/v2/emotesv2_1b6dfd8935db4aab8a5d727a96c9fd0f/default/dark/2.0", source: http://localhost:49289/emote-rain.js (19)
[0706/181007.200:INFO:CONSOLE(19)] "https://static-cdn.jtvnw.net/emoticons/v2/emotesv2_1b6dfd8935db4aab8a5d727a96c9fd0f/default/dark/2.0", source: http://localhost:49289/emote-rain.js (19)
[0706/181007.200:INFO:CONSOLE(19)] "https://static-cdn.jtvnw.net/emoticons/v2/emotesv2_1b6dfd8935db4aab8a5d727a96c9fd0f/default/dark/2.0", source: http://localhost:49289/emote-rain.js (19)
[0706/181007.200:INFO:CONSOLE(19)] "https://static-cdn.jtvnw.net/emoticons/v2/emotesv2_1b6dfd8935db4aab8a5d727a96c9fd0f/default/dark/2.0", source: http://localhost:49289/emote-rain.js (19)
[0706/181007.200:INFO:CONSOLE(19)] "https://static-cdn.jtvnw.net/emoticons/v2/emotesv2_1b6dfd8935db4aab8a5d727a96c9fd0f/default/dark/2.0", source: http://localhost:49289/emote-rain.js (19)
[0706/181007.200:INFO:CONSOLE(19)] "https://static-cdn.jtvnw.net/emoticons/v2/emotesv2_1b6dfd8935db4aab8a5d727a96c9fd0f/default/dark/2.0", source: http://localhost:49289/emote-rain.js (19)
[0706/181007.200:INFO:CONSOLE(19)] "https://static-cdn.jtvnw.net/emoticons/v2/emotesv2_1b6dfd8935db4aab8a5d727a96c9fd0f/default/dark/2.0", source: http://localhost:49289/emote-rain.js (19)
[0706/181007.200:INFO:CONSOLE(19)] "https://static-cdn.jtvnw.net/emoticons/v2/emotesv2_1b6dfd8935db4aab8a5d727a96c9fd0f/default/dark/2.0", source: http://localhost:49289/emote-rain.js (19)
[0706/181007.200:INFO:CONSOLE(19)] "https://static-cdn.jtvnw.net/emoticons/v2/emotesv2_1b6dfd8935db4aab8a5d727a96c9fd0f/default/dark/2.0", source: http://localhost:49289/emote-rain.js (19)
[0706/181007.200:INFO:CONSOLE(19)] "https://static-cdn.jtvnw.net/emoticons/v2/emotesv2_1b6dfd8935db4aab8a5d727a96c9fd0f/default/dark/2.0", source: http://localhost:49289/emote-rain.js (19)
[0706/181009.026:INFO:CONSOLE(443)] "[reward-notifications] event rewardName=Тест", source: http://localhost:49289/reward-notifications.js (443)
[0706/181009.027:INFO:CONSOLE(443)] "[reward-notifications] reward matched: Тест group: Sport", source: http://localhost:49289/reward-notifications.js (443)
[0706/181019.422:INFO:CONSOLE(14)] "emotes: 0", source: http://localhost:49289/emote-rain.js (14)
[0706/181124.681:ERROR:browser_process_sub_thread.cc(221)] Waited 12 ms for network service
[0706/181148.976:INFO:CONSOLE(43)] "[reward-notifications] script loaded", source: http://localhost:52753/reward-notifications.js (43)
[0706/181148.976:INFO:CONSOLE(70)] "[reward-notifications] listener attached", source: http://localhost:52753/reward-notifications.js (70)
[0706/181154.042:INFO:CONSOLE(467)] "[reward-notifications] event rewardName=Тест", source: http://localhost:52753/reward-notifications.js (467)
[0706/181154.043:INFO:CONSOLE(467)] "[reward-notifications] reward matched: Тест group: Sport", source: http://localhost:52753/reward-notifications.js (467)
[0706/181206.876:INFO:CONSOLE(467)] "[reward-notifications] event rewardName=Тест", source: http://localhost:52753/reward-notifications.js (467)
[0706/181206.876:INFO:CONSOLE(467)] "[reward-notifications] reward matched: Тест group: Sport", source: http://localhost:52753/reward-notifications.js (467)
[0706/181228.806:ERROR:browser_process_sub_thread.cc(221)] Waited 11 ms for network service
[0706/181231.300:INFO:CONSOLE(33)] "[reward-notifications] script loaded", source: http://localhost:53875/reward-notifications.js (33)
[0706/181231.300:INFO:CONSOLE(60)] "[reward-notifications] listener attached", source: http://localhost:53875/reward-notifications.js (60)
[0706/181233.677:INFO:CONSOLE(431)] "[reward-notifications] event rewardName=Тест", source: http://localhost:53875/reward-notifications.js (431)
[0706/181233.677:INFO:CONSOLE(431)] "[reward-notifications] reward matched: Тест group: Sport", source: http://localhost:53875/reward-notifications.js (431)
[0706/181509.138:INFO:CONSOLE(431)] "[reward-notifications] event rewardName=Заказ песни", source: http://localhost:53875/reward-notifications.js (431)
[0706/181509.138:INFO:CONSOLE(431)] "[reward-notifications] reward skipped: Заказ песни", source: http://localhost:53875/reward-notifications.js (431)
[0706/181651.968:INFO:CONSOLE(431)] "[reward-notifications] event rewardName=Заказ песни", source: http://localhost:53875/reward-notifications.js (431)
[0706/181651.968:INFO:CONSOLE(431)] "[reward-notifications] reward skipped: Заказ песни", source: http://localhost:53875/reward-notifications.js (431)
[0706/181713.259:INFO:CONSOLE(14)] "emotes: 0", source: http://localhost:53875/emote-rain.js (14)
[0706/181725.589:INFO:CONSOLE(14)] "emotes: 0", source: http://localhost:53875/emote-rain.js (14)
[0706/181919.168:INFO:CONSOLE(14)] "emotes: 0", source: http://localhost:53875/emote-rain.js (14)
[0706/182026.098:INFO:CONSOLE(43)] "[reward-notifications] script loaded", source: http://localhost:61786/reward-notifications.js (43)
[0706/182026.098:INFO:CONSOLE(70)] "[reward-notifications] listener attached", source: http://localhost:61786/reward-notifications.js (70)
[0706/182031.023:INFO:CONSOLE(431)] "[reward-notifications] event rewardName=Заказ песни", source: http://localhost:53875/reward-notifications.js (431)
[0706/182031.023:INFO:CONSOLE(431)] "[reward-notifications] reward skipped: Заказ песни", source: http://localhost:53875/reward-notifications.js (431)
[0706/182031.023:INFO:CONSOLE(441)] "[reward-notifications] event rewardName=Заказ песни", source: http://localhost:61786/reward-notifications.js (441)
[0706/182031.023:INFO:CONSOLE(441)] "[reward-notifications] reward skipped: Заказ песни", source: http://localhost:61786/reward-notifications.js (441)
[0706/182045.320:INFO:CONSOLE(14)] "emotes: 0", source: http://localhost:53875/emote-rain.js (14)
[0706/182045.320:INFO:CONSOLE(14)] "emotes: 0", source: http://localhost:61786/emote-rain.js (14)
[0706/182051.016:INFO:CONSOLE(431)] "[reward-notifications] event rewardName=Ровнее спинку!", source: http://localhost:53875/reward-notifications.js (431)
[0706/182051.016:INFO:CONSOLE(441)] "[reward-notifications] event rewardName=Ровнее спинку!", source: http://localhost:61786/reward-notifications.js (441)
[0706/182051.016:INFO:CONSOLE(431)] "[reward-notifications] reward skipped: Ровнее спинку!", source: http://localhost:53875/reward-notifications.js (431)
[0706/182051.016:INFO:CONSOLE(441)] "[reward-notifications] reward matched: Ровнее спинку! group: Gears", source: http://localhost:61786/reward-notifications.js (441)
[0706/182051.526:INFO:CONSOLE(431)] "[reward-notifications] event rewardName=Ровнее спинку!", source: http://localhost:53875/reward-notifications.js (431)
[0706/182051.526:INFO:CONSOLE(441)] "[reward-notifications] event rewardName=Ровнее спинку!", source: http://localhost:61786/reward-notifications.js (441)
[0706/182051.526:INFO:CONSOLE(431)] "[reward-notifications] reward skipped: Ровнее спинку!", source: http://localhost:53875/reward-notifications.js (431)
[0706/182051.526:INFO:CONSOLE(441)] "[reward-notifications] reward matched: Ровнее спинку! group: Gears", source: http://localhost:61786/reward-notifications.js (441)
[0706/182107.776:INFO:CONSOLE(431)] "[reward-notifications] event rewardName=Водичка!", source: http://localhost:53875/reward-notifications.js (431)
[0706/182107.776:INFO:CONSOLE(441)] "[reward-notifications] event rewardName=Водичка!", source: http://localhost:61786/reward-notifications.js (441)
[0706/182107.776:INFO:CONSOLE(441)] "[reward-notifications] reward matched: Водичка! group: Gears", source: http://localhost:61786/reward-notifications.js (441)
[0706/182107.776:INFO:CONSOLE(431)] "[reward-notifications] reward skipped: Водичка!", source: http://localhost:53875/reward-notifications.js (431)
[0706/182242.670:INFO:CONSOLE(14)] "emotes: 0", source: http://localhost:53875/emote-rain.js (14)
[0706/182242.670:INFO:CONSOLE(14)] "emotes: 0", source: http://localhost:61786/emote-rain.js (14)
[0706/182243.908:ERROR:browser_process_sub_thread.cc(221)] Waited 20 ms for network service
[0706/182246.244:INFO:CONSOLE(14)] "emotes: 0", source: http://localhost:61786/emote-rain.js (14)
[0706/182333.289:INFO:CONSOLE(14)] "emotes: 0", source: http://localhost:61786/emote-rain.js (14)
[0706/182341.349:INFO:CONSOLE(14)] "emotes: 0", source: http://localhost:61786/emote-rain.js (14)
[0706/182345.940:INFO:CONSOLE(441)] "[reward-notifications] event rewardName=Тест", source: http://localhost:61786/reward-notifications.js (441)
[0706/182345.940:INFO:CONSOLE(441)] "[reward-notifications] reward matched: Тест group: Sport", source: http://localhost:61786/reward-notifications.js (441)
[0706/182356.668:INFO:CONSOLE(14)] "emotes: 0", source: http://localhost:61786/emote-rain.js (14)
[0706/183011.724:INFO:CONSOLE(14)] "emotes: 0", source: http://localhost:61786/emote-rain.js (14)
[0706/183044.405:INFO:CONSOLE(14)] "emotes: 0", source: http://localhost:61786/emote-rain.js (14)
[0706/183524.789:INFO:CONSOLE(14)] "emotes: 0", source: http://localhost:61786/emote-rain.js (14)
[0706/183543.822:INFO:CONSOLE(14)] "emotes: 0", source: http://localhost:61786/emote-rain.js (14)
[0706/183554.866:INFO:CONSOLE(14)] "emotes: 0", source: http://localhost:61786/emote-rain.js (14)
[0706/183602.838:INFO:CONSOLE(14)] "emotes: 0", source: http://localhost:61786/emote-rain.js (14)
[0706/184608.432:INFO:CONSOLE(14)] "emotes: 0", source: http://localhost:61786/emote-rain.js (14)
[0706/184617.160:INFO:CONSOLE(14)] "emotes: 12", source: http://localhost:61786/emote-rain.js (14)
[0706/184617.160:INFO:CONSOLE(19)] "https://static-cdn.jtvnw.net/emoticons/v2/emotesv2_09a0aeda7a6b4722b97429ddb591e028/default/dark/2.0", source: http://localhost:61786/emote-rain.js (19)
[0706/184617.160:INFO:CONSOLE(19)] "https://static-cdn.jtvnw.net/emoticons/v2/emotesv2_09a0aeda7a6b4722b97429ddb591e028/default/dark/2.0", source: http://localhost:61786/emote-rain.js (19)
[0706/184617.160:INFO:CONSOLE(19)] "https://static-cdn.jtvnw.net/emoticons/v2/emotesv2_09a0aeda7a6b4722b97429ddb591e028/default/dark/2.0", source: http://localhost:61786/emote-rain.js (19)
[0706/184617.160:INFO:CONSOLE(19)] "https://static-cdn.jtvnw.net/emoticons/v2/emotesv2_09a0aeda7a6b4722b97429ddb591e028/default/dark/2.0", source: http://localhost:61786/emote-rain.js (19)
[0706/184617.160:INFO:CONSOLE(19)] "https://static-cdn.jtvnw.net/emoticons/v2/emotesv2_09a0aeda7a6b4722b97429ddb591e028/default/dark/2.0", source: http://localhost:61786/emote-rain.js (19)
[0706/184617.160:INFO:CONSOLE(19)] "https://static-cdn.jtvnw.net/emoticons/v2/emotesv2_09a0aeda7a6b4722b97429ddb591e028/default/dark/2.0", source: http://localhost:61786/emote-rain.js (19)
[0706/184617.160:INFO:CONSOLE(19)] "https://static-cdn.jtvnw.net/emoticons/v2/emotesv2_09a0aeda7a6b4722b97429ddb591e028/default/dark/2.0", source: http://localhost:61786/emote-rain.js (19)
[0706/184617.160:INFO:CONSOLE(19)] "https://static-cdn.jtvnw.net/emoticons/v2/emotesv2_09a0aeda7a6b4722b97429ddb591e028/default/dark/2.0", source: http://localhost:61786/emote-rain.js (19)
[0706/184617.160:INFO:CONSOLE(19)] "https://static-cdn.jtvnw.net/emoticons/v2/emotesv2_09a0aeda7a6b4722b97429ddb591e028/default/dark/2.0", source: http://localhost:61786/emote-rain.js (19)
[0706/184617.160:INFO:CONSOLE(19)] "https://static-cdn.jtvnw.net/emoticons/v2/emotesv2_09a0aeda7a6b4722b97429ddb591e028/default/dark/2.0", source: http://localhost:61786/emote-rain.js (19)
[0706/184617.160:INFO:CONSOLE(19)] "https://static-cdn.jtvnw.net/emoticons/v2/emotesv2_09a0aeda7a6b4722b97429ddb591e028/default/dark/2.0", source: http://localhost:61786/emote-rain.js (19)
[0706/184617.160:INFO:CONSOLE(19)] "https://static-cdn.jtvnw.net/emoticons/v2/emotesv2_09a0aeda7a6b4722b97429ddb591e028/default/dark/2.0", source: http://localhost:61786/emote-rain.js (19)
[0706/184731.521:INFO:CONSOLE(14)] "emotes: 0", source: http://localhost:61786/emote-rain.js (14)
[0706/184750.245:INFO:CONSOLE(14)] "emotes: 0", source: http://localhost:61786/emote-rain.js (14)
[0706/184800.573:INFO:CONSOLE(14)] "emotes: 0", source: http://localhost:61786/emote-rain.js (14)
[0706/185053.922:INFO:CONSOLE(14)] "emotes: 0", source: http://localhost:61786/emote-rain.js (14)
[0706/185132.091:INFO:CONSOLE(14)] "emotes: 8", source: http://localhost:61786/emote-rain.js (14)
[0706/185132.091:INFO:CONSOLE(19)] "https://static-cdn.jtvnw.net/emoticons/v2/555555584/default/dark/2.0", source: http://localhost:61786/emote-rain.js (19)
[0706/185132.091:INFO:CONSOLE(19)] "https://static-cdn.jtvnw.net/emoticons/v2/47/default/dark/2.0", source: http://localhost:61786/emote-rain.js (19)
[0706/185132.091:INFO:CONSOLE(19)] "https://static-cdn.jtvnw.net/emoticons/v2/47/default/dark/2.0", source: http://localhost:61786/emote-rain.js (19)
[0706/185132.091:INFO:CONSOLE(19)] "https://static-cdn.jtvnw.net/emoticons/v2/47/default/dark/2.0", source: http://localhost:61786/emote-rain.js (19)
[0706/185132.091:INFO:CONSOLE(19)] "https://static-cdn.jtvnw.net/emoticons/v2/47/default/dark/2.0", source: http://localhost:61786/emote-rain.js (19)
[0706/185132.091:INFO:CONSOLE(19)] "https://static-cdn.jtvnw.net/emoticons/v2/47/default/dark/2.0", source: http://localhost:61786/emote-rain.js (19)
[0706/185132.091:INFO:CONSOLE(19)] "https://static-cdn.jtvnw.net/emoticons/v2/47/default/dark/2.0", source: http://localhost:61786/emote-rain.js (19)
[0706/185132.091:INFO:CONSOLE(19)] "https://static-cdn.jtvnw.net/emoticons/v2/47/default/dark/2.0", source: http://localhost:61786/emote-rain.js (19)
[0706/185243.533:INFO:CONSOLE(441)] "[reward-notifications] event rewardName=Скип песни", source: http://localhost:61786/reward-notifications.js (441)
[0706/185243.533:INFO:CONSOLE(441)] "[reward-notifications] reward skipped: Скип песни", source: http://localhost:61786/reward-notifications.js (441)
[0706/185259.155:INFO:CONSOLE(14)] "emotes: 0", source: http://localhost:61786/emote-rain.js (14)
[0706/185309.913:INFO:CONSOLE(14)] "emotes: 0", source: http://localhost:61786/emote-rain.js (14)
[0706/185510.130:INFO:CONSOLE(441)] "[reward-notifications] event rewardName=Тест", source: http://localhost:61786/reward-notifications.js (441)
[0706/185510.132:INFO:CONSOLE(441)] "[reward-notifications] reward matched: Тест group: Sport", source: http://localhost:61786/reward-notifications.js (441)
[0706/190040.071:ERROR:browser_process_sub_thread.cc(221)] Waited 20 ms for network service
[0706/190046.403:INFO:CONSOLE(43)] "[reward-notifications] script loaded", source: http://localhost:52635/reward-notifications.js (43)
[0706/190046.403:INFO:CONSOLE(70)] "[reward-notifications] listener attached", source: http://localhost:52635/reward-notifications.js (70)
[0706/190110.928:INFO:CONSOLE(441)] "[reward-notifications] event rewardName=Тест", source: http://localhost:52635/reward-notifications.js (441)
[0706/190110.928:INFO:CONSOLE(441)] "[reward-notifications] reward matched: Тест group: Sport", source: http://localhost:52635/reward-notifications.js (441)
[0706/190125.273:INFO:CONSOLE(441)] "[reward-notifications] event rewardName=Тест", source: http://localhost:52635/reward-notifications.js (441)
[0706/190125.273:INFO:CONSOLE(441)] "[reward-notifications] reward matched: Тест group: Sport", source: http://localhost:52635/reward-notifications.js (441)
[0706/190155.875:INFO:CONSOLE(441)] "[reward-notifications] event rewardName=Ровнее спинку!", source: http://localhost:52635/reward-notifications.js (441)
[0706/190155.875:INFO:CONSOLE(441)] "[reward-notifications] reward matched: Ровнее спинку! group: Gears", source: http://localhost:52635/reward-notifications.js (441)
[0706/190156.308:INFO:CONSOLE(14)] "emotes: 0", source: http://localhost:52635/emote-rain.js (14)
[0706/190215.843:INFO:CONSOLE(441)] "[reward-notifications] event rewardName=Пресс", source: http://localhost:52635/reward-notifications.js (441)
[0706/190215.843:INFO:CONSOLE(441)] "[reward-notifications] reward matched: Пресс group: Sport", source: http://localhost:52635/reward-notifications.js (441)
[0706/190229.321:INFO:CONSOLE(14)] "emotes: 0", source: http://localhost:52635/emote-rain.js (14)
[0706/190925.076:INFO:CONSOLE(441)] "[reward-notifications] event rewardName=Тест", source: http://localhost:52635/reward-notifications.js (441)
[0706/190925.076:INFO:CONSOLE(441)] "[reward-notifications] reward matched: Тест group: Sport", source: http://localhost:52635/reward-notifications.js (441)
[0706/190936.974:INFO:CONSOLE(441)] "[reward-notifications] event rewardName=Тест", source: http://localhost:52635/reward-notifications.js (441)
[0706/190936.974:INFO:CONSOLE(441)] "[reward-notifications] reward matched: Тест group: Sport", source: http://localhost:52635/reward-notifications.js (441)
[0706/190951.970:INFO:CONSOLE(441)] "[reward-notifications] event rewardName=Тест", source: http://localhost:52635/reward-notifications.js (441)
[0706/190951.970:INFO:CONSOLE(441)] "[reward-notifications] reward matched: Тест group: Sport", source: http://localhost:52635/reward-notifications.js (441)
[0706/191045.356:INFO:CONSOLE(441)] "[reward-notifications] event rewardName=Тест", source: http://localhost:52635/reward-notifications.js (441)
[0706/191045.357:INFO:CONSOLE(441)] "[reward-notifications] reward matched: Тест group: Sport", source: http://localhost:52635/reward-notifications.js (441)
[0706/195111.808:INFO:CONSOLE(14)] "emotes: 0", source: http://localhost:52635/emote-rain.js (14)
[0706/195131.849:INFO:CONSOLE(14)] "emotes: 0", source: http://localhost:52635/emote-rain.js (14)
[0706/195148.624:INFO:CONSOLE(14)] "emotes: 0", source: http://localhost:52635/emote-rain.js (14)
[0706/195206.301:INFO:CONSOLE(14)] "emotes: 0", source: http://localhost:52635/emote-rain.js (14)
[0706/195418.295:INFO:CONSOLE(441)] "[reward-notifications] event rewardName=Отжимания", source: http://localhost:52635/reward-notifications.js (441)
[0706/195418.295:INFO:CONSOLE(441)] "[reward-notifications] reward matched: Отжимания group: Sport", source: http://localhost:52635/reward-notifications.js (441)
[0706/195525.080:INFO:CONSOLE(14)] "emotes: 0", source: http://localhost:52635/emote-rain.js (14)
[0706/195534.618:INFO:CONSOLE(441)] "[reward-notifications] event rewardName=Приседания", source: http://localhost:52635/reward-notifications.js (441)
[0706/195534.618:INFO:CONSOLE(441)] "[reward-notifications] reward matched: Приседания group: Sport", source: http://localhost:52635/reward-notifications.js (441)
[0706/195613.635:INFO:CONSOLE(14)] "emotes: 0", source: http://localhost:52635/emote-rain.js (14)
[0706/195655.970:INFO:CONSOLE(14)] "emotes: 0", source: http://localhost:52635/emote-rain.js (14)
[0706/195823.384:INFO:CONSOLE(14)] "emotes: 0", source: http://localhost:52635/emote-rain.js (14)
[0706/195932.144:INFO:CONSOLE(441)] "[reward-notifications] event rewardName=Планка", source: http://localhost:52635/reward-notifications.js (441)
[0706/195932.144:INFO:CONSOLE(441)] "[reward-notifications] reward matched: Планка group: Sport", source: http://localhost:52635/reward-notifications.js (441)
[0706/200503.727:INFO:CONSOLE(441)] "[reward-notifications] event rewardName=Пресс", source: http://localhost:52635/reward-notifications.js (441)
[0706/200503.727:INFO:CONSOLE(441)] "[reward-notifications] reward matched: Пресс group: Sport", source: http://localhost:52635/reward-notifications.js (441)
[0706/200522.885:INFO:CONSOLE(14)] "emotes: 0", source: http://localhost:52635/emote-rain.js (14)
[0706/200633.999:INFO:CONSOLE(14)] "emotes: 0", source: http://localhost:52635/emote-rain.js (14)
[0706/200647.323:INFO:CONSOLE(14)] "emotes: 0", source: http://localhost:52635/emote-rain.js (14)
[0706/200805.501:INFO:CONSOLE(441)] "[reward-notifications] event rewardName=Тест", source: http://localhost:52635/reward-notifications.js (441)
[0706/200805.501:INFO:CONSOLE(441)] "[reward-notifications] reward matched: Тест group: Sport", source: http://localhost:52635/reward-notifications.js (441)
[0706/200821.885:INFO:CONSOLE(441)] "[reward-notifications] event rewardName=Бицепс", source: http://localhost:52635/reward-notifications.js (441)
[0706/200821.885:INFO:CONSOLE(441)] "[reward-notifications] reward skipped: Бицепс", source: http://localhost:52635/reward-notifications.js (441)
[0706/202014.020:INFO:CONSOLE(14)] "emotes: 0", source: http://localhost:52635/emote-rain.js (14)
[0706/202051.584:INFO:CONSOLE(14)] "emotes: 0", source: http://localhost:52635/emote-rain.js (14)
[0706/205607.307:INFO:CONSOLE(14)] "emotes: 0", source: http://localhost:52635/emote-rain.js (14)
[0706/210605.485:INFO:CONSOLE(176)] "WebSocket connection to 'ws://127.0.0.1:8080/' failed: Error in connection establishment: net::ERR_CONNECTION_REFUSED", source: https://cdn.skypack.dev/-/@streamerbot/client@v1.12.2-9BnWw0CDQ2fH1klZ4JSh/dist=es2019,mode=imports/optimized/@streamerbot/client.js (176)
[0706/210605.487:INFO:CONSOLE(83)] "Failed to reconnect (attempt 1)", source: https://cdn.skypack.dev/-/@streamerbot/client@v1.12.2-9BnWw0CDQ2fH1klZ4JSh/dist=es2019,mode=imports/optimized/@streamerbot/client.js (83)
[0706/210609.509:INFO:CONSOLE(176)] "WebSocket connection to 'ws://127.0.0.1:8080/' failed: Error in connection establishment: net::ERR_CONNECTION_REFUSED", source: https://cdn.skypack.dev/-/@streamerbot/client@v1.12.2-9BnWw0CDQ2fH1klZ4JSh/dist=es2019,mode=imports/optimized/@streamerbot/client.js (176)
[0706/210609.509:INFO:CONSOLE(83)] "Failed to reconnect (attempt 2)", source: https://cdn.skypack.dev/-/@streamerbot/client@v1.12.2-9BnWw0CDQ2fH1klZ4JSh/dist=es2019,mode=imports/optimized/@streamerbot/client.js (83)
[0706/210614.554:INFO:CONSOLE(176)] "WebSocket connection to 'ws://127.0.0.1:8080/' failed: Error in connection establishment: net::ERR_CONNECTION_REFUSED", source: https://cdn.skypack.dev/-/@streamerbot/client@v1.12.2-9BnWw0CDQ2fH1klZ4JSh/dist=es2019,mode=imports/optimized/@streamerbot/client.js (176)
[0706/210614.554:INFO:CONSOLE(83)] "Failed to reconnect (attempt 3)", source: https://cdn.skypack.dev/-/@streamerbot/client@v1.12.2-9BnWw0CDQ2fH1klZ4JSh/dist=es2019,mode=imports/optimized/@streamerbot/client.js (83)
[0706/210620.590:INFO:CONSOLE(176)] "WebSocket connection to 'ws://127.0.0.1:8080/' failed: Error in connection establishment: net::ERR_CONNECTION_REFUSED", source: https://cdn.skypack.dev/-/@streamerbot/client@v1.12.2-9BnWw0CDQ2fH1klZ4JSh/dist=es2019,mode=imports/optimized/@streamerbot/client.js (176)
[0706/210620.590:INFO:CONSOLE(83)] "Failed to reconnect (attempt 4)", source: https://cdn.skypack.dev/-/@streamerbot/client@v1.12.2-9BnWw0CDQ2fH1klZ4JSh/dist=es2019,mode=imports/optimized/@streamerbot/client.js (83)
[0706/210627.626:INFO:CONSOLE(176)] "WebSocket connection to 'ws://127.0.0.1:8080/' failed: Error in connection establishment: net::ERR_CONNECTION_REFUSED", source: https://cdn.skypack.dev/-/@streamerbot/client@v1.12.2-9BnWw0CDQ2fH1klZ4JSh/dist=es2019,mode=imports/optimized/@streamerbot/client.js (176)
[0706/210627.626:INFO:CONSOLE(83)] "Failed to reconnect (attempt 5)", source: https://cdn.skypack.dev/-/@streamerbot/client@v1.12.2-9BnWw0CDQ2fH1klZ4JSh/dist=es2019,mode=imports/optimized/@streamerbot/client.js (83)
[0706/210635.677:INFO:CONSOLE(176)] "WebSocket connection to 'ws://127.0.0.1:8080/' failed: Error in connection establishment: net::ERR_CONNECTION_REFUSED", source: https://cdn.skypack.dev/-/@streamerbot/client@v1.12.2-9BnWw0CDQ2fH1klZ4JSh/dist=es2019,mode=imports/optimized/@streamerbot/client.js (176)
[0706/210635.677:INFO:CONSOLE(83)] "Failed to reconnect (attempt 6)", source: https://cdn.skypack.dev/-/@streamerbot/client@v1.12.2-9BnWw0CDQ2fH1klZ4JSh/dist=es2019,mode=imports/optimized/@streamerbot/client.js (83)
[0706/210644.725:INFO:CONSOLE(176)] "WebSocket connection to 'ws://127.0.0.1:8080/' failed: Error in connection establishment: net::ERR_CONNECTION_REFUSED", source: https://cdn.skypack.dev/-/@streamerbot/client@v1.12.2-9BnWw0CDQ2fH1klZ4JSh/dist=es2019,mode=imports/optimized/@streamerbot/client.js (176)
[0706/210644.725:INFO:CONSOLE(83)] "Failed to reconnect (attempt 7)", source: https://cdn.skypack.dev/-/@streamerbot/client@v1.12.2-9BnWw0CDQ2fH1klZ4JSh/dist=es2019,mode=imports/optimized/@streamerbot/client.js (83)
[0706/210654.785:INFO:CONSOLE(176)] "WebSocket connection to 'ws://127.0.0.1:8080/' failed: Error in connection establishment: net::ERR_CONNECTION_REFUSED", source: https://cdn.skypack.dev/-/@streamerbot/client@v1.12.2-9BnWw0CDQ2fH1klZ4JSh/dist=es2019,mode=imports/optimized/@streamerbot/client.js (176)
[0706/210654.785:INFO:CONSOLE(83)] "Failed to reconnect (attempt 8)", source: https://cdn.skypack.dev/-/@streamerbot/client@v1.12.2-9BnWw0CDQ2fH1klZ4JSh/dist=es2019,mode=imports/optimized/@streamerbot/client.js (83)
[0706/210705.855:INFO:CONSOLE(176)] "WebSocket connection to 'ws://127.0.0.1:8080/' failed: Error in connection establishment: net::ERR_CONNECTION_REFUSED", source: https://cdn.skypack.dev/-/@streamerbot/client@v1.12.2-9BnWw0CDQ2fH1klZ4JSh/dist=es2019,mode=imports/optimized/@streamerbot/client.js (176)
[0706/210705.855:INFO:CONSOLE(83)] "Failed to reconnect (attempt 9)", source: https://cdn.skypack.dev/-/@streamerbot/client@v1.12.2-9BnWw0CDQ2fH1klZ4JSh/dist=es2019,mode=imports/optimized/@streamerbot/client.js (83)
[0706/210717.946:INFO:CONSOLE(176)] "WebSocket connection to 'ws://127.0.0.1:8080/' failed: Error in connection establishment: net::ERR_CONNECTION_REFUSED", source: https://cdn.skypack.dev/-/@streamerbot/client@v1.12.2-9BnWw0CDQ2fH1klZ4JSh/dist=es2019,mode=imports/optimized/@streamerbot/client.js (176)
[0706/210717.947:INFO:CONSOLE(83)] "Failed to reconnect (attempt 10)", source: https://cdn.skypack.dev/-/@streamerbot/client@v1.12.2-9BnWw0CDQ2fH1klZ4JSh/dist=es2019,mode=imports/optimized/@streamerbot/client.js (83)
[0706/210731.004:INFO:CONSOLE(176)] "WebSocket connection to 'ws://127.0.0.1:8080/' failed: Error in connection establishment: net::ERR_CONNECTION_REFUSED", source: https://cdn.skypack.dev/-/@streamerbot/client@v1.12.2-9BnWw0CDQ2fH1klZ4JSh/dist=es2019,mode=imports/optimized/@streamerbot/client.js (176)
[0706/210731.004:INFO:CONSOLE(83)] "Failed to reconnect (attempt 11)", source: https://cdn.skypack.dev/-/@streamerbot/client@v1.12.2-9BnWw0CDQ2fH1klZ4JSh/dist=es2019,mode=imports/optimized/@streamerbot/client.js (83)
[0706/210745.174:INFO:CONSOLE(176)] "WebSocket connection to 'ws://127.0.0.1:8080/' failed: Error in connection establishment: net::ERR_CONNECTION_REFUSED", source: https://cdn.skypack.dev/-/@streamerbot/client@v1.12.2-9BnWw0CDQ2fH1klZ4JSh/dist=es2019,mode=imports/optimized/@streamerbot/client.js (176)
[0706/210745.174:INFO:CONSOLE(83)] "Failed to reconnect (attempt 12)", source: https://cdn.skypack.dev/-/@streamerbot/client@v1.12.2-9BnWw0CDQ2fH1klZ4JSh/dist=es2019,mode=imports/optimized/@streamerbot/client.js (83)
[0706/210800.480:INFO:CONSOLE(176)] "WebSocket connection to 'ws://127.0.0.1:8080/' failed: Error in connection establishment: net::ERR_CONNECTION_REFUSED", source: https://cdn.skypack.dev/-/@streamerbot/client@v1.12.2-9BnWw0CDQ2fH1klZ4JSh/dist=es2019,mode=imports/optimized/@streamerbot/client.js (176)
[0706/210800.481:INFO:CONSOLE(83)] "Failed to reconnect (attempt 13)", source: https://cdn.skypack.dev/-/@streamerbot/client@v1.12.2-9BnWw0CDQ2fH1klZ4JSh/dist=es2019,mode=imports/optimized/@streamerbot/client.js (83)
[0706/210816.519:INFO:CONSOLE(176)] "WebSocket connection to 'ws://127.0.0.1:8080/' failed: Error in connection establishment: net::ERR_CONNECTION_REFUSED", source: https://cdn.skypack.dev/-/@streamerbot/client@v1.12.2-9BnWw0CDQ2fH1klZ4JSh/dist=es2019,mode=imports/optimized/@streamerbot/client.js (176)
[0706/210816.519:INFO:CONSOLE(83)] "Failed to reconnect (attempt 14)", source: https://cdn.skypack.dev/-/@streamerbot/client@v1.12.2-9BnWw0CDQ2fH1klZ4JSh/dist=es2019,mode=imports/optimized/@streamerbot/client.js (83)
[0706/210833.558:INFO:CONSOLE(176)] "WebSocket connection to 'ws://127.0.0.1:8080/' failed: Error in connection establishment: net::ERR_CONNECTION_REFUSED", source: https://cdn.skypack.dev/-/@streamerbot/client@v1.12.2-9BnWw0CDQ2fH1klZ4JSh/dist=es2019,mode=imports/optimized/@streamerbot/client.js (176)
[0706/210833.558:INFO:CONSOLE(83)] "Failed to reconnect (attempt 15)", source: https://cdn.skypack.dev/-/@streamerbot/client@v1.12.2-9BnWw0CDQ2fH1klZ4JSh/dist=es2019,mode=imports/optimized/@streamerbot/client.js (83)
[0706/210851.591:INFO:CONSOLE(176)] "WebSocket connection to 'ws://127.0.0.1:8080/' failed: Error in connection establishment: net::ERR_CONNECTION_REFUSED", source: https://cdn.skypack.dev/-/@streamerbot/client@v1.12.2-9BnWw0CDQ2fH1klZ4JSh/dist=es2019,mode=imports/optimized/@streamerbot/client.js (176)
[0706/210851.591:INFO:CONSOLE(83)] "Failed to reconnect (attempt 16)", source: https://cdn.skypack.dev/-/@streamerbot/client@v1.12.2-9BnWw0CDQ2fH1klZ4JSh/dist=es2019,mode=imports/optimized/@streamerbot/client.js (83)
[0706/210910.624:INFO:CONSOLE(176)] "WebSocket connection to 'ws://127.0.0.1:8080/' failed: Error in connection establishment: net::ERR_CONNECTION_REFUSED", source: https://cdn.skypack.dev/-/@streamerbot/client@v1.12.2-9BnWw0CDQ2fH1klZ4JSh/dist=es2019,mode=imports/optimized/@streamerbot/client.js (176)
[0706/210910.625:INFO:CONSOLE(83)] "Failed to reconnect (attempt 17)", source: https://cdn.skypack.dev/-/@streamerbot/client@v1.12.2-9BnWw0CDQ2fH1klZ4JSh/dist=es2019,mode=imports/optimized/@streamerbot/client.js (83)
[0706/210930.664:INFO:CONSOLE(176)] "WebSocket connection to 'ws://127.0.0.1:8080/' failed: Error in connection establishment: net::ERR_CONNECTION_REFUSED", source: https://cdn.skypack.dev/-/@streamerbot/client@v1.12.2-9BnWw0CDQ2fH1klZ4JSh/dist=es2019,mode=imports/optimized/@streamerbot/client.js (176)
[0706/210930.665:INFO:CONSOLE(83)] "Failed to reconnect (attempt 18)", source: https://cdn.skypack.dev/-/@streamerbot/client@v1.12.2-9BnWw0CDQ2fH1klZ4JSh/dist=es2019,mode=imports/optimized/@streamerbot/client.js (83)
[0706/210951.710:INFO:CONSOLE(176)] "WebSocket connection to 'ws://127.0.0.1:8080/' failed: Error in connection establishment: net::ERR_CONNECTION_REFUSED", source: https://cdn.skypack.dev/-/@streamerbot/client@v1.12.2-9BnWw0CDQ2fH1klZ4JSh/dist=es2019,mode=imports/optimized/@streamerbot/client.js (176)
[0706/210951.710:INFO:CONSOLE(83)] "Failed to reconnect (attempt 19)", source: https://cdn.skypack.dev/-/@streamerbot/client@v1.12.2-9BnWw0CDQ2fH1klZ4JSh/dist=es2019,mode=imports/optimized/@streamerbot/client.js (83)
[0706/211013.758:INFO:CONSOLE(176)] "WebSocket connection to 'ws://127.0.0.1:8080/' failed: Error in connection establishment: net::ERR_CONNECTION_REFUSED", source: https://cdn.skypack.dev/-/@streamerbot/client@v1.12.2-9BnWw0CDQ2fH1klZ4JSh/dist=es2019,mode=imports/optimized/@streamerbot/client.js (176)
[0706/211013.758:INFO:CONSOLE(83)] "Failed to reconnect (attempt 20)", source: https://cdn.skypack.dev/-/@streamerbot/client@v1.12.2-9BnWw0CDQ2fH1klZ4JSh/dist=es2019,mode=imports/optimized/@streamerbot/client.js (83)
[0706/211036.804:INFO:CONSOLE(176)] "WebSocket connection to 'ws://127.0.0.1:8080/' failed: Error in connection establishment: net::ERR_CONNECTION_REFUSED", source: https://cdn.skypack.dev/-/@streamerbot/client@v1.12.2-9BnWw0CDQ2fH1klZ4JSh/dist=es2019,mode=imports/optimized/@streamerbot/client.js (176)
[0706/211036.804:INFO:CONSOLE(83)] "Failed to reconnect (attempt 21)", source: https://cdn.skypack.dev/-/@streamerbot/client@v1.12.2-9BnWw0CDQ2fH1klZ4JSh/dist=es2019,mode=imports/optimized/@streamerbot/client.js (83)
[0706/211100.832:INFO:CONSOLE(176)] "WebSocket connection to 'ws://127.0.0.1:8080/' failed: Error in connection establishment: net::ERR_CONNECTION_REFUSED", source: https://cdn.skypack.dev/-/@streamerbot/client@v1.12.2-9BnWw0CDQ2fH1klZ4JSh/dist=es2019,mode=imports/optimized/@streamerbot/client.js (176)
[0706/211100.832:INFO:CONSOLE(83)] "Failed to reconnect (attempt 22)", source: https://cdn.skypack.dev/-/@streamerbot/client@v1.12.2-9BnWw0CDQ2fH1klZ4JSh/dist=es2019,mode=imports/optimized/@streamerbot/client.js (83)
[0706/211125.874:INFO:CONSOLE(176)] "WebSocket connection to 'ws://127.0.0.1:8080/' failed: Error in connection establishment: net::ERR_CONNECTION_REFUSED", source: https://cdn.skypack.dev/-/@streamerbot/client@v1.12.2-9BnWw0CDQ2fH1klZ4JSh/dist=es2019,mode=imports/optimized/@streamerbot/client.js (176)
[0706/211125.874:INFO:CONSOLE(83)] "Failed to reconnect (attempt 23)", source: https://cdn.skypack.dev/-/@streamerbot/client@v1.12.2-9BnWw0CDQ2fH1klZ4JSh/dist=es2019,mode=imports/optimized/@streamerbot/client.js (83)
[0706/211151.911:INFO:CONSOLE(176)] "WebSocket connection to 'ws://127.0.0.1:8080/' failed: Error in connection establishment: net::ERR_CONNECTION_REFUSED", source: https://cdn.skypack.dev/-/@streamerbot/client@v1.12.2-9BnWw0CDQ2fH1klZ4JSh/dist=es2019,mode=imports/optimized/@streamerbot/client.js (176)
[0706/211151.911:INFO:CONSOLE(83)] "Failed to reconnect (attempt 24)", source: https://cdn.skypack.dev/-/@streamerbot/client@v1.12.2-9BnWw0CDQ2fH1klZ4JSh/dist=es2019,mode=imports/optimized/@streamerbot/client.js (83)
[0706/211218.943:INFO:CONSOLE(176)] "WebSocket connection to 'ws://127.0.0.1:8080/' failed: Error in connection establishment: net::ERR_CONNECTION_REFUSED", source: https://cdn.skypack.dev/-/@streamerbot/client@v1.12.2-9BnWw0CDQ2fH1klZ4JSh/dist=es2019,mode=imports/optimized/@streamerbot/client.js (176)
[0706/211218.943:INFO:CONSOLE(83)] "Failed to reconnect (attempt 25)", source: https://cdn.skypack.dev/-/@streamerbot/client@v1.12.2-9BnWw0CDQ2fH1klZ4JSh/dist=es2019,mode=imports/optimized/@streamerbot/client.js (83)
[0706/211246.990:INFO:CONSOLE(176)] "WebSocket connection to 'ws://127.0.0.1:8080/' failed: Error in connection establishment: net::ERR_CONNECTION_REFUSED", source: https://cdn.skypack.dev/-/@streamerbot/client@v1.12.2-9BnWw0CDQ2fH1klZ4JSh/dist=es2019,mode=imports/optimized/@streamerbot/client.js (176)
[0706/211246.990:INFO:CONSOLE(83)] "Failed to reconnect (attempt 26)", source: https://cdn.skypack.dev/-/@streamerbot/client@v1.12.2-9BnWw0CDQ2fH1klZ4JSh/dist=es2019,mode=imports/optimized/@streamerbot/client.js (83)
[0706/211316.028:INFO:CONSOLE(176)] "WebSocket connection to 'ws://127.0.0.1:8080/' failed: Error in connection establishment: net::ERR_CONNECTION_REFUSED", source: https://cdn.skypack.dev/-/@streamerbot/client@v1.12.2-9BnWw0CDQ2fH1klZ4JSh/dist=es2019,mode=imports/optimized/@streamerbot/client.js (176)
[0706/211316.028:INFO:CONSOLE(83)] "Failed to reconnect (attempt 27)", source: https://cdn.skypack.dev/-/@streamerbot/client@v1.12.2-9BnWw0CDQ2fH1klZ4JSh/dist=es2019,mode=imports/optimized/@streamerbot/client.js (83)
[0706/211346.060:INFO:CONSOLE(176)] "WebSocket connection to 'ws://127.0.0.1:8080/' failed: Error in connection establishment: net::ERR_CONNECTION_REFUSED", source: https://cdn.skypack.dev/-/@streamerbot/client@v1.12.2-9BnWw0CDQ2fH1klZ4JSh/dist=es2019,mode=imports/optimized/@streamerbot/client.js (176)
[0706/211346.060:INFO:CONSOLE(83)] "Failed to reconnect (attempt 28)", source: https://cdn.skypack.dev/-/@streamerbot/client@v1.12.2-9BnWw0CDQ2fH1klZ4JSh/dist=es2019,mode=imports/optimized/@streamerbot/client.js (83)
[0706/211417.101:INFO:CONSOLE(176)] "WebSocket connection to 'ws://127.0.0.1:8080/' failed: Error in connection establishment: net::ERR_CONNECTION_REFUSED", source: https://cdn.skypack.dev/-/@streamerbot/client@v1.12.2-9BnWw0CDQ2fH1klZ4JSh/dist=es2019,mode=imports/optimized/@streamerbot/client.js (176)
[0706/211417.101:INFO:CONSOLE(83)] "Failed to reconnect (attempt 29)", source: https://cdn.skypack.dev/-/@streamerbot/client@v1.12.2-9BnWw0CDQ2fH1klZ4JSh/dist=es2019,mode=imports/optimized/@streamerbot/client.js (83)
[0706/211449.141:INFO:CONSOLE(176)] "WebSocket connection to 'ws://127.0.0.1:8080/' failed: Error in connection establishment: net::ERR_CONNECTION_REFUSED", source: https://cdn.skypack.dev/-/@streamerbot/client@v1.12.2-9BnWw0CDQ2fH1klZ4JSh/dist=es2019,mode=imports/optimized/@streamerbot/client.js (176)
[0706/211449.142:INFO:CONSOLE(83)] "Failed to reconnect (attempt 30)", source: https://cdn.skypack.dev/-/@streamerbot/client@v1.12.2-9BnWw0CDQ2fH1klZ4JSh/dist=es2019,mode=imports/optimized/@streamerbot/client.js (83)
[0706/211521.189:INFO:CONSOLE(176)] "WebSocket connection to 'ws://127.0.0.1:8080/' failed: Error in connection establishment: net::ERR_CONNECTION_REFUSED", source: https://cdn.skypack.dev/-/@streamerbot/client@v1.12.2-9BnWw0CDQ2fH1klZ4JSh/dist=es2019,mode=imports/optimized/@streamerbot/client.js (176)
[0706/211521.191:INFO:CONSOLE(83)] "Failed to reconnect (attempt 31)", source: https://cdn.skypack.dev/-/@streamerbot/client@v1.12.2-9BnWw0CDQ2fH1klZ4JSh/dist=es2019,mode=imports/optimized/@streamerbot/client.js (83)
[0706/211553.239:INFO:CONSOLE(176)] "WebSocket connection to 'ws://127.0.0.1:8080/' failed: Error in connection establishment: net::ERR_CONNECTION_REFUSED", source: https://cdn.skypack.dev/-/@streamerbot/client@v1.12.2-9BnWw0CDQ2fH1klZ4JSh/dist=es2019,mode=imports/optimized/@streamerbot/client.js (176)
[0706/211553.239:INFO:CONSOLE(83)] "Failed to reconnect (attempt 32)", source: https://cdn.skypack.dev/-/@streamerbot/client@v1.12.2-9BnWw0CDQ2fH1klZ4JSh/dist=es2019,mode=imports/optimized/@streamerbot/client.js (83)
[0706/211625.283:INFO:CONSOLE(176)] "WebSocket connection to 'ws://127.0.0.1:8080/' failed: Error in connection establishment: net::ERR_CONNECTION_REFUSED", source: https://cdn.skypack.dev/-/@streamerbot/client@v1.12.2-9BnWw0CDQ2fH1klZ4JSh/dist=es2019,mode=imports/optimized/@streamerbot/client.js (176)
[0706/211625.283:INFO:CONSOLE(83)] "Failed to reconnect (attempt 33)", source: https://cdn.skypack.dev/-/@streamerbot/client@v1.12.2-9BnWw0CDQ2fH1klZ4JSh/dist=es2019,mode=imports/optimized/@streamerbot/client.js (83)
[0706/211657.320:INFO:CONSOLE(176)] "WebSocket connection to 'ws://127.0.0.1:8080/' failed: Error in connection establishment: net::ERR_CONNECTION_REFUSED", source: https://cdn.skypack.dev/-/@streamerbot/client@v1.12.2-9BnWw0CDQ2fH1klZ4JSh/dist=es2019,mode=imports/optimized/@streamerbot/client.js (176)
[0706/211657.320:INFO:CONSOLE(83)] "Failed to reconnect (attempt 34)", source: https://cdn.skypack.dev/-/@streamerbot/client@v1.12.2-9BnWw0CDQ2fH1klZ4JSh/dist=es2019,mode=imports/optimized/@streamerbot/client.js (83)
[0706/211729.362:INFO:CONSOLE(176)] "WebSocket connection to 'ws://127.0.0.1:8080/' failed: Error in connection establishment: net::ERR_CONNECTION_REFUSED", source: https://cdn.skypack.dev/-/@streamerbot/client@v1.12.2-9BnWw0CDQ2fH1klZ4JSh/dist=es2019,mode=imports/optimized/@streamerbot/client.js (176)
[0706/211729.362:INFO:CONSOLE(83)] "Failed to reconnect (attempt 35)", source: https://cdn.skypack.dev/-/@streamerbot/client@v1.12.2-9BnWw0CDQ2fH1klZ4JSh/dist=es2019,mode=imports/optimized/@streamerbot/client.js (83)
[0706/211801.399:INFO:CONSOLE(176)] "WebSocket connection to 'ws://127.0.0.1:8080/' failed: Error in connection establishment: net::ERR_CONNECTION_REFUSED", source: https://cdn.skypack.dev/-/@streamerbot/client@v1.12.2-9BnWw0CDQ2fH1klZ4JSh/dist=es2019,mode=imports/optimized/@streamerbot/client.js (176)
[0706/211801.399:INFO:CONSOLE(83)] "Failed to reconnect (attempt 36)", source: https://cdn.skypack.dev/-/@streamerbot/client@v1.12.2-9BnWw0CDQ2fH1klZ4JSh/dist=es2019,mode=imports/optimized/@streamerbot/client.js (83)
[0706/211833.447:INFO:CONSOLE(176)] "WebSocket connection to 'ws://127.0.0.1:8080/' failed: Error in connection establishment: net::ERR_CONNECTION_REFUSED", source: https://cdn.skypack.dev/-/@streamerbot/client@v1.12.2-9BnWw0CDQ2fH1klZ4JSh/dist=es2019,mode=imports/optimized/@streamerbot/client.js (176)
[0706/211833.447:INFO:CONSOLE(83)] "Failed to reconnect (attempt 37)", source: https://cdn.skypack.dev/-/@streamerbot/client@v1.12.2-9BnWw0CDQ2fH1klZ4JSh/dist=es2019,mode=imports/optimized/@streamerbot/client.js (83)
[0706/211905.491:INFO:CONSOLE(176)] "WebSocket connection to 'ws://127.0.0.1:8080/' failed: Error in connection establishment: net::ERR_CONNECTION_REFUSED", source: https://cdn.skypack.dev/-/@streamerbot/client@v1.12.2-9BnWw0CDQ2fH1klZ4JSh/dist=es2019,mode=imports/optimized/@streamerbot/client.js (176)
[0706/211905.491:INFO:CONSOLE(83)] "Failed to reconnect (attempt 38)", source: https://cdn.skypack.dev/-/@streamerbot/client@v1.12.2-9BnWw0CDQ2fH1klZ4JSh/dist=es2019,mode=imports/optimized/@streamerbot/client.js (83)
[0706/211937.537:INFO:CONSOLE(176)] "WebSocket connection to 'ws://127.0.0.1:8080/' failed: Error in connection establishment: net::ERR_CONNECTION_REFUSED", source: https://cdn.skypack.dev/-/@streamerbot/client@v1.12.2-9BnWw0CDQ2fH1klZ4JSh/dist=es2019,mode=imports/optimized/@streamerbot/client.js (176)
[0706/211937.537:INFO:CONSOLE(83)] "Failed to reconnect (attempt 39)", source: https://cdn.skypack.dev/-/@streamerbot/client@v1.12.2-9BnWw0CDQ2fH1klZ4JSh/dist=es2019,mode=imports/optimized/@streamerbot/client.js (83)
[0706/212009.576:INFO:CONSOLE(176)] "WebSocket connection to 'ws://127.0.0.1:8080/' failed: Error in connection establishment: net::ERR_CONNECTION_REFUSED", source: https://cdn.skypack.dev/-/@streamerbot/client@v1.12.2-9BnWw0CDQ2fH1klZ4JSh/dist=es2019,mode=imports/optimized/@streamerbot/client.js (176)
[0706/212009.576:INFO:CONSOLE(83)] "Failed to reconnect (attempt 40)", source: https://cdn.skypack.dev/-/@streamerbot/client@v1.12.2-9BnWw0CDQ2fH1klZ4JSh/dist=es2019,mode=imports/optimized/@streamerbot/client.js (83)
[0706/212041.612:INFO:CONSOLE(176)] "WebSocket connection to 'ws://127.0.0.1:8080/' failed: Error in connection establishment: net::ERR_CONNECTION_REFUSED", source: https://cdn.skypack.dev/-/@streamerbot/client@v1.12.2-9BnWw0CDQ2fH1klZ4JSh/dist=es2019,mode=imports/optimized/@streamerbot/client.js (176)
[0706/212041.612:INFO:CONSOLE(83)] "Failed to reconnect (attempt 41)", source: https://cdn.skypack.dev/-/@streamerbot/client@v1.12.2-9BnWw0CDQ2fH1klZ4JSh/dist=es2019,mode=imports/optimized/@streamerbot/client.js (83)
[0706/212113.661:INFO:CONSOLE(176)] "WebSocket connection to 'ws://127.0.0.1:8080/' failed: Error in connection establishment: net::ERR_CONNECTION_REFUSED", source: https://cdn.skypack.dev/-/@streamerbot/client@v1.12.2-9BnWw0CDQ2fH1klZ4JSh/dist=es2019,mode=imports/optimized/@streamerbot/client.js (176)
[0706/212113.662:INFO:CONSOLE(83)] "Failed to reconnect (attempt 42)", source: https://cdn.skypack.dev/-/@streamerbot/client@v1.12.2-9BnWw0CDQ2fH1klZ4JSh/dist=es2019,mode=imports/optimized/@streamerbot/client.js (83)
[0706/212145.686:INFO:CONSOLE(176)] "WebSocket connection to 'ws://127.0.0.1:8080/' failed: Error in connection establishment: net::ERR_CONNECTION_REFUSED", source: https://cdn.skypack.dev/-/@streamerbot/client@v1.12.2-9BnWw0CDQ2fH1klZ4JSh/dist=es2019,mode=imports/optimized/@streamerbot/client.js (176)
[0706/212145.686:INFO:CONSOLE(83)] "Failed to reconnect (attempt 43)", source: https://cdn.skypack.dev/-/@streamerbot/client@v1.12.2-9BnWw0CDQ2fH1klZ4JSh/dist=es2019,mode=imports/optimized/@streamerbot/client.js (83)
[0706/212217.732:INFO:CONSOLE(176)] "WebSocket connection to 'ws://127.0.0.1:8080/' failed: Error in connection establishment: net::ERR_CONNECTION_REFUSED", source: https://cdn.skypack.dev/-/@streamerbot/client@v1.12.2-9BnWw0CDQ2fH1klZ4JSh/dist=es2019,mode=imports/optimized/@streamerbot/client.js (176)
[0706/212217.732:INFO:CONSOLE(83)] "Failed to reconnect (attempt 44)", source: https://cdn.skypack.dev/-/@streamerbot/client@v1.12.2-9BnWw0CDQ2fH1klZ4JSh/dist=es2019,mode=imports/optimized/@streamerbot/client.js (83)
[0706/212249.773:INFO:CONSOLE(176)] "WebSocket connection to 'ws://127.0.0.1:8080/' failed: Error in connection establishment: net::ERR_CONNECTION_REFUSED", source: https://cdn.skypack.dev/-/@streamerbot/client@v1.12.2-9BnWw0CDQ2fH1klZ4JSh/dist=es2019,mode=imports/optimized/@streamerbot/client.js (176)
[0706/212249.773:INFO:CONSOLE(83)] "Failed to reconnect (attempt 45)", source: https://cdn.skypack.dev/-/@streamerbot/client@v1.12.2-9BnWw0CDQ2fH1klZ4JSh/dist=es2019,mode=imports/optimized/@streamerbot/client.js (83)
[0706/212321.815:INFO:CONSOLE(176)] "WebSocket connection to 'ws://127.0.0.1:8080/' failed: Error in connection establishment: net::ERR_CONNECTION_REFUSED", source: https://cdn.skypack.dev/-/@streamerbot/client@v1.12.2-9BnWw0CDQ2fH1klZ4JSh/dist=es2019,mode=imports/optimized/@streamerbot/client.js (176)
[0706/212321.815:INFO:CONSOLE(83)] "Failed to reconnect (attempt 46)", source: https://cdn.skypack.dev/-/@streamerbot/client@v1.12.2-9BnWw0CDQ2fH1klZ4JSh/dist=es2019,mode=imports/optimized/@streamerbot/client.js (83)
[0706/212353.863:INFO:CONSOLE(176)] "WebSocket connection to 'ws://127.0.0.1:8080/' failed: Error in connection establishment: net::ERR_CONNECTION_REFUSED", source: https://cdn.skypack.dev/-/@streamerbot/client@v1.12.2-9BnWw0CDQ2fH1klZ4JSh/dist=es2019,mode=imports/optimized/@streamerbot/client.js (176)
[0706/212353.863:INFO:CONSOLE(83)] "Failed to reconnect (attempt 47)", source: https://cdn.skypack.dev/-/@streamerbot/client@v1.12.2-9BnWw0CDQ2fH1klZ4JSh/dist=es2019,mode=imports/optimized/@streamerbot/client.js (83)
[0706/212425.909:INFO:CONSOLE(176)] "WebSocket connection to 'ws://127.0.0.1:8080/' failed: Error in connection establishment: net::ERR_CONNECTION_REFUSED", source: https://cdn.skypack.dev/-/@streamerbot/client@v1.12.2-9BnWw0CDQ2fH1klZ4JSh/dist=es2019,mode=imports/optimized/@streamerbot/client.js (176)
[0706/212425.909:INFO:CONSOLE(83)] "Failed to reconnect (attempt 48)", source: https://cdn.skypack.dev/-/@streamerbot/client@v1.12.2-9BnWw0CDQ2fH1klZ4JSh/dist=es2019,mode=imports/optimized/@streamerbot/client.js (83)
[0706/212457.958:INFO:CONSOLE(176)] "WebSocket connection to 'ws://127.0.0.1:8080/' failed: Error in connection establishment: net::ERR_CONNECTION_REFUSED", source: https://cdn.skypack.dev/-/@streamerbot/client@v1.12.2-9BnWw0CDQ2fH1klZ4JSh/dist=es2019,mode=imports/optimized/@streamerbot/client.js (176)
[0706/212457.958:INFO:CONSOLE(83)] "Failed to reconnect (attempt 49)", source: https://cdn.skypack.dev/-/@streamerbot/client@v1.12.2-9BnWw0CDQ2fH1klZ4JSh/dist=es2019,mode=imports/optimized/@streamerbot/client.js (83)
[0706/212529.999:INFO:CONSOLE(176)] "WebSocket connection to 'ws://127.0.0.1:8080/' failed: Error in connection establishment: net::ERR_CONNECTION_REFUSED", source: https://cdn.skypack.dev/-/@streamerbot/client@v1.12.2-9BnWw0CDQ2fH1klZ4JSh/dist=es2019,mode=imports/optimized/@streamerbot/client.js (176)
[0706/212529.999:INFO:CONSOLE(83)] "Failed to reconnect (attempt 50)", source: https://cdn.skypack.dev/-/@streamerbot/client@v1.12.2-9BnWw0CDQ2fH1klZ4JSh/dist=es2019,mode=imports/optimized/@streamerbot/client.js (83)
[0706/212602.042:INFO:CONSOLE(176)] "WebSocket connection to 'ws://127.0.0.1:8080/' failed: Error in connection establishment: net::ERR_CONNECTION_REFUSED", source: https://cdn.skypack.dev/-/@streamerbot/client@v1.12.2-9BnWw0CDQ2fH1klZ4JSh/dist=es2019,mode=imports/optimized/@streamerbot/client.js (176)
[0706/212602.042:INFO:CONSOLE(83)] "Failed to reconnect (attempt 51)", source: https://cdn.skypack.dev/-/@streamerbot/client@v1.12.2-9BnWw0CDQ2fH1klZ4JSh/dist=es2019,mode=imports/optimized/@streamerbot/client.js (83)
[0706/212634.085:INFO:CONSOLE(176)] "WebSocket connection to 'ws://127.0.0.1:8080/' failed: Error in connection establishment: net::ERR_CONNECTION_REFUSED", source: https://cdn.skypack.dev/-/@streamerbot/client@v1.12.2-9BnWw0CDQ2fH1klZ4JSh/dist=es2019,mode=imports/optimized/@streamerbot/client.js (176)
[0706/212634.085:INFO:CONSOLE(83)] "Failed to reconnect (attempt 52)", source: https://cdn.skypack.dev/-/@streamerbot/client@v1.12.2-9BnWw0CDQ2fH1klZ4JSh/dist=es2019,mode=imports/optimized/@streamerbot/client.js (83)
[0706/212706.125:INFO:CONSOLE(176)] "WebSocket connection to 'ws://127.0.0.1:8080/' failed: Error in connection establishment: net::ERR_CONNECTION_REFUSED", source: https://cdn.skypack.dev/-/@streamerbot/client@v1.12.2-9BnWw0CDQ2fH1klZ4JSh/dist=es2019,mode=imports/optimized/@streamerbot/client.js (176)
[0706/212706.125:INFO:CONSOLE(83)] "Failed to reconnect (attempt 53)", source: https://cdn.skypack.dev/-/@streamerbot/client@v1.12.2-9BnWw0CDQ2fH1klZ4JSh/dist=es2019,mode=imports/optimized/@streamerbot/client.js (83)
[0706/212738.177:INFO:CONSOLE(176)] "WebSocket connection to 'ws://127.0.0.1:8080/' failed: Error in connection establishment: net::ERR_CONNECTION_REFUSED", source: https://cdn.skypack.dev/-/@streamerbot/client@v1.12.2-9BnWw0CDQ2fH1klZ4JSh/dist=es2019,mode=imports/optimized/@streamerbot/client.js (176)
[0706/212738.177:INFO:CONSOLE(83)] "Failed to reconnect (attempt 54)", source: https://cdn.skypack.dev/-/@streamerbot/client@v1.12.2-9BnWw0CDQ2fH1klZ4JSh/dist=es2019,mode=imports/optimized/@streamerbot/client.js (83)
[0706/212810.222:INFO:CONSOLE(176)] "WebSocket connection to 'ws://127.0.0.1:8080/' failed: Error in connection establishment: net::ERR_CONNECTION_REFUSED", source: https://cdn.skypack.dev/-/@streamerbot/client@v1.12.2-9BnWw0CDQ2fH1klZ4JSh/dist=es2019,mode=imports/optimized/@streamerbot/client.js (176)
[0706/212810.223:INFO:CONSOLE(83)] "Failed to reconnect (attempt 55)", source: https://cdn.skypack.dev/-/@streamerbot/client@v1.12.2-9BnWw0CDQ2fH1klZ4JSh/dist=es2019,mode=imports/optimized/@streamerbot/client.js (83)
[0706/212842.280:INFO:CONSOLE(176)] "WebSocket connection to 'ws://127.0.0.1:8080/' failed: Error in connection establishment: net::ERR_CONNECTION_REFUSED", source: https://cdn.skypack.dev/-/@streamerbot/client@v1.12.2-9BnWw0CDQ2fH1klZ4JSh/dist=es2019,mode=imports/optimized/@streamerbot/client.js (176)
[0706/212842.280:INFO:CONSOLE(83)] "Failed to reconnect (attempt 56)", source: https://cdn.skypack.dev/-/@streamerbot/client@v1.12.2-9BnWw0CDQ2fH1klZ4JSh/dist=es2019,mode=imports/optimized/@streamerbot/client.js (83)
[0706/212914.315:INFO:CONSOLE(176)] "WebSocket connection to 'ws://127.0.0.1:8080/' failed: Error in connection establishment: net::ERR_CONNECTION_REFUSED", source: https://cdn.skypack.dev/-/@streamerbot/client@v1.12.2-9BnWw0CDQ2fH1klZ4JSh/dist=es2019,mode=imports/optimized/@streamerbot/client.js (176)
[0706/212914.315:INFO:CONSOLE(83)] "Failed to reconnect (attempt 57)", source: https://cdn.skypack.dev/-/@streamerbot/client@v1.12.2-9BnWw0CDQ2fH1klZ4JSh/dist=es2019,mode=imports/optimized/@streamerbot/client.js (83)
[0706/212946.342:INFO:CONSOLE(176)] "WebSocket connection to 'ws://127.0.0.1:8080/' failed: Error in connection establishment: net::ERR_CONNECTION_REFUSED", source: https://cdn.skypack.dev/-/@streamerbot/client@v1.12.2-9BnWw0CDQ2fH1klZ4JSh/dist=es2019,mode=imports/optimized/@streamerbot/client.js (176)
[0706/212946.342:INFO:CONSOLE(83)] "Failed to reconnect (attempt 58)", source: https://cdn.skypack.dev/-/@streamerbot/client@v1.12.2-9BnWw0CDQ2fH1klZ4JSh/dist=es2019,mode=imports/optimized/@streamerbot/client.js (83)
[0706/213018.390:INFO:CONSOLE(176)] "WebSocket connection to 'ws://127.0.0.1:8080/' failed: Error in connection establishment: net::ERR_CONNECTION_REFUSED", source: https://cdn.skypack.dev/-/@streamerbot/client@v1.12.2-9BnWw0CDQ2fH1klZ4JSh/dist=es2019,mode=imports/optimized/@streamerbot/client.js (176)
[0706/213018.390:INFO:CONSOLE(83)] "Failed to reconnect (attempt 59)", source: https://cdn.skypack.dev/-/@streamerbot/client@v1.12.2-9BnWw0CDQ2fH1klZ4JSh/dist=es2019,mode=imports/optimized/@streamerbot/client.js (83)
[0706/213050.407:INFO:CONSOLE(176)] "WebSocket connection to 'ws://127.0.0.1:8080/' failed: Error in connection establishment: net::ERR_CONNECTION_REFUSED", source: https://cdn.skypack.dev/-/@streamerbot/client@v1.12.2-9BnWw0CDQ2fH1klZ4JSh/dist=es2019,mode=imports/optimized/@streamerbot/client.js (176)
[0706/213050.407:INFO:CONSOLE(83)] "Failed to reconnect (attempt 60)", source: https://cdn.skypack.dev/-/@streamerbot/client@v1.12.2-9BnWw0CDQ2fH1klZ4JSh/dist=es2019,mode=imports/optimized/@streamerbot/client.js (83)
[0706/213122.449:INFO:CONSOLE(176)] "WebSocket connection to 'ws://127.0.0.1:8080/' failed: Error in connection establishment: net::ERR_CONNECTION_REFUSED", source: https://cdn.skypack.dev/-/@streamerbot/client@v1.12.2-9BnWw0CDQ2fH1klZ4JSh/dist=es2019,mode=imports/optimized/@streamerbot/client.js (176)
[0706/213122.450:INFO:CONSOLE(83)] "Failed to reconnect (attempt 61)", source: https://cdn.skypack.dev/-/@streamerbot/client@v1.12.2-9BnWw0CDQ2fH1klZ4JSh/dist=es2019,mode=imports/optimized/@streamerbot/client.js (83)
[0706/213154.489:INFO:CONSOLE(176)] "WebSocket connection to 'ws://127.0.0.1:8080/' failed: Error in connection establishment: net::ERR_CONNECTION_REFUSED", source: https://cdn.skypack.dev/-/@streamerbot/client@v1.12.2-9BnWw0CDQ2fH1klZ4JSh/dist=es2019,mode=imports/optimized/@streamerbot/client.js (176)
[0706/213154.489:INFO:CONSOLE(83)] "Failed to reconnect (attempt 62)", source: https://cdn.skypack.dev/-/@streamerbot/client@v1.12.2-9BnWw0CDQ2fH1klZ4JSh/dist=es2019,mode=imports/optimized/@streamerbot/client.js (83)
[0706/213226.523:INFO:CONSOLE(176)] "WebSocket connection to 'ws://127.0.0.1:8080/' failed: Error in connection establishment: net::ERR_CONNECTION_REFUSED", source: https://cdn.skypack.dev/-/@streamerbot/client@v1.12.2-9BnWw0CDQ2fH1klZ4JSh/dist=es2019,mode=imports/optimized/@streamerbot/client.js (176)
[0706/213226.525:INFO:CONSOLE(83)] "Failed to reconnect (attempt 63)", source: https://cdn.skypack.dev/-/@streamerbot/client@v1.12.2-9BnWw0CDQ2fH1klZ4JSh/dist=es2019,mode=imports/optimized/@streamerbot/client.js (83)
[0706/213258.564:INFO:CONSOLE(176)] "WebSocket connection to 'ws://127.0.0.1:8080/' failed: Error in connection establishment: net::ERR_CONNECTION_REFUSED", source: https://cdn.skypack.dev/-/@streamerbot/client@v1.12.2-9BnWw0CDQ2fH1klZ4JSh/dist=es2019,mode=imports/optimized/@streamerbot/client.js (176)
[0706/213258.564:INFO:CONSOLE(83)] "Failed to reconnect (attempt 64)", source: https://cdn.skypack.dev/-/@streamerbot/client@v1.12.2-9BnWw0CDQ2fH1klZ4JSh/dist=es2019,mode=imports/optimized/@streamerbot/client.js (83)
[0706/213330.607:INFO:CONSOLE(176)] "WebSocket connection to 'ws://127.0.0.1:8080/' failed: Error in connection establishment: net::ERR_CONNECTION_REFUSED", source: https://cdn.skypack.dev/-/@streamerbot/client@v1.12.2-9BnWw0CDQ2fH1klZ4JSh/dist=es2019,mode=imports/optimized/@streamerbot/client.js (176)
[0706/213330.607:INFO:CONSOLE(83)] "Failed to reconnect (attempt 65)", source: https://cdn.skypack.dev/-/@streamerbot/client@v1.12.2-9BnWw0CDQ2fH1klZ4JSh/dist=es2019,mode=imports/optimized/@streamerbot/client.js (83)
[0706/213402.649:INFO:CONSOLE(176)] "WebSocket connection to 'ws://127.0.0.1:8080/' failed: Error in connection establishment: net::ERR_CONNECTION_REFUSED", source: https://cdn.skypack.dev/-/@streamerbot/client@v1.12.2-9BnWw0CDQ2fH1klZ4JSh/dist=es2019,mode=imports/optimized/@streamerbot/client.js (176)
[0706/213402.649:INFO:CONSOLE(83)] "Failed to reconnect (attempt 66)", source: https://cdn.skypack.dev/-/@streamerbot/client@v1.12.2-9BnWw0CDQ2fH1klZ4JSh/dist=es2019,mode=imports/optimized/@streamerbot/client.js (83)
[0706/213434.691:INFO:CONSOLE(176)] "WebSocket connection to 'ws://127.0.0.1:8080/' failed: Error in connection establishment: net::ERR_CONNECTION_REFUSED", source: https://cdn.skypack.dev/-/@streamerbot/client@v1.12.2-9BnWw0CDQ2fH1klZ4JSh/dist=es2019,mode=imports/optimized/@streamerbot/client.js (176)
[0706/213434.691:INFO:CONSOLE(83)] "Failed to reconnect (attempt 67)", source: https://cdn.skypack.dev/-/@streamerbot/client@v1.12.2-9BnWw0CDQ2fH1klZ4JSh/dist=es2019,mode=imports/optimized/@streamerbot/client.js (83)
[0706/213506.737:INFO:CONSOLE(176)] "WebSocket connection to 'ws://127.0.0.1:8080/' failed: Error in connection establishment: net::ERR_CONNECTION_REFUSED", source: https://cdn.skypack.dev/-/@streamerbot/client@v1.12.2-9BnWw0CDQ2fH1klZ4JSh/dist=es2019,mode=imports/optimized/@streamerbot/client.js (176)
[0706/213506.737:INFO:CONSOLE(83)] "Failed to reconnect (attempt 68)", source: https://cdn.skypack.dev/-/@streamerbot/client@v1.12.2-9BnWw0CDQ2fH1klZ4JSh/dist=es2019,mode=imports/optimized/@streamerbot/client.js (83)
[0706/213538.772:INFO:CONSOLE(176)] "WebSocket connection to 'ws://127.0.0.1:8080/' failed: Error in connection establishment: net::ERR_CONNECTION_REFUSED", source: https://cdn.skypack.dev/-/@streamerbot/client@v1.12.2-9BnWw0CDQ2fH1klZ4JSh/dist=es2019,mode=imports/optimized/@streamerbot/client.js (176)
[0706/213538.772:INFO:CONSOLE(83)] "Failed to reconnect (attempt 69)", source: https://cdn.skypack.dev/-/@streamerbot/client@v1.12.2-9BnWw0CDQ2fH1klZ4JSh/dist=es2019,mode=imports/optimized/@streamerbot/client.js (83)
[0706/213610.802:INFO:CONSOLE(176)] "WebSocket connection to 'ws://127.0.0.1:8080/' failed: Error in connection establishment: net::ERR_CONNECTION_REFUSED", source: https://cdn.skypack.dev/-/@streamerbot/client@v1.12.2-9BnWw0CDQ2fH1klZ4JSh/dist=es2019,mode=imports/optimized/@streamerbot/client.js (176)
[0706/213610.802:INFO:CONSOLE(83)] "Failed to reconnect (attempt 70)", source: https://cdn.skypack.dev/-/@streamerbot/client@v1.12.2-9BnWw0CDQ2fH1klZ4JSh/dist=es2019,mode=imports/optimized/@streamerbot/client.js (83)
[0706/213642.848:INFO:CONSOLE(176)] "WebSocket connection to 'ws://127.0.0.1:8080/' failed: Error in connection establishment: net::ERR_CONNECTION_REFUSED", source: https://cdn.skypack.dev/-/@streamerbot/client@v1.12.2-9BnWw0CDQ2fH1klZ4JSh/dist=es2019,mode=imports/optimized/@streamerbot/client.js (176)
[0706/213642.848:INFO:CONSOLE(83)] "Failed to reconnect (attempt 71)", source: https://cdn.skypack.dev/-/@streamerbot/client@v1.12.2-9BnWw0CDQ2fH1klZ4JSh/dist=es2019,mode=imports/optimized/@streamerbot/client.js (83)
[0706/213714.904:INFO:CONSOLE(176)] "WebSocket connection to 'ws://127.0.0.1:8080/' failed: Error in connection establishment: net::ERR_CONNECTION_REFUSED", source: https://cdn.skypack.dev/-/@streamerbot/client@v1.12.2-9BnWw0CDQ2fH1klZ4JSh/dist=es2019,mode=imports/optimized/@streamerbot/client.js (176)
[0706/213714.904:INFO:CONSOLE(83)] "Failed to reconnect (attempt 72)", source: https://cdn.skypack.dev/-/@streamerbot/client@v1.12.2-9BnWw0CDQ2fH1klZ4JSh/dist=es2019,mode=imports/optimized/@streamerbot/client.js (83)
[0706/213746.941:INFO:CONSOLE(176)] "WebSocket connection to 'ws://127.0.0.1:8080/' failed: Error in connection establishment: net::ERR_CONNECTION_REFUSED", source: https://cdn.skypack.dev/-/@streamerbot/client@v1.12.2-9BnWw0CDQ2fH1klZ4JSh/dist=es2019,mode=imports/optimized/@streamerbot/client.js (176)
[0706/213746.941:INFO:CONSOLE(83)] "Failed to reconnect (attempt 73)", source: https://cdn.skypack.dev/-/@streamerbot/client@v1.12.2-9BnWw0CDQ2fH1klZ4JSh/dist=es2019,mode=imports/optimized/@streamerbot/client.js (83)
[0706/213818.981:INFO:CONSOLE(176)] "WebSocket connection to 'ws://127.0.0.1:8080/' failed: Error in connection establishment: net::ERR_CONNECTION_REFUSED", source: https://cdn.skypack.dev/-/@streamerbot/client@v1.12.2-9BnWw0CDQ2fH1klZ4JSh/dist=es2019,mode=imports/optimized/@streamerbot/client.js (176)
[0706/213818.981:INFO:CONSOLE(83)] "Failed to reconnect (attempt 74)", source: https://cdn.skypack.dev/-/@streamerbot/client@v1.12.2-9BnWw0CDQ2fH1klZ4JSh/dist=es2019,mode=imports/optimized/@streamerbot/client.js (83)
[0706/213851.014:INFO:CONSOLE(176)] "WebSocket connection to 'ws://127.0.0.1:8080/' failed: Error in connection establishment: net::ERR_CONNECTION_REFUSED", source: https://cdn.skypack.dev/-/@streamerbot/client@v1.12.2-9BnWw0CDQ2fH1klZ4JSh/dist=es2019,mode=imports/optimized/@streamerbot/client.js (176)
[0706/213851.014:INFO:CONSOLE(83)] "Failed to reconnect (attempt 75)", source: https://cdn.skypack.dev/-/@streamerbot/client@v1.12.2-9BnWw0CDQ2fH1klZ4JSh/dist=es2019,mode=imports/optimized/@streamerbot/client.js (83)
[0706/213923.053:INFO:CONSOLE(176)] "WebSocket connection to 'ws://127.0.0.1:8080/' failed: Error in connection establishment: net::ERR_CONNECTION_REFUSED", source: https://cdn.skypack.dev/-/@streamerbot/client@v1.12.2-9BnWw0CDQ2fH1klZ4JSh/dist=es2019,mode=imports/optimized/@streamerbot/client.js (176)
[0706/213923.053:INFO:CONSOLE(83)] "Failed to reconnect (attempt 76)", source: https://cdn.skypack.dev/-/@streamerbot/client@v1.12.2-9BnWw0CDQ2fH1klZ4JSh/dist=es2019,mode=imports/optimized/@streamerbot/client.js (83)
[0706/213955.081:INFO:CONSOLE(176)] "WebSocket connection to 'ws://127.0.0.1:8080/' failed: Error in connection establishment: net::ERR_CONNECTION_REFUSED", source: https://cdn.skypack.dev/-/@streamerbot/client@v1.12.2-9BnWw0CDQ2fH1klZ4JSh/dist=es2019,mode=imports/optimized/@streamerbot/client.js (176)
[0706/213955.081:INFO:CONSOLE(83)] "Failed to reconnect (attempt 77)", source: https://cdn.skypack.dev/-/@streamerbot/client@v1.12.2-9BnWw0CDQ2fH1klZ4JSh/dist=es2019,mode=imports/optimized/@streamerbot/client.js (83)
[0706/214027.113:INFO:CONSOLE(176)] "WebSocket connection to 'ws://127.0.0.1:8080/' failed: Error in connection establishment: net::ERR_CONNECTION_REFUSED", source: https://cdn.skypack.dev/-/@streamerbot/client@v1.12.2-9BnWw0CDQ2fH1klZ4JSh/dist=es2019,mode=imports/optimized/@streamerbot/client.js (176)
[0706/214027.113:INFO:CONSOLE(83)] "Failed to reconnect (attempt 78)", source: https://cdn.skypack.dev/-/@streamerbot/client@v1.12.2-9BnWw0CDQ2fH1klZ4JSh/dist=es2019,mode=imports/optimized/@streamerbot/client.js (83)
[0706/214059.136:INFO:CONSOLE(176)] "WebSocket connection to 'ws://127.0.0.1:8080/' failed: Error in connection establishment: net::ERR_CONNECTION_REFUSED", source: https://cdn.skypack.dev/-/@streamerbot/client@v1.12.2-9BnWw0CDQ2fH1klZ4JSh/dist=es2019,mode=imports/optimized/@streamerbot/client.js (176)
[0706/214059.136:INFO:CONSOLE(83)] "Failed to reconnect (attempt 79)", source: https://cdn.skypack.dev/-/@streamerbot/client@v1.12.2-9BnWw0CDQ2fH1klZ4JSh/dist=es2019,mode=imports/optimized/@streamerbot/client.js (83)
[0706/214131.173:INFO:CONSOLE(176)] "WebSocket connection to 'ws://127.0.0.1:8080/' failed: Error in connection establishment: net::ERR_CONNECTION_REFUSED", source: https://cdn.skypack.dev/-/@streamerbot/client@v1.12.2-9BnWw0CDQ2fH1klZ4JSh/dist=es2019,mode=imports/optimized/@streamerbot/client.js (176)
[0706/214131.173:INFO:CONSOLE(83)] "Failed to reconnect (attempt 80)", source: https://cdn.skypack.dev/-/@streamerbot/client@v1.12.2-9BnWw0CDQ2fH1klZ4JSh/dist=es2019,mode=imports/optimized/@streamerbot/client.js (83)
[0706/214203.196:INFO:CONSOLE(176)] "WebSocket connection to 'ws://127.0.0.1:8080/' failed: Error in connection establishment: net::ERR_CONNECTION_REFUSED", source: https://cdn.skypack.dev/-/@streamerbot/client@v1.12.2-9BnWw0CDQ2fH1klZ4JSh/dist=es2019,mode=imports/optimized/@streamerbot/client.js (176)
[0706/214203.196:INFO:CONSOLE(83)] "Failed to reconnect (attempt 81)", source: https://cdn.skypack.dev/-/@streamerbot/client@v1.12.2-9BnWw0CDQ2fH1klZ4JSh/dist=es2019,mode=imports/optimized/@streamerbot/client.js (83)
[0706/214235.221:INFO:CONSOLE(176)] "WebSocket connection to 'ws://127.0.0.1:8080/' failed: Error in connection establishment: net::ERR_CONNECTION_REFUSED", source: https://cdn.skypack.dev/-/@streamerbot/client@v1.12.2-9BnWw0CDQ2fH1klZ4JSh/dist=es2019,mode=imports/optimized/@streamerbot/client.js (176)
[0706/214235.221:INFO:CONSOLE(83)] "Failed to reconnect (attempt 82)", source: https://cdn.skypack.dev/-/@streamerbot/client@v1.12.2-9BnWw0CDQ2fH1klZ4JSh/dist=es2019,mode=imports/optimized/@streamerbot/client.js (83)
[0706/214307.257:INFO:CONSOLE(176)] "WebSocket connection to 'ws://127.0.0.1:8080/' failed: Error in connection establishment: net::ERR_CONNECTION_REFUSED", source: https://cdn.skypack.dev/-/@streamerbot/client@v1.12.2-9BnWw0CDQ2fH1klZ4JSh/dist=es2019,mode=imports/optimized/@streamerbot/client.js (176)
[0706/214307.257:INFO:CONSOLE(83)] "Failed to reconnect (attempt 83)", source: https://cdn.skypack.dev/-/@streamerbot/client@v1.12.2-9BnWw0CDQ2fH1klZ4JSh/dist=es2019,mode=imports/optimized/@streamerbot/client.js (83)
[0706/214339.299:INFO:CONSOLE(176)] "WebSocket connection to 'ws://127.0.0.1:8080/' failed: Error in connection establishment: net::ERR_CONNECTION_REFUSED", source: https://cdn.skypack.dev/-/@streamerbot/client@v1.12.2-9BnWw0CDQ2fH1klZ4JSh/dist=es2019,mode=imports/optimized/@streamerbot/client.js (176)
[0706/214339.299:INFO:CONSOLE(83)] "Failed to reconnect (attempt 84)", source: https://cdn.skypack.dev/-/@streamerbot/client@v1.12.2-9BnWw0CDQ2fH1klZ4JSh/dist=es2019,mode=imports/optimized/@streamerbot/client.js (83)
[0706/214411.337:INFO:CONSOLE(176)] "WebSocket connection to 'ws://127.0.0.1:8080/' failed: Error in connection establishment: net::ERR_CONNECTION_REFUSED", source: https://cdn.skypack.dev/-/@streamerbot/client@v1.12.2-9BnWw0CDQ2fH1klZ4JSh/dist=es2019,mode=imports/optimized/@streamerbot/client.js (176)
[0706/214411.337:INFO:CONSOLE(83)] "Failed to reconnect (attempt 85)", source: https://cdn.skypack.dev/-/@streamerbot/client@v1.12.2-9BnWw0CDQ2fH1klZ4JSh/dist=es2019,mode=imports/optimized/@streamerbot/client.js (83)
[0706/214443.376:INFO:CONSOLE(176)] "WebSocket connection to 'ws://127.0.0.1:8080/' failed: Error in connection establishment: net::ERR_CONNECTION_REFUSED", source: https://cdn.skypack.dev/-/@streamerbot/client@v1.12.2-9BnWw0CDQ2fH1klZ4JSh/dist=es2019,mode=imports/optimized/@streamerbot/client.js (176)
[0706/214443.376:INFO:CONSOLE(83)] "Failed to reconnect (attempt 86)", source: https://cdn.skypack.dev/-/@streamerbot/client@v1.12.2-9BnWw0CDQ2fH1klZ4JSh/dist=es2019,mode=imports/optimized/@streamerbot/client.js (83)
[0706/214515.427:INFO:CONSOLE(176)] "WebSocket connection to 'ws://127.0.0.1:8080/' failed: Error in connection establishment: net::ERR_CONNECTION_REFUSED", source: https://cdn.skypack.dev/-/@streamerbot/client@v1.12.2-9BnWw0CDQ2fH1klZ4JSh/dist=es2019,mode=imports/optimized/@streamerbot/client.js (176)
[0706/214515.427:INFO:CONSOLE(83)] "Failed to reconnect (attempt 87)", source: https://cdn.skypack.dev/-/@streamerbot/client@v1.12.2-9BnWw0CDQ2fH1klZ4JSh/dist=es2019,mode=imports/optimized/@streamerbot/client.js (83)
[0706/214547.464:INFO:CONSOLE(176)] "WebSocket connection to 'ws://127.0.0.1:8080/' failed: Error in connection establishment: net::ERR_CONNECTION_REFUSED", source: https://cdn.skypack.dev/-/@streamerbot/client@v1.12.2-9BnWw0CDQ2fH1klZ4JSh/dist=es2019,mode=imports/optimized/@streamerbot/client.js (176)
[0706/214547.464:INFO:CONSOLE(83)] "Failed to reconnect (attempt 88)", source: https://cdn.skypack.dev/-/@streamerbot/client@v1.12.2-9BnWw0CDQ2fH1klZ4JSh/dist=es2019,mode=imports/optimized/@streamerbot/client.js (83)
[0706/214619.505:INFO:CONSOLE(176)] "WebSocket connection to 'ws://127.0.0.1:8080/' failed: Error in connection establishment: net::ERR_CONNECTION_REFUSED", source: https://cdn.skypack.dev/-/@streamerbot/client@v1.12.2-9BnWw0CDQ2fH1klZ4JSh/dist=es2019,mode=imports/optimized/@streamerbot/client.js (176)
[0706/214619.505:INFO:CONSOLE(83)] "Failed to reconnect (attempt 89)", source: https://cdn.skypack.dev/-/@streamerbot/client@v1.12.2-9BnWw0CDQ2fH1klZ4JSh/dist=es2019,mode=imports/optimized/@streamerbot/client.js (83)
[0706/214651.552:INFO:CONSOLE(176)] "WebSocket connection to 'ws://127.0.0.1:8080/' failed: Error in connection establishment: net::ERR_CONNECTION_REFUSED", source: https://cdn.skypack.dev/-/@streamerbot/client@v1.12.2-9BnWw0CDQ2fH1klZ4JSh/dist=es2019,mode=imports/optimized/@streamerbot/client.js (176)
[0706/214651.552:INFO:CONSOLE(83)] "Failed to reconnect (attempt 90)", source: https://cdn.skypack.dev/-/@streamerbot/client@v1.12.2-9BnWw0CDQ2fH1klZ4JSh/dist=es2019,mode=imports/optimized/@streamerbot/client.js (83)
[0706/214723.580:INFO:CONSOLE(176)] "WebSocket connection to 'ws://127.0.0.1:8080/' failed: Error in connection establishment: net::ERR_CONNECTION_REFUSED", source: https://cdn.skypack.dev/-/@streamerbot/client@v1.12.2-9BnWw0CDQ2fH1klZ4JSh/dist=es2019,mode=imports/optimized/@streamerbot/client.js (176)
[0706/214723.580:INFO:CONSOLE(83)] "Failed to reconnect (attempt 91)", source: https://cdn.skypack.dev/-/@streamerbot/client@v1.12.2-9BnWw0CDQ2fH1klZ4JSh/dist=es2019,mode=imports/optimized/@streamerbot/client.js (83)
[0706/214755.624:INFO:CONSOLE(176)] "WebSocket connection to 'ws://127.0.0.1:8080/' failed: Error in connection establishment: net::ERR_CONNECTION_REFUSED", source: https://cdn.skypack.dev/-/@streamerbot/client@v1.12.2-9BnWw0CDQ2fH1klZ4JSh/dist=es2019,mode=imports/optimized/@streamerbot/client.js (176)
[0706/214755.624:INFO:CONSOLE(83)] "Failed to reconnect (attempt 92)", source: https://cdn.skypack.dev/-/@streamerbot/client@v1.12.2-9BnWw0CDQ2fH1klZ4JSh/dist=es2019,mode=imports/optimized/@streamerbot/client.js (83)
[0706/214827.667:INFO:CONSOLE(176)] "WebSocket connection to 'ws://127.0.0.1:8080/' failed: Error in connection establishment: net::ERR_CONNECTION_REFUSED", source: https://cdn.skypack.dev/-/@streamerbot/client@v1.12.2-9BnWw0CDQ2fH1klZ4JSh/dist=es2019,mode=imports/optimized/@streamerbot/client.js (176)
[0706/214827.667:INFO:CONSOLE(83)] "Failed to reconnect (attempt 93)", source: https://cdn.skypack.dev/-/@streamerbot/client@v1.12.2-9BnWw0CDQ2fH1klZ4JSh/dist=es2019,mode=imports/optimized/@streamerbot/client.js (83)
[0706/214859.711:INFO:CONSOLE(176)] "WebSocket connection to 'ws://127.0.0.1:8080/' failed: Error in connection establishment: net::ERR_CONNECTION_REFUSED", source: https://cdn.skypack.dev/-/@streamerbot/client@v1.12.2-9BnWw0CDQ2fH1klZ4JSh/dist=es2019,mode=imports/optimized/@streamerbot/client.js (176)
[0706/214859.712:INFO:CONSOLE(83)] "Failed to reconnect (attempt 94)", source: https://cdn.skypack.dev/-/@streamerbot/client@v1.12.2-9BnWw0CDQ2fH1klZ4JSh/dist=es2019,mode=imports/optimized/@streamerbot/client.js (83)
[0706/214931.760:INFO:CONSOLE(176)] "WebSocket connection to 'ws://127.0.0.1:8080/' failed: Error in connection establishment: net::ERR_CONNECTION_REFUSED", source: https://cdn.skypack.dev/-/@streamerbot/client@v1.12.2-9BnWw0CDQ2fH1klZ4JSh/dist=es2019,mode=imports/optimized/@streamerbot/client.js (176)
[0706/214931.760:INFO:CONSOLE(83)] "Failed to reconnect (attempt 95)", source: https://cdn.skypack.dev/-/@streamerbot/client@v1.12.2-9BnWw0CDQ2fH1klZ4JSh/dist=es2019,mode=imports/optimized/@streamerbot/client.js (83)
[0706/215003.799:INFO:CONSOLE(176)] "WebSocket connection to 'ws://127.0.0.1:8080/' failed: Error in connection establishment: net::ERR_CONNECTION_REFUSED", source: https://cdn.skypack.dev/-/@streamerbot/client@v1.12.2-9BnWw0CDQ2fH1klZ4JSh/dist=es2019,mode=imports/optimized/@streamerbot/client.js (176)
[0706/215003.799:INFO:CONSOLE(83)] "Failed to reconnect (attempt 96)", source: https://cdn.skypack.dev/-/@streamerbot/client@v1.12.2-9BnWw0CDQ2fH1klZ4JSh/dist=es2019,mode=imports/optimized/@streamerbot/client.js (83)
[0706/215035.844:INFO:CONSOLE(176)] "WebSocket connection to 'ws://127.0.0.1:8080/' failed: Error in connection establishment: net::ERR_CONNECTION_REFUSED", source: https://cdn.skypack.dev/-/@streamerbot/client@v1.12.2-9BnWw0CDQ2fH1klZ4JSh/dist=es2019,mode=imports/optimized/@streamerbot/client.js (176)
[0706/215035.844:INFO:CONSOLE(83)] "Failed to reconnect (attempt 97)", source: https://cdn.skypack.dev/-/@streamerbot/client@v1.12.2-9BnWw0CDQ2fH1klZ4JSh/dist=es2019,mode=imports/optimized/@streamerbot/client.js (83)
[0706/215107.893:INFO:CONSOLE(176)] "WebSocket connection to 'ws://127.0.0.1:8080/' failed: Error in connection establishment: net::ERR_CONNECTION_REFUSED", source: https://cdn.skypack.dev/-/@streamerbot/client@v1.12.2-9BnWw0CDQ2fH1klZ4JSh/dist=es2019,mode=imports/optimized/@streamerbot/client.js (176)
[0706/215107.893:INFO:CONSOLE(83)] "Failed to reconnect (attempt 98)", source: https://cdn.skypack.dev/-/@streamerbot/client@v1.12.2-9BnWw0CDQ2fH1klZ4JSh/dist=es2019,mode=imports/optimized/@streamerbot/client.js (83)
[0706/215139.933:INFO:CONSOLE(176)] "WebSocket connection to 'ws://127.0.0.1:8080/' failed: Error in connection establishment: net::ERR_CONNECTION_REFUSED", source: https://cdn.skypack.dev/-/@streamerbot/client@v1.12.2-9BnWw0CDQ2fH1klZ4JSh/dist=es2019,mode=imports/optimized/@streamerbot/client.js (176)
[0706/215139.933:INFO:CONSOLE(83)] "Failed to reconnect (attempt 99)", source: https://cdn.skypack.dev/-/@streamerbot/client@v1.12.2-9BnWw0CDQ2fH1klZ4JSh/dist=es2019,mode=imports/optimized/@streamerbot/client.js (83)
[0706/215211.963:INFO:CONSOLE(176)] "WebSocket connection to 'ws://127.0.0.1:8080/' failed: Error in connection establishment: net::ERR_CONNECTION_REFUSED", source: https://cdn.skypack.dev/-/@streamerbot/client@v1.12.2-9BnWw0CDQ2fH1klZ4JSh/dist=es2019,mode=imports/optimized/@streamerbot/client.js (176)
[0706/215211.963:INFO:CONSOLE(83)] "Failed to reconnect (attempt 100)", source: https://cdn.skypack.dev/-/@streamerbot/client@v1.12.2-9BnWw0CDQ2fH1klZ4JSh/dist=es2019,mode=imports/optimized/@streamerbot/client.js (83)
[0706/215244.014:INFO:CONSOLE(176)] "WebSocket connection to 'ws://127.0.0.1:8080/' failed: Error in connection establishment: net::ERR_CONNECTION_REFUSED", source: https://cdn.skypack.dev/-/@streamerbot/client@v1.12.2-9BnWw0CDQ2fH1klZ4JSh/dist=es2019,mode=imports/optimized/@streamerbot/client.js (176)
[0706/215244.014:INFO:CONSOLE(83)] "Failed to reconnect (attempt 101)", source: https://cdn.skypack.dev/-/@streamerbot/client@v1.12.2-9BnWw0CDQ2fH1klZ4JSh/dist=es2019,mode=imports/optimized/@streamerbot/client.js (83)
[0706/215316.050:INFO:CONSOLE(176)] "WebSocket connection to 'ws://127.0.0.1:8080/' failed: Error in connection establishment: net::ERR_CONNECTION_REFUSED", source: https://cdn.skypack.dev/-/@streamerbot/client@v1.12.2-9BnWw0CDQ2fH1klZ4JSh/dist=es2019,mode=imports/optimized/@streamerbot/client.js (176)
[0706/215316.050:INFO:CONSOLE(83)] "Failed to reconnect (attempt 102)", source: https://cdn.skypack.dev/-/@streamerbot/client@v1.12.2-9BnWw0CDQ2fH1klZ4JSh/dist=es2019,mode=imports/optimized/@streamerbot/client.js (83)
[0706/215348.088:INFO:CONSOLE(176)] "WebSocket connection to 'ws://127.0.0.1:8080/' failed: Error in connection establishment: net::ERR_CONNECTION_REFUSED", source: https://cdn.skypack.dev/-/@streamerbot/client@v1.12.2-9BnWw0CDQ2fH1klZ4JSh/dist=es2019,mode=imports/optimized/@streamerbot/client.js (176)
[0706/215348.088:INFO:CONSOLE(83)] "Failed to reconnect (attempt 103)", source: https://cdn.skypack.dev/-/@streamerbot/client@v1.12.2-9BnWw0CDQ2fH1klZ4JSh/dist=es2019,mode=imports/optimized/@streamerbot/client.js (83)
[0706/215420.150:INFO:CONSOLE(176)] "WebSocket connection to 'ws://127.0.0.1:8080/' failed: Error in connection establishment: net::ERR_CONNECTION_REFUSED", source: https://cdn.skypack.dev/-/@streamerbot/client@v1.12.2-9BnWw0CDQ2fH1klZ4JSh/dist=es2019,mode=imports/optimized/@streamerbot/client.js (176)
[0706/215420.150:INFO:CONSOLE(83)] "Failed to reconnect (attempt 104)", source: https://cdn.skypack.dev/-/@streamerbot/client@v1.12.2-9BnWw0CDQ2fH1klZ4JSh/dist=es2019,mode=imports/optimized/@streamerbot/client.js (83)
[0706/215452.180:INFO:CONSOLE(176)] "WebSocket connection to 'ws://127.0.0.1:8080/' failed: Error in connection establishment: net::ERR_CONNECTION_REFUSED", source: https://cdn.skypack.dev/-/@streamerbot/client@v1.12.2-9BnWw0CDQ2fH1klZ4JSh/dist=es2019,mode=imports/optimized/@streamerbot/client.js (176)
[0706/215452.180:INFO:CONSOLE(83)] "Failed to reconnect (attempt 105)", source: https://cdn.skypack.dev/-/@streamerbot/client@v1.12.2-9BnWw0CDQ2fH1klZ4JSh/dist=es2019,mode=imports/optimized/@streamerbot/client.js (83)
[0706/215524.225:INFO:CONSOLE(176)] "WebSocket connection to 'ws://127.0.0.1:8080/' failed: Error in connection establishment: net::ERR_CONNECTION_REFUSED", source: https://cdn.skypack.dev/-/@streamerbot/client@v1.12.2-9BnWw0CDQ2fH1klZ4JSh/dist=es2019,mode=imports/optimized/@streamerbot/client.js (176)
[0706/215524.225:INFO:CONSOLE(83)] "Failed to reconnect (attempt 106)", source: https://cdn.skypack.dev/-/@streamerbot/client@v1.12.2-9BnWw0CDQ2fH1klZ4JSh/dist=es2019,mode=imports/optimized/@streamerbot/client.js (83)
[0706/215556.260:INFO:CONSOLE(176)] "WebSocket connection to 'ws://127.0.0.1:8080/' failed: Error in connection establishment: net::ERR_CONNECTION_REFUSED", source: https://cdn.skypack.dev/-/@streamerbot/client@v1.12.2-9BnWw0CDQ2fH1klZ4JSh/dist=es2019,mode=imports/optimized/@streamerbot/client.js (176)
[0706/215556.260:INFO:CONSOLE(83)] "Failed to reconnect (attempt 107)", source: https://cdn.skypack.dev/-/@streamerbot/client@v1.12.2-9BnWw0CDQ2fH1klZ4JSh/dist=es2019,mode=imports/optimized/@streamerbot/client.js (83)
[0706/215628.299:INFO:CONSOLE(176)] "WebSocket connection to 'ws://127.0.0.1:8080/' failed: Error in connection establishment: net::ERR_CONNECTION_REFUSED", source: https://cdn.skypack.dev/-/@streamerbot/client@v1.12.2-9BnWw0CDQ2fH1klZ4JSh/dist=es2019,mode=imports/optimized/@streamerbot/client.js (176)
[0706/215628.299:INFO:CONSOLE(83)] "Failed to reconnect (attempt 108)", source: https://cdn.skypack.dev/-/@streamerbot/client@v1.12.2-9BnWw0CDQ2fH1klZ4JSh/dist=es2019,mode=imports/optimized/@streamerbot/client.js (83)
[0706/215700.333:INFO:CONSOLE(176)] "WebSocket connection to 'ws://127.0.0.1:8080/' failed: Error in connection establishment: net::ERR_CONNECTION_REFUSED", source: https://cdn.skypack.dev/-/@streamerbot/client@v1.12.2-9BnWw0CDQ2fH1klZ4JSh/dist=es2019,mode=imports/optimized/@streamerbot/client.js (176)
[0706/215700.333:INFO:CONSOLE(83)] "Failed to reconnect (attempt 109)", source: https://cdn.skypack.dev/-/@streamerbot/client@v1.12.2-9BnWw0CDQ2fH1klZ4JSh/dist=es2019,mode=imports/optimized/@streamerbot/client.js (83)
[0706/215732.380:INFO:CONSOLE(176)] "WebSocket connection to 'ws://127.0.0.1:8080/' failed: Error in connection establishment: net::ERR_CONNECTION_REFUSED", source: https://cdn.skypack.dev/-/@streamerbot/client@v1.12.2-9BnWw0CDQ2fH1klZ4JSh/dist=es2019,mode=imports/optimized/@streamerbot/client.js (176)
[0706/215732.380:INFO:CONSOLE(83)] "Failed to reconnect (attempt 110)", source: https://cdn.skypack.dev/-/@streamerbot/client@v1.12.2-9BnWw0CDQ2fH1klZ4JSh/dist=es2019,mode=imports/optimized/@streamerbot/client.js (83)
[0706/215804.421:INFO:CONSOLE(176)] "WebSocket connection to 'ws://127.0.0.1:8080/' failed: Error in connection establishment: net::ERR_CONNECTION_REFUSED", source: https://cdn.skypack.dev/-/@streamerbot/client@v1.12.2-9BnWw0CDQ2fH1klZ4JSh/dist=es2019,mode=imports/optimized/@streamerbot/client.js (176)
[0706/215804.421:INFO:CONSOLE(83)] "Failed to reconnect (attempt 111)", source: https://cdn.skypack.dev/-/@streamerbot/client@v1.12.2-9BnWw0CDQ2fH1klZ4JSh/dist=es2019,mode=imports/optimized/@streamerbot/client.js (83)
[0706/215836.469:INFO:CONSOLE(176)] "WebSocket connection to 'ws://127.0.0.1:8080/' failed: Error in connection establishment: net::ERR_CONNECTION_REFUSED", source: https://cdn.skypack.dev/-/@streamerbot/client@v1.12.2-9BnWw0CDQ2fH1klZ4JSh/dist=es2019,mode=imports/optimized/@streamerbot/client.js (176)
[0706/215836.469:INFO:CONSOLE(83)] "Failed to reconnect (attempt 112)", source: https://cdn.skypack.dev/-/@streamerbot/client@v1.12.2-9BnWw0CDQ2fH1klZ4JSh/dist=es2019,mode=imports/optimized/@streamerbot/client.js (83)
[0706/215908.514:INFO:CONSOLE(176)] "WebSocket connection to 'ws://127.0.0.1:8080/' failed: Error in connection establishment: net::ERR_CONNECTION_REFUSED", source: https://cdn.skypack.dev/-/@streamerbot/client@v1.12.2-9BnWw0CDQ2fH1klZ4JSh/dist=es2019,mode=imports/optimized/@streamerbot/client.js (176)
[0706/215908.514:INFO:CONSOLE(83)] "Failed to reconnect (attempt 113)", source: https://cdn.skypack.dev/-/@streamerbot/client@v1.12.2-9BnWw0CDQ2fH1klZ4JSh/dist=es2019,mode=imports/optimized/@streamerbot/client.js (83)
[0706/215940.563:INFO:CONSOLE(176)] "WebSocket connection to 'ws://127.0.0.1:8080/' failed: Error in connection establishment: net::ERR_CONNECTION_REFUSED", source: https://cdn.skypack.dev/-/@streamerbot/client@v1.12.2-9BnWw0CDQ2fH1klZ4JSh/dist=es2019,mode=imports/optimized/@streamerbot/client.js (176)
[0706/215940.563:INFO:CONSOLE(83)] "Failed to reconnect (attempt 114)", source: https://cdn.skypack.dev/-/@streamerbot/client@v1.12.2-9BnWw0CDQ2fH1klZ4JSh/dist=es2019,mode=imports/optimized/@streamerbot/client.js (83)
[0706/220012.597:INFO:CONSOLE(176)] "WebSocket connection to 'ws://127.0.0.1:8080/' failed: Error in connection establishment: net::ERR_CONNECTION_REFUSED", source: https://cdn.skypack.dev/-/@streamerbot/client@v1.12.2-9BnWw0CDQ2fH1klZ4JSh/dist=es2019,mode=imports/optimized/@streamerbot/client.js (176)
[0706/220012.597:INFO:CONSOLE(83)] "Failed to reconnect (attempt 115)", source: https://cdn.skypack.dev/-/@streamerbot/client@v1.12.2-9BnWw0CDQ2fH1klZ4JSh/dist=es2019,mode=imports/optimized/@streamerbot/client.js (83)
[0706/220044.637:INFO:CONSOLE(176)] "WebSocket connection to 'ws://127.0.0.1:8080/' failed: Error in connection establishment: net::ERR_CONNECTION_REFUSED", source: https://cdn.skypack.dev/-/@streamerbot/client@v1.12.2-9BnWw0CDQ2fH1klZ4JSh/dist=es2019,mode=imports/optimized/@streamerbot/client.js (176)
[0706/220044.637:INFO:CONSOLE(83)] "Failed to reconnect (attempt 116)", source: https://cdn.skypack.dev/-/@streamerbot/client@v1.12.2-9BnWw0CDQ2fH1klZ4JSh/dist=es2019,mode=imports/optimized/@streamerbot/client.js (83)
[0706/220116.680:INFO:CONSOLE(176)] "WebSocket connection to 'ws://127.0.0.1:8080/' failed: Error in connection establishment: net::ERR_CONNECTION_REFUSED", source: https://cdn.skypack.dev/-/@streamerbot/client@v1.12.2-9BnWw0CDQ2fH1klZ4JSh/dist=es2019,mode=imports/optimized/@streamerbot/client.js (176)
[0706/220116.680:INFO:CONSOLE(83)] "Failed to reconnect (attempt 117)", source: https://cdn.skypack.dev/-/@streamerbot/client@v1.12.2-9BnWw0CDQ2fH1klZ4JSh/dist=es2019,mode=imports/optimized/@streamerbot/client.js (83)
[0706/220148.735:INFO:CONSOLE(176)] "WebSocket connection to 'ws://127.0.0.1:8080/' failed: Error in connection establishment: net::ERR_CONNECTION_REFUSED", source: https://cdn.skypack.dev/-/@streamerbot/client@v1.12.2-9BnWw0CDQ2fH1klZ4JSh/dist=es2019,mode=imports/optimized/@streamerbot/client.js (176)
[0706/220148.735:INFO:CONSOLE(83)] "Failed to reconnect (attempt 118)", source: https://cdn.skypack.dev/-/@streamerbot/client@v1.12.2-9BnWw0CDQ2fH1klZ4JSh/dist=es2019,mode=imports/optimized/@streamerbot/client.js (83)
[0706/220220.775:INFO:CONSOLE(176)] "WebSocket connection to 'ws://127.0.0.1:8080/' failed: Error in connection establishment: net::ERR_CONNECTION_REFUSED", source: https://cdn.skypack.dev/-/@streamerbot/client@v1.12.2-9BnWw0CDQ2fH1klZ4JSh/dist=es2019,mode=imports/optimized/@streamerbot/client.js (176)
[0706/220220.775:INFO:CONSOLE(83)] "Failed to reconnect (attempt 119)", source: https://cdn.skypack.dev/-/@streamerbot/client@v1.12.2-9BnWw0CDQ2fH1klZ4JSh/dist=es2019,mode=imports/optimized/@streamerbot/client.js (83)
[0706/220252.825:INFO:CONSOLE(176)] "WebSocket connection to 'ws://127.0.0.1:8080/' failed: Error in connection establishment: net::ERR_CONNECTION_REFUSED", source: https://cdn.skypack.dev/-/@streamerbot/client@v1.12.2-9BnWw0CDQ2fH1klZ4JSh/dist=es2019,mode=imports/optimized/@streamerbot/client.js (176)
[0706/220252.825:INFO:CONSOLE(83)] "Failed to reconnect (attempt 120)", source: https://cdn.skypack.dev/-/@streamerbot/client@v1.12.2-9BnWw0CDQ2fH1klZ4JSh/dist=es2019,mode=imports/optimized/@streamerbot/client.js (83)
[0706/220324.850:INFO:CONSOLE(176)] "WebSocket connection to 'ws://127.0.0.1:8080/' failed: Error in connection establishment: net::ERR_CONNECTION_REFUSED", source: https://cdn.skypack.dev/-/@streamerbot/client@v1.12.2-9BnWw0CDQ2fH1klZ4JSh/dist=es2019,mode=imports/optimized/@streamerbot/client.js (176)
[0706/220324.850:INFO:CONSOLE(83)] "Failed to reconnect (attempt 121)", source: https://cdn.skypack.dev/-/@streamerbot/client@v1.12.2-9BnWw0CDQ2fH1klZ4JSh/dist=es2019,mode=imports/optimized/@streamerbot/client.js (83)
[0706/220356.901:INFO:CONSOLE(176)] "WebSocket connection to 'ws://127.0.0.1:8080/' failed: Error in connection establishment: net::ERR_CONNECTION_REFUSED", source: https://cdn.skypack.dev/-/@streamerbot/client@v1.12.2-9BnWw0CDQ2fH1klZ4JSh/dist=es2019,mode=imports/optimized/@streamerbot/client.js (176)
[0706/220356.901:INFO:CONSOLE(83)] "Failed to reconnect (attempt 122)", source: https://cdn.skypack.dev/-/@streamerbot/client@v1.12.2-9BnWw0CDQ2fH1klZ4JSh/dist=es2019,mode=imports/optimized/@streamerbot/client.js (83)
[0706/220428.942:INFO:CONSOLE(176)] "WebSocket connection to 'ws://127.0.0.1:8080/' failed: Error in connection establishment: net::ERR_CONNECTION_REFUSED", source: https://cdn.skypack.dev/-/@streamerbot/client@v1.12.2-9BnWw0CDQ2fH1klZ4JSh/dist=es2019,mode=imports/optimized/@streamerbot/client.js (176)
[0706/220428.942:INFO:CONSOLE(83)] "Failed to reconnect (attempt 123)", source: https://cdn.skypack.dev/-/@streamerbot/client@v1.12.2-9BnWw0CDQ2fH1klZ4JSh/dist=es2019,mode=imports/optimized/@streamerbot/client.js (83)
[0706/220500.989:INFO:CONSOLE(176)] "WebSocket connection to 'ws://127.0.0.1:8080/' failed: Error in connection establishment: net::ERR_CONNECTION_REFUSED", source: https://cdn.skypack.dev/-/@streamerbot/client@v1.12.2-9BnWw0CDQ2fH1klZ4JSh/dist=es2019,mode=imports/optimized/@streamerbot/client.js (176)
[0706/220500.989:INFO:CONSOLE(83)] "Failed to reconnect (attempt 124)", source: https://cdn.skypack.dev/-/@streamerbot/client@v1.12.2-9BnWw0CDQ2fH1klZ4JSh/dist=es2019,mode=imports/optimized/@streamerbot/client.js (83)
[0706/220533.031:INFO:CONSOLE(176)] "WebSocket connection to 'ws://127.0.0.1:8080/' failed: Error in connection establishment: net::ERR_CONNECTION_REFUSED", source: https://cdn.skypack.dev/-/@streamerbot/client@v1.12.2-9BnWw0CDQ2fH1klZ4JSh/dist=es2019,mode=imports/optimized/@streamerbot/client.js (176)
[0706/220533.031:INFO:CONSOLE(83)] "Failed to reconnect (attempt 125)", source: https://cdn.skypack.dev/-/@streamerbot/client@v1.12.2-9BnWw0CDQ2fH1klZ4JSh/dist=es2019,mode=imports/optimized/@streamerbot/client.js (83)
[0706/220605.068:INFO:CONSOLE(176)] "WebSocket connection to 'ws://127.0.0.1:8080/' failed: Error in connection establishment: net::ERR_CONNECTION_REFUSED", source: https://cdn.skypack.dev/-/@streamerbot/client@v1.12.2-9BnWw0CDQ2fH1klZ4JSh/dist=es2019,mode=imports/optimized/@streamerbot/client.js (176)
[0706/220605.068:INFO:CONSOLE(83)] "Failed to reconnect (attempt 126)", source: https://cdn.skypack.dev/-/@streamerbot/client@v1.12.2-9BnWw0CDQ2fH1klZ4JSh/dist=es2019,mode=imports/optimized/@streamerbot/client.js (83)
[0706/220637.121:INFO:CONSOLE(176)] "WebSocket connection to 'ws://127.0.0.1:8080/' failed: Error in connection establishment: net::ERR_CONNECTION_REFUSED", source: https://cdn.skypack.dev/-/@streamerbot/client@v1.12.2-9BnWw0CDQ2fH1klZ4JSh/dist=es2019,mode=imports/optimized/@streamerbot/client.js (176)
[0706/220637.121:INFO:CONSOLE(83)] "Failed to reconnect (attempt 127)", source: https://cdn.skypack.dev/-/@streamerbot/client@v1.12.2-9BnWw0CDQ2fH1klZ4JSh/dist=es2019,mode=imports/optimized/@streamerbot/client.js (83)
[0706/220709.167:INFO:CONSOLE(176)] "WebSocket connection to 'ws://127.0.0.1:8080/' failed: Error in connection establishment: net::ERR_CONNECTION_REFUSED", source: https://cdn.skypack.dev/-/@streamerbot/client@v1.12.2-9BnWw0CDQ2fH1klZ4JSh/dist=es2019,mode=imports/optimized/@streamerbot/client.js (176)
[0706/220709.167:INFO:CONSOLE(83)] "Failed to reconnect (attempt 128)", source: https://cdn.skypack.dev/-/@streamerbot/client@v1.12.2-9BnWw0CDQ2fH1klZ4JSh/dist=es2019,mode=imports/optimized/@streamerbot/client.js (83)
[0706/220741.195:INFO:CONSOLE(176)] "WebSocket connection to 'ws://127.0.0.1:8080/' failed: Error in connection establishment: net::ERR_CONNECTION_REFUSED", source: https://cdn.skypack.dev/-/@streamerbot/client@v1.12.2-9BnWw0CDQ2fH1klZ4JSh/dist=es2019,mode=imports/optimized/@streamerbot/client.js (176)
[0706/220741.195:INFO:CONSOLE(83)] "Failed to reconnect (attempt 129)", source: https://cdn.skypack.dev/-/@streamerbot/client@v1.12.2-9BnWw0CDQ2fH1klZ4JSh/dist=es2019,mode=imports/optimized/@streamerbot/client.js (83)
[0706/220813.245:INFO:CONSOLE(176)] "WebSocket connection to 'ws://127.0.0.1:8080/' failed: Error in connection establishment: net::ERR_CONNECTION_REFUSED", source: https://cdn.skypack.dev/-/@streamerbot/client@v1.12.2-9BnWw0CDQ2fH1klZ4JSh/dist=es2019,mode=imports/optimized/@streamerbot/client.js (176)
[0706/220813.245:INFO:CONSOLE(83)] "Failed to reconnect (attempt 130)", source: https://cdn.skypack.dev/-/@streamerbot/client@v1.12.2-9BnWw0CDQ2fH1klZ4JSh/dist=es2019,mode=imports/optimized/@streamerbot/client.js (83)
[0706/220845.290:INFO:CONSOLE(176)] "WebSocket connection to 'ws://127.0.0.1:8080/' failed: Error in connection establishment: net::ERR_CONNECTION_REFUSED", source: https://cdn.skypack.dev/-/@streamerbot/client@v1.12.2-9BnWw0CDQ2fH1klZ4JSh/dist=es2019,mode=imports/optimized/@streamerbot/client.js (176)
[0706/220845.290:INFO:CONSOLE(83)] "Failed to reconnect (attempt 131)", source: https://cdn.skypack.dev/-/@streamerbot/client@v1.12.2-9BnWw0CDQ2fH1klZ4JSh/dist=es2019,mode=imports/optimized/@streamerbot/client.js (83)
[0706/220917.324:INFO:CONSOLE(176)] "WebSocket connection to 'ws://127.0.0.1:8080/' failed: Error in connection establishment: net::ERR_CONNECTION_REFUSED", source: https://cdn.skypack.dev/-/@streamerbot/client@v1.12.2-9BnWw0CDQ2fH1klZ4JSh/dist=es2019,mode=imports/optimized/@streamerbot/client.js (176)
[0706/220917.324:INFO:CONSOLE(83)] "Failed to reconnect (attempt 132)", source: https://cdn.skypack.dev/-/@streamerbot/client@v1.12.2-9BnWw0CDQ2fH1klZ4JSh/dist=es2019,mode=imports/optimized/@streamerbot/client.js (83)
[0706/220949.378:INFO:CONSOLE(176)] "WebSocket connection to 'ws://127.0.0.1:8080/' failed: Error in connection establishment: net::ERR_CONNECTION_REFUSED", source: https://cdn.skypack.dev/-/@streamerbot/client@v1.12.2-9BnWw0CDQ2fH1klZ4JSh/dist=es2019,mode=imports/optimized/@streamerbot/client.js (176)
[0706/220949.378:INFO:CONSOLE(83)] "Failed to reconnect (attempt 133)", source: https://cdn.skypack.dev/-/@streamerbot/client@v1.12.2-9BnWw0CDQ2fH1klZ4JSh/dist=es2019,mode=imports/optimized/@streamerbot/client.js (83)
[0706/221021.419:INFO:CONSOLE(176)] "WebSocket connection to 'ws://127.0.0.1:8080/' failed: Error in connection establishment: net::ERR_CONNECTION_REFUSED", source: https://cdn.skypack.dev/-/@streamerbot/client@v1.12.2-9BnWw0CDQ2fH1klZ4JSh/dist=es2019,mode=imports/optimized/@streamerbot/client.js (176)
[0706/221021.419:INFO:CONSOLE(83)] "Failed to reconnect (attempt 134)", source: https://cdn.skypack.dev/-/@streamerbot/client@v1.12.2-9BnWw0CDQ2fH1klZ4JSh/dist=es2019,mode=imports/optimized/@streamerbot/client.js (83)
[0706/221053.445:INFO:CONSOLE(176)] "WebSocket connection to 'ws://127.0.0.1:8080/' failed: Error in connection establishment: net::ERR_CONNECTION_REFUSED", source: https://cdn.skypack.dev/-/@streamerbot/client@v1.12.2-9BnWw0CDQ2fH1klZ4JSh/dist=es2019,mode=imports/optimized/@streamerbot/client.js (176)
[0706/221053.445:INFO:CONSOLE(83)] "Failed to reconnect (attempt 135)", source: https://cdn.skypack.dev/-/@streamerbot/client@v1.12.2-9BnWw0CDQ2fH1klZ4JSh/dist=es2019,mode=imports/optimized/@streamerbot/client.js (83)
[0706/221125.494:INFO:CONSOLE(176)] "WebSocket connection to 'ws://127.0.0.1:8080/' failed: Error in connection establishment: net::ERR_CONNECTION_REFUSED", source: https://cdn.skypack.dev/-/@streamerbot/client@v1.12.2-9BnWw0CDQ2fH1klZ4JSh/dist=es2019,mode=imports/optimized/@streamerbot/client.js (176)
[0706/221125.494:INFO:CONSOLE(83)] "Failed to reconnect (attempt 136)", source: https://cdn.skypack.dev/-/@streamerbot/client@v1.12.2-9BnWw0CDQ2fH1klZ4JSh/dist=es2019,mode=imports/optimized/@streamerbot/client.js (83)
[0706/221157.543:INFO:CONSOLE(176)] "WebSocket connection to 'ws://127.0.0.1:8080/' failed: Error in connection establishment: net::ERR_CONNECTION_REFUSED", source: https://cdn.skypack.dev/-/@streamerbot/client@v1.12.2-9BnWw0CDQ2fH1klZ4JSh/dist=es2019,mode=imports/optimized/@streamerbot/client.js (176)
[0706/221157.543:INFO:CONSOLE(83)] "Failed to reconnect (attempt 137)", source: https://cdn.skypack.dev/-/@streamerbot/client@v1.12.2-9BnWw0CDQ2fH1klZ4JSh/dist=es2019,mode=imports/optimized/@streamerbot/client.js (83)
[0706/221229.587:INFO:CONSOLE(176)] "WebSocket connection to 'ws://127.0.0.1:8080/' failed: Error in connection establishment: net::ERR_CONNECTION_REFUSED", source: https://cdn.skypack.dev/-/@streamerbot/client@v1.12.2-9BnWw0CDQ2fH1klZ4JSh/dist=es2019,mode=imports/optimized/@streamerbot/client.js (176)
[0706/221229.587:INFO:CONSOLE(83)] "Failed to reconnect (attempt 138)", source: https://cdn.skypack.dev/-/@streamerbot/client@v1.12.2-9BnWw0CDQ2fH1klZ4JSh/dist=es2019,mode=imports/optimized/@streamerbot/client.js (83)
[0706/221301.632:INFO:CONSOLE(176)] "WebSocket connection to 'ws://127.0.0.1:8080/' failed: Error in connection establishment: net::ERR_CONNECTION_REFUSED", source: https://cdn.skypack.dev/-/@streamerbot/client@v1.12.2-9BnWw0CDQ2fH1klZ4JSh/dist=es2019,mode=imports/optimized/@streamerbot/client.js (176)
[0706/221301.633:INFO:CONSOLE(83)] "Failed to reconnect (attempt 139)", source: https://cdn.skypack.dev/-/@streamerbot/client@v1.12.2-9BnWw0CDQ2fH1klZ4JSh/dist=es2019,mode=imports/optimized/@streamerbot/client.js (83)
[0706/221333.660:INFO:CONSOLE(176)] "WebSocket connection to 'ws://127.0.0.1:8080/' failed: Error in connection establishment: net::ERR_CONNECTION_REFUSED", source: https://cdn.skypack.dev/-/@streamerbot/client@v1.12.2-9BnWw0CDQ2fH1klZ4JSh/dist=es2019,mode=imports/optimized/@streamerbot/client.js (176)
[0706/221333.660:INFO:CONSOLE(83)] "Failed to reconnect (attempt 140)", source: https://cdn.skypack.dev/-/@streamerbot/client@v1.12.2-9BnWw0CDQ2fH1klZ4JSh/dist=es2019,mode=imports/optimized/@streamerbot/client.js (83)
[0706/221405.715:INFO:CONSOLE(176)] "WebSocket connection to 'ws://127.0.0.1:8080/' failed: Error in connection establishment: net::ERR_CONNECTION_REFUSED", source: https://cdn.skypack.dev/-/@streamerbot/client@v1.12.2-9BnWw0CDQ2fH1klZ4JSh/dist=es2019,mode=imports/optimized/@streamerbot/client.js (176)
[0706/221405.715:INFO:CONSOLE(83)] "Failed to reconnect (attempt 141)", source: https://cdn.skypack.dev/-/@streamerbot/client@v1.12.2-9BnWw0CDQ2fH1klZ4JSh/dist=es2019,mode=imports/optimized/@streamerbot/client.js (83)
[0706/221437.750:INFO:CONSOLE(176)] "WebSocket connection to 'ws://127.0.0.1:8080/' failed: Error in connection establishment: net::ERR_CONNECTION_REFUSED", source: https://cdn.skypack.dev/-/@streamerbot/client@v1.12.2-9BnWw0CDQ2fH1klZ4JSh/dist=es2019,mode=imports/optimized/@streamerbot/client.js (176)
[0706/221437.750:INFO:CONSOLE(83)] "Failed to reconnect (attempt 142)", source: https://cdn.skypack.dev/-/@streamerbot/client@v1.12.2-9BnWw0CDQ2fH1klZ4JSh/dist=es2019,mode=imports/optimized/@streamerbot/client.js (83)
[0706/221509.796:INFO:CONSOLE(176)] "WebSocket connection to 'ws://127.0.0.1:8080/' failed: Error in connection establishment: net::ERR_CONNECTION_REFUSED", source: https://cdn.skypack.dev/-/@streamerbot/client@v1.12.2-9BnWw0CDQ2fH1klZ4JSh/dist=es2019,mode=imports/optimized/@streamerbot/client.js (176)
[0706/221509.796:INFO:CONSOLE(83)] "Failed to reconnect (attempt 143)", source: https://cdn.skypack.dev/-/@streamerbot/client@v1.12.2-9BnWw0CDQ2fH1klZ4JSh/dist=es2019,mode=imports/optimized/@streamerbot/client.js (83)
[0706/221541.831:INFO:CONSOLE(176)] "WebSocket connection to 'ws://127.0.0.1:8080/' failed: Error in connection establishment: net::ERR_CONNECTION_REFUSED", source: https://cdn.skypack.dev/-/@streamerbot/client@v1.12.2-9BnWw0CDQ2fH1klZ4JSh/dist=es2019,mode=imports/optimized/@streamerbot/client.js (176)
[0706/221541.831:INFO:CONSOLE(83)] "Failed to reconnect (attempt 144)", source: https://cdn.skypack.dev/-/@streamerbot/client@v1.12.2-9BnWw0CDQ2fH1klZ4JSh/dist=es2019,mode=imports/optimized/@streamerbot/client.js (83)
[0706/221613.877:INFO:CONSOLE(176)] "WebSocket connection to 'ws://127.0.0.1:8080/' failed: Error in connection establishment: net::ERR_CONNECTION_REFUSED", source: https://cdn.skypack.dev/-/@streamerbot/client@v1.12.2-9BnWw0CDQ2fH1klZ4JSh/dist=es2019,mode=imports/optimized/@streamerbot/client.js (176)
[0706/221613.877:INFO:CONSOLE(83)] "Failed to reconnect (attempt 145)", source: https://cdn.skypack.dev/-/@streamerbot/client@v1.12.2-9BnWw0CDQ2fH1klZ4JSh/dist=es2019,mode=imports/optimized/@streamerbot/client.js (83)
[0706/221645.906:INFO:CONSOLE(176)] "WebSocket connection to 'ws://127.0.0.1:8080/' failed: Error in connection establishment: net::ERR_CONNECTION_REFUSED", source: https://cdn.skypack.dev/-/@streamerbot/client@v1.12.2-9BnWw0CDQ2fH1klZ4JSh/dist=es2019,mode=imports/optimized/@streamerbot/client.js (176)
[0706/221645.906:INFO:CONSOLE(83)] "Failed to reconnect (attempt 146)", source: https://cdn.skypack.dev/-/@streamerbot/client@v1.12.2-9BnWw0CDQ2fH1klZ4JSh/dist=es2019,mode=imports/optimized/@streamerbot/client.js (83)
[0706/221717.950:INFO:CONSOLE(176)] "WebSocket connection to 'ws://127.0.0.1:8080/' failed: Error in connection establishment: net::ERR_CONNECTION_REFUSED", source: https://cdn.skypack.dev/-/@streamerbot/client@v1.12.2-9BnWw0CDQ2fH1klZ4JSh/dist=es2019,mode=imports/optimized/@streamerbot/client.js (176)
[0706/221717.950:INFO:CONSOLE(83)] "Failed to reconnect (attempt 147)", source: https://cdn.skypack.dev/-/@streamerbot/client@v1.12.2-9BnWw0CDQ2fH1klZ4JSh/dist=es2019,mode=imports/optimized/@streamerbot/client.js (83)
[0706/221749.987:INFO:CONSOLE(176)] "WebSocket connection to 'ws://127.0.0.1:8080/' failed: Error in connection establishment: net::ERR_CONNECTION_REFUSED", source: https://cdn.skypack.dev/-/@streamerbot/client@v1.12.2-9BnWw0CDQ2fH1klZ4JSh/dist=es2019,mode=imports/optimized/@streamerbot/client.js (176)
[0706/221749.987:INFO:CONSOLE(83)] "Failed to reconnect (attempt 148)", source: https://cdn.skypack.dev/-/@streamerbot/client@v1.12.2-9BnWw0CDQ2fH1klZ4JSh/dist=es2019,mode=imports/optimized/@streamerbot/client.js (83)
[0706/221822.020:INFO:CONSOLE(176)] "WebSocket connection to 'ws://127.0.0.1:8080/' failed: Error in connection establishment: net::ERR_CONNECTION_REFUSED", source: https://cdn.skypack.dev/-/@streamerbot/client@v1.12.2-9BnWw0CDQ2fH1klZ4JSh/dist=es2019,mode=imports/optimized/@streamerbot/client.js (176)
[0706/221822.020:INFO:CONSOLE(83)] "Failed to reconnect (attempt 149)", source: https://cdn.skypack.dev/-/@streamerbot/client@v1.12.2-9BnWw0CDQ2fH1klZ4JSh/dist=es2019,mode=imports/optimized/@streamerbot/client.js (83)
[0706/221854.041:INFO:CONSOLE(176)] "WebSocket connection to 'ws://127.0.0.1:8080/' failed: Error in connection establishment: net::ERR_CONNECTION_REFUSED", source: https://cdn.skypack.dev/-/@streamerbot/client@v1.12.2-9BnWw0CDQ2fH1klZ4JSh/dist=es2019,mode=imports/optimized/@streamerbot/client.js (176)
[0706/221854.041:INFO:CONSOLE(83)] "Failed to reconnect (attempt 150)", source: https://cdn.skypack.dev/-/@streamerbot/client@v1.12.2-9BnWw0CDQ2fH1klZ4JSh/dist=es2019,mode=imports/optimized/@streamerbot/client.js (83)
[0706/221926.072:INFO:CONSOLE(176)] "WebSocket connection to 'ws://127.0.0.1:8080/' failed: Error in connection establishment: net::ERR_CONNECTION_REFUSED", source: https://cdn.skypack.dev/-/@streamerbot/client@v1.12.2-9BnWw0CDQ2fH1klZ4JSh/dist=es2019,mode=imports/optimized/@streamerbot/client.js (176)
[0706/221926.072:INFO:CONSOLE(83)] "Failed to reconnect (attempt 151)", source: https://cdn.skypack.dev/-/@streamerbot/client@v1.12.2-9BnWw0CDQ2fH1klZ4JSh/dist=es2019,mode=imports/optimized/@streamerbot/client.js (83)
[0706/221958.113:INFO:CONSOLE(176)] "WebSocket connection to 'ws://127.0.0.1:8080/' failed: Error in connection establishment: net::ERR_CONNECTION_REFUSED", source: https://cdn.skypack.dev/-/@streamerbot/client@v1.12.2-9BnWw0CDQ2fH1klZ4JSh/dist=es2019,mode=imports/optimized/@streamerbot/client.js (176)
[0706/221958.113:INFO:CONSOLE(83)] "Failed to reconnect (attempt 152)", source: https://cdn.skypack.dev/-/@streamerbot/client@v1.12.2-9BnWw0CDQ2fH1klZ4JSh/dist=es2019,mode=imports/optimized/@streamerbot/client.js (83)
[0706/222030.160:INFO:CONSOLE(176)] "WebSocket connection to 'ws://127.0.0.1:8080/' failed: Error in connection establishment: net::ERR_CONNECTION_REFUSED", source: https://cdn.skypack.dev/-/@streamerbot/client@v1.12.2-9BnWw0CDQ2fH1klZ4JSh/dist=es2019,mode=imports/optimized/@streamerbot/client.js (176)
[0706/222030.160:INFO:CONSOLE(83)] "Failed to reconnect (attempt 153)", source: https://cdn.skypack.dev/-/@streamerbot/client@v1.12.2-9BnWw0CDQ2fH1klZ4JSh/dist=es2019,mode=imports/optimized/@streamerbot/client.js (83)
[0706/222102.186:INFO:CONSOLE(176)] "WebSocket connection to 'ws://127.0.0.1:8080/' failed: Error in connection establishment: net::ERR_CONNECTION_REFUSED", source: https://cdn.skypack.dev/-/@streamerbot/client@v1.12.2-9BnWw0CDQ2fH1klZ4JSh/dist=es2019,mode=imports/optimized/@streamerbot/client.js (176)
[0706/222102.186:INFO:CONSOLE(83)] "Failed to reconnect (attempt 154)", source: https://cdn.skypack.dev/-/@streamerbot/client@v1.12.2-9BnWw0CDQ2fH1klZ4JSh/dist=es2019,mode=imports/optimized/@streamerbot/client.js (83)
[0706/222134.233:INFO:CONSOLE(176)] "WebSocket connection to 'ws://127.0.0.1:8080/' failed: Error in connection establishment: net::ERR_CONNECTION_REFUSED", source: https://cdn.skypack.dev/-/@streamerbot/client@v1.12.2-9BnWw0CDQ2fH1klZ4JSh/dist=es2019,mode=imports/optimized/@streamerbot/client.js (176)
[0706/222134.233:INFO:CONSOLE(83)] "Failed to reconnect (attempt 155)", source: https://cdn.skypack.dev/-/@streamerbot/client@v1.12.2-9BnWw0CDQ2fH1klZ4JSh/dist=es2019,mode=imports/optimized/@streamerbot/client.js (83)
[0706/222206.257:INFO:CONSOLE(176)] "WebSocket connection to 'ws://127.0.0.1:8080/' failed: Error in connection establishment: net::ERR_CONNECTION_REFUSED", source: https://cdn.skypack.dev/-/@streamerbot/client@v1.12.2-9BnWw0CDQ2fH1klZ4JSh/dist=es2019,mode=imports/optimized/@streamerbot/client.js (176)
[0706/222206.257:INFO:CONSOLE(83)] "Failed to reconnect (attempt 156)", source: https://cdn.skypack.dev/-/@streamerbot/client@v1.12.2-9BnWw0CDQ2fH1klZ4JSh/dist=es2019,mode=imports/optimized/@streamerbot/client.js (83)
[0706/222238.275:INFO:CONSOLE(176)] "WebSocket connection to 'ws://127.0.0.1:8080/' failed: Error in connection establishment: net::ERR_CONNECTION_REFUSED", source: https://cdn.skypack.dev/-/@streamerbot/client@v1.12.2-9BnWw0CDQ2fH1klZ4JSh/dist=es2019,mode=imports/optimized/@streamerbot/client.js (176)
[0706/222238.275:INFO:CONSOLE(83)] "Failed to reconnect (attempt 157)", source: https://cdn.skypack.dev/-/@streamerbot/client@v1.12.2-9BnWw0CDQ2fH1klZ4JSh/dist=es2019,mode=imports/optimized/@streamerbot/client.js (83)
[0706/222310.321:INFO:CONSOLE(176)] "WebSocket connection to 'ws://127.0.0.1:8080/' failed: Error in connection establishment: net::ERR_CONNECTION_REFUSED", source: https://cdn.skypack.dev/-/@streamerbot/client@v1.12.2-9BnWw0CDQ2fH1klZ4JSh/dist=es2019,mode=imports/optimized/@streamerbot/client.js (176)
[0706/222310.321:INFO:CONSOLE(83)] "Failed to reconnect (attempt 158)", source: https://cdn.skypack.dev/-/@streamerbot/client@v1.12.2-9BnWw0CDQ2fH1klZ4JSh/dist=es2019,mode=imports/optimized/@streamerbot/client.js (83)
[0706/222342.366:INFO:CONSOLE(176)] "WebSocket connection to 'ws://127.0.0.1:8080/' failed: Error in connection establishment: net::ERR_CONNECTION_REFUSED", source: https://cdn.skypack.dev/-/@streamerbot/client@v1.12.2-9BnWw0CDQ2fH1klZ4JSh/dist=es2019,mode=imports/optimized/@streamerbot/client.js (176)
[0706/222342.366:INFO:CONSOLE(83)] "Failed to reconnect (attempt 159)", source: https://cdn.skypack.dev/-/@streamerbot/client@v1.12.2-9BnWw0CDQ2fH1klZ4JSh/dist=es2019,mode=imports/optimized/@streamerbot/client.js (83)
[0706/222414.409:INFO:CONSOLE(176)] "WebSocket connection to 'ws://127.0.0.1:8080/' failed: Error in connection establishment: net::ERR_CONNECTION_REFUSED", source: https://cdn.skypack.dev/-/@streamerbot/client@v1.12.2-9BnWw0CDQ2fH1klZ4JSh/dist=es2019,mode=imports/optimized/@streamerbot/client.js (176)
[0706/222414.409:INFO:CONSOLE(83)] "Failed to reconnect (attempt 160)", source: https://cdn.skypack.dev/-/@streamerbot/client@v1.12.2-9BnWw0CDQ2fH1klZ4JSh/dist=es2019,mode=imports/optimized/@streamerbot/client.js (83)
[0706/222446.436:INFO:CONSOLE(176)] "WebSocket connection to 'ws://127.0.0.1:8080/' failed: Error in connection establishment: net::ERR_CONNECTION_REFUSED", source: https://cdn.skypack.dev/-/@streamerbot/client@v1.12.2-9BnWw0CDQ2fH1klZ4JSh/dist=es2019,mode=imports/optimized/@streamerbot/client.js (176)
[0706/222446.436:INFO:CONSOLE(83)] "Failed to reconnect (attempt 161)", source: https://cdn.skypack.dev/-/@streamerbot/client@v1.12.2-9BnWw0CDQ2fH1klZ4JSh/dist=es2019,mode=imports/optimized/@streamerbot/client.js (83)
[0706/222518.482:INFO:CONSOLE(176)] "WebSocket connection to 'ws://127.0.0.1:8080/' failed: Error in connection establishment: net::ERR_CONNECTION_REFUSED", source: https://cdn.skypack.dev/-/@streamerbot/client@v1.12.2-9BnWw0CDQ2fH1klZ4JSh/dist=es2019,mode=imports/optimized/@streamerbot/client.js (176)
[0706/222518.482:INFO:CONSOLE(83)] "Failed to reconnect (attempt 162)", source: https://cdn.skypack.dev/-/@streamerbot/client@v1.12.2-9BnWw0CDQ2fH1klZ4JSh/dist=es2019,mode=imports/optimized/@streamerbot/client.js (83)
[0706/222550.534:INFO:CONSOLE(176)] "WebSocket connection to 'ws://127.0.0.1:8080/' failed: Error in connection establishment: net::ERR_CONNECTION_REFUSED", source: https://cdn.skypack.dev/-/@streamerbot/client@v1.12.2-9BnWw0CDQ2fH1klZ4JSh/dist=es2019,mode=imports/optimized/@streamerbot/client.js (176)
[0706/222550.534:INFO:CONSOLE(83)] "Failed to reconnect (attempt 163)", source: https://cdn.skypack.dev/-/@streamerbot/client@v1.12.2-9BnWw0CDQ2fH1klZ4JSh/dist=es2019,mode=imports/optimized/@streamerbot/client.js (83)
[0706/222622.581:INFO:CONSOLE(176)] "WebSocket connection to 'ws://127.0.0.1:8080/' failed: Error in connection establishment: net::ERR_CONNECTION_REFUSED", source: https://cdn.skypack.dev/-/@streamerbot/client@v1.12.2-9BnWw0CDQ2fH1klZ4JSh/dist=es2019,mode=imports/optimized/@streamerbot/client.js (176)
[0706/222622.581:INFO:CONSOLE(83)] "Failed to reconnect (attempt 164)", source: https://cdn.skypack.dev/-/@streamerbot/client@v1.12.2-9BnWw0CDQ2fH1klZ4JSh/dist=es2019,mode=imports/optimized/@streamerbot/client.js (83)
[0706/222654.613:INFO:CONSOLE(176)] "WebSocket connection to 'ws://127.0.0.1:8080/' failed: Error in connection establishment: net::ERR_CONNECTION_REFUSED", source: https://cdn.skypack.dev/-/@streamerbot/client@v1.12.2-9BnWw0CDQ2fH1klZ4JSh/dist=es2019,mode=imports/optimized/@streamerbot/client.js (176)
[0706/222654.613:INFO:CONSOLE(83)] "Failed to reconnect (attempt 165)", source: https://cdn.skypack.dev/-/@streamerbot/client@v1.12.2-9BnWw0CDQ2fH1klZ4JSh/dist=es2019,mode=imports/optimized/@streamerbot/client.js (83)
[0706/222726.656:INFO:CONSOLE(176)] "WebSocket connection to 'ws://127.0.0.1:8080/' failed: Error in connection establishment: net::ERR_CONNECTION_REFUSED", source: https://cdn.skypack.dev/-/@streamerbot/client@v1.12.2-9BnWw0CDQ2fH1klZ4JSh/dist=es2019,mode=imports/optimized/@streamerbot/client.js (176)
[0706/222726.656:INFO:CONSOLE(83)] "Failed to reconnect (attempt 166)", source: https://cdn.skypack.dev/-/@streamerbot/client@v1.12.2-9BnWw0CDQ2fH1klZ4JSh/dist=es2019,mode=imports/optimized/@streamerbot/client.js (83)
[0706/222758.693:INFO:CONSOLE(176)] "WebSocket connection to 'ws://127.0.0.1:8080/' failed: Error in connection establishment: net::ERR_CONNECTION_REFUSED", source: https://cdn.skypack.dev/-/@streamerbot/client@v1.12.2-9BnWw0CDQ2fH1klZ4JSh/dist=es2019,mode=imports/optimized/@streamerbot/client.js (176)
[0706/222758.693:INFO:CONSOLE(83)] "Failed to reconnect (attempt 167)", source: https://cdn.skypack.dev/-/@streamerbot/client@v1.12.2-9BnWw0CDQ2fH1klZ4JSh/dist=es2019,mode=imports/optimized/@streamerbot/client.js (83)
[0706/222830.747:INFO:CONSOLE(176)] "WebSocket connection to 'ws://127.0.0.1:8080/' failed: Error in connection establishment: net::ERR_CONNECTION_REFUSED", source: https://cdn.skypack.dev/-/@streamerbot/client@v1.12.2-9BnWw0CDQ2fH1klZ4JSh/dist=es2019,mode=imports/optimized/@streamerbot/client.js (176)
[0706/222830.747:INFO:CONSOLE(83)] "Failed to reconnect (attempt 168)", source: https://cdn.skypack.dev/-/@streamerbot/client@v1.12.2-9BnWw0CDQ2fH1klZ4JSh/dist=es2019,mode=imports/optimized/@streamerbot/client.js (83)
[0706/222902.796:INFO:CONSOLE(176)] "WebSocket connection to 'ws://127.0.0.1:8080/' failed: Error in connection establishment: net::ERR_CONNECTION_REFUSED", source: https://cdn.skypack.dev/-/@streamerbot/client@v1.12.2-9BnWw0CDQ2fH1klZ4JSh/dist=es2019,mode=imports/optimized/@streamerbot/client.js (176)
[0706/222902.796:INFO:CONSOLE(83)] "Failed to reconnect (attempt 169)", source: https://cdn.skypack.dev/-/@streamerbot/client@v1.12.2-9BnWw0CDQ2fH1klZ4JSh/dist=es2019,mode=imports/optimized/@streamerbot/client.js (83)
[0706/222934.839:INFO:CONSOLE(176)] "WebSocket connection to 'ws://127.0.0.1:8080/' failed: Error in connection establishment: net::ERR_CONNECTION_REFUSED", source: https://cdn.skypack.dev/-/@streamerbot/client@v1.12.2-9BnWw0CDQ2fH1klZ4JSh/dist=es2019,mode=imports/optimized/@streamerbot/client.js (176)
[0706/222934.839:INFO:CONSOLE(83)] "Failed to reconnect (attempt 170)", source: https://cdn.skypack.dev/-/@streamerbot/client@v1.12.2-9BnWw0CDQ2fH1klZ4JSh/dist=es2019,mode=imports/optimized/@streamerbot/client.js (83)
[0706/223006.898:INFO:CONSOLE(176)] "WebSocket connection to 'ws://127.0.0.1:8080/' failed: Error in connection establishment: net::ERR_CONNECTION_REFUSED", source: https://cdn.skypack.dev/-/@streamerbot/client@v1.12.2-9BnWw0CDQ2fH1klZ4JSh/dist=es2019,mode=imports/optimized/@streamerbot/client.js (176)
[0706/223006.898:INFO:CONSOLE(83)] "Failed to reconnect (attempt 171)", source: https://cdn.skypack.dev/-/@streamerbot/client@v1.12.2-9BnWw0CDQ2fH1klZ4JSh/dist=es2019,mode=imports/optimized/@streamerbot/client.js (83)
[0706/223038.935:INFO:CONSOLE(176)] "WebSocket connection to 'ws://127.0.0.1:8080/' failed: Error in connection establishment: net::ERR_CONNECTION_REFUSED", source: https://cdn.skypack.dev/-/@streamerbot/client@v1.12.2-9BnWw0CDQ2fH1klZ4JSh/dist=es2019,mode=imports/optimized/@streamerbot/client.js (176)
[0706/223038.935:INFO:CONSOLE(83)] "Failed to reconnect (attempt 172)", source: https://cdn.skypack.dev/-/@streamerbot/client@v1.12.2-9BnWw0CDQ2fH1klZ4JSh/dist=es2019,mode=imports/optimized/@streamerbot/client.js (83)
[0706/223110.982:INFO:CONSOLE(176)] "WebSocket connection to 'ws://127.0.0.1:8080/' failed: Error in connection establishment: net::ERR_CONNECTION_REFUSED", source: https://cdn.skypack.dev/-/@streamerbot/client@v1.12.2-9BnWw0CDQ2fH1klZ4JSh/dist=es2019,mode=imports/optimized/@streamerbot/client.js (176)
[0706/223110.982:INFO:CONSOLE(83)] "Failed to reconnect (attempt 173)", source: https://cdn.skypack.dev/-/@streamerbot/client@v1.12.2-9BnWw0CDQ2fH1klZ4JSh/dist=es2019,mode=imports/optimized/@streamerbot/client.js (83)
[0706/223143.026:INFO:CONSOLE(176)] "WebSocket connection to 'ws://127.0.0.1:8080/' failed: Error in connection establishment: net::ERR_CONNECTION_REFUSED", source: https://cdn.skypack.dev/-/@streamerbot/client@v1.12.2-9BnWw0CDQ2fH1klZ4JSh/dist=es2019,mode=imports/optimized/@streamerbot/client.js (176)
[0706/223143.026:INFO:CONSOLE(83)] "Failed to reconnect (attempt 174)", source: https://cdn.skypack.dev/-/@streamerbot/client@v1.12.2-9BnWw0CDQ2fH1klZ4JSh/dist=es2019,mode=imports/optimized/@streamerbot/client.js (83)
[0706/223215.071:INFO:CONSOLE(176)] "WebSocket connection to 'ws://127.0.0.1:8080/' failed: Error in connection establishment: net::ERR_CONNECTION_REFUSED", source: https://cdn.skypack.dev/-/@streamerbot/client@v1.12.2-9BnWw0CDQ2fH1klZ4JSh/dist=es2019,mode=imports/optimized/@streamerbot/client.js (176)
[0706/223215.071:INFO:CONSOLE(83)] "Failed to reconnect (attempt 175)", source: https://cdn.skypack.dev/-/@streamerbot/client@v1.12.2-9BnWw0CDQ2fH1klZ4JSh/dist=es2019,mode=imports/optimized/@streamerbot/client.js (83)
[0706/223247.117:INFO:CONSOLE(176)] "WebSocket connection to 'ws://127.0.0.1:8080/' failed: Error in connection establishment: net::ERR_CONNECTION_REFUSED", source: https://cdn.skypack.dev/-/@streamerbot/client@v1.12.2-9BnWw0CDQ2fH1klZ4JSh/dist=es2019,mode=imports/optimized/@streamerbot/client.js (176)
[0706/223247.117:INFO:CONSOLE(83)] "Failed to reconnect (attempt 176)", source: https://cdn.skypack.dev/-/@streamerbot/client@v1.12.2-9BnWw0CDQ2fH1klZ4JSh/dist=es2019,mode=imports/optimized/@streamerbot/client.js (83)
[0706/223319.165:INFO:CONSOLE(176)] "WebSocket connection to 'ws://127.0.0.1:8080/' failed: Error in connection establishment: net::ERR_CONNECTION_REFUSED", source: https://cdn.skypack.dev/-/@streamerbot/client@v1.12.2-9BnWw0CDQ2fH1klZ4JSh/dist=es2019,mode=imports/optimized/@streamerbot/client.js (176)
[0706/223319.165:INFO:CONSOLE(83)] "Failed to reconnect (attempt 177)", source: https://cdn.skypack.dev/-/@streamerbot/client@v1.12.2-9BnWw0CDQ2fH1klZ4JSh/dist=es2019,mode=imports/optimized/@streamerbot/client.js (83)
[0706/223351.209:INFO:CONSOLE(176)] "WebSocket connection to 'ws://127.0.0.1:8080/' failed: Error in connection establishment: net::ERR_CONNECTION_REFUSED", source: https://cdn.skypack.dev/-/@streamerbot/client@v1.12.2-9BnWw0CDQ2fH1klZ4JSh/dist=es2019,mode=imports/optimized/@streamerbot/client.js (176)
[0706/223351.209:INFO:CONSOLE(83)] "Failed to reconnect (attempt 178)", source: https://cdn.skypack.dev/-/@streamerbot/client@v1.12.2-9BnWw0CDQ2fH1klZ4JSh/dist=es2019,mode=imports/optimized/@streamerbot/client.js (83)
[0706/223423.253:INFO:CONSOLE(176)] "WebSocket connection to 'ws://127.0.0.1:8080/' failed: Error in connection establishment: net::ERR_CONNECTION_REFUSED", source: https://cdn.skypack.dev/-/@streamerbot/client@v1.12.2-9BnWw0CDQ2fH1klZ4JSh/dist=es2019,mode=imports/optimized/@streamerbot/client.js (176)
[0706/223423.253:INFO:CONSOLE(83)] "Failed to reconnect (attempt 179)", source: https://cdn.skypack.dev/-/@streamerbot/client@v1.12.2-9BnWw0CDQ2fH1klZ4JSh/dist=es2019,mode=imports/optimized/@streamerbot/client.js (83)
[0706/223455.280:INFO:CONSOLE(176)] "WebSocket connection to 'ws://127.0.0.1:8080/' failed: Error in connection establishment: net::ERR_CONNECTION_REFUSED", source: https://cdn.skypack.dev/-/@streamerbot/client@v1.12.2-9BnWw0CDQ2fH1klZ4JSh/dist=es2019,mode=imports/optimized/@streamerbot/client.js (176)
[0706/223455.280:INFO:CONSOLE(83)] "Failed to reconnect (attempt 180)", source: https://cdn.skypack.dev/-/@streamerbot/client@v1.12.2-9BnWw0CDQ2fH1klZ4JSh/dist=es2019,mode=imports/optimized/@streamerbot/client.js (83)
[0706/223527.317:INFO:CONSOLE(176)] "WebSocket connection to 'ws://127.0.0.1:8080/' failed: Error in connection establishment: net::ERR_CONNECTION_REFUSED", source: https://cdn.skypack.dev/-/@streamerbot/client@v1.12.2-9BnWw0CDQ2fH1klZ4JSh/dist=es2019,mode=imports/optimized/@streamerbot/client.js (176)
[0706/223527.317:INFO:CONSOLE(83)] "Failed to reconnect (attempt 181)", source: https://cdn.skypack.dev/-/@streamerbot/client@v1.12.2-9BnWw0CDQ2fH1klZ4JSh/dist=es2019,mode=imports/optimized/@streamerbot/client.js (83)
[0706/223559.363:INFO:CONSOLE(176)] "WebSocket connection to 'ws://127.0.0.1:8080/' failed: Error in connection establishment: net::ERR_CONNECTION_REFUSED", source: https://cdn.skypack.dev/-/@streamerbot/client@v1.12.2-9BnWw0CDQ2fH1klZ4JSh/dist=es2019,mode=imports/optimized/@streamerbot/client.js (176)
[0706/223559.363:INFO:CONSOLE(83)] "Failed to reconnect (attempt 182)", source: https://cdn.skypack.dev/-/@streamerbot/client@v1.12.2-9BnWw0CDQ2fH1klZ4JSh/dist=es2019,mode=imports/optimized/@streamerbot/client.js (83)
[0706/223631.389:INFO:CONSOLE(176)] "WebSocket connection to 'ws://127.0.0.1:8080/' failed: Error in connection establishment: net::ERR_CONNECTION_REFUSED", source: https://cdn.skypack.dev/-/@streamerbot/client@v1.12.2-9BnWw0CDQ2fH1klZ4JSh/dist=es2019,mode=imports/optimized/@streamerbot/client.js (176)
[0706/223631.389:INFO:CONSOLE(83)] "Failed to reconnect (attempt 183)", source: https://cdn.skypack.dev/-/@streamerbot/client@v1.12.2-9BnWw0CDQ2fH1klZ4JSh/dist=es2019,mode=imports/optimized/@streamerbot/client.js (83)
[0706/223703.437:INFO:CONSOLE(176)] "WebSocket connection to 'ws://127.0.0.1:8080/' failed: Error in connection establishment: net::ERR_CONNECTION_REFUSED", source: https://cdn.skypack.dev/-/@streamerbot/client@v1.12.2-9BnWw0CDQ2fH1klZ4JSh/dist=es2019,mode=imports/optimized/@streamerbot/client.js (176)
[0706/223703.437:INFO:CONSOLE(83)] "Failed to reconnect (attempt 184)", source: https://cdn.skypack.dev/-/@streamerbot/client@v1.12.2-9BnWw0CDQ2fH1klZ4JSh/dist=es2019,mode=imports/optimized/@streamerbot/client.js (83)
[0706/223735.480:INFO:CONSOLE(176)] "WebSocket connection to 'ws://127.0.0.1:8080/' failed: Error in connection establishment: net::ERR_CONNECTION_REFUSED", source: https://cdn.skypack.dev/-/@streamerbot/client@v1.12.2-9BnWw0CDQ2fH1klZ4JSh/dist=es2019,mode=imports/optimized/@streamerbot/client.js (176)
[0706/223735.480:INFO:CONSOLE(83)] "Failed to reconnect (attempt 185)", source: https://cdn.skypack.dev/-/@streamerbot/client@v1.12.2-9BnWw0CDQ2fH1klZ4JSh/dist=es2019,mode=imports/optimized/@streamerbot/client.js (83)
[0706/223807.529:INFO:CONSOLE(176)] "WebSocket connection to 'ws://127.0.0.1:8080/' failed: Error in connection establishment: net::ERR_CONNECTION_REFUSED", source: https://cdn.skypack.dev/-/@streamerbot/client@v1.12.2-9BnWw0CDQ2fH1klZ4JSh/dist=es2019,mode=imports/optimized/@streamerbot/client.js (176)
[0706/223807.529:INFO:CONSOLE(83)] "Failed to reconnect (attempt 186)", source: https://cdn.skypack.dev/-/@streamerbot/client@v1.12.2-9BnWw0CDQ2fH1klZ4JSh/dist=es2019,mode=imports/optimized/@streamerbot/client.js (83)
[0706/223839.571:INFO:CONSOLE(176)] "WebSocket connection to 'ws://127.0.0.1:8080/' failed: Error in connection establishment: net::ERR_CONNECTION_REFUSED", source: https://cdn.skypack.dev/-/@streamerbot/client@v1.12.2-9BnWw0CDQ2fH1klZ4JSh/dist=es2019,mode=imports/optimized/@streamerbot/client.js (176)
[0706/223839.571:INFO:CONSOLE(83)] "Failed to reconnect (attempt 187)", source: https://cdn.skypack.dev/-/@streamerbot/client@v1.12.2-9BnWw0CDQ2fH1klZ4JSh/dist=es2019,mode=imports/optimized/@streamerbot/client.js (83)
[0706/223911.620:INFO:CONSOLE(176)] "WebSocket connection to 'ws://127.0.0.1:8080/' failed: Error in connection establishment: net::ERR_CONNECTION_REFUSED", source: https://cdn.skypack.dev/-/@streamerbot/client@v1.12.2-9BnWw0CDQ2fH1klZ4JSh/dist=es2019,mode=imports/optimized/@streamerbot/client.js (176)
[0706/223911.620:INFO:CONSOLE(83)] "Failed to reconnect (attempt 188)", source: https://cdn.skypack.dev/-/@streamerbot/client@v1.12.2-9BnWw0CDQ2fH1klZ4JSh/dist=es2019,mode=imports/optimized/@streamerbot/client.js (83)
[0706/223943.661:INFO:CONSOLE(176)] "WebSocket connection to 'ws://127.0.0.1:8080/' failed: Error in connection establishment: net::ERR_CONNECTION_REFUSED", source: https://cdn.skypack.dev/-/@streamerbot/client@v1.12.2-9BnWw0CDQ2fH1klZ4JSh/dist=es2019,mode=imports/optimized/@streamerbot/client.js (176)
[0706/223943.661:INFO:CONSOLE(83)] "Failed to reconnect (attempt 189)", source: https://cdn.skypack.dev/-/@streamerbot/client@v1.12.2-9BnWw0CDQ2fH1klZ4JSh/dist=es2019,mode=imports/optimized/@streamerbot/client.js (83)
[0706/224015.687:INFO:CONSOLE(176)] "WebSocket connection to 'ws://127.0.0.1:8080/' failed: Error in connection establishment: net::ERR_CONNECTION_REFUSED", source: https://cdn.skypack.dev/-/@streamerbot/client@v1.12.2-9BnWw0CDQ2fH1klZ4JSh/dist=es2019,mode=imports/optimized/@streamerbot/client.js (176)
[0706/224015.687:INFO:CONSOLE(83)] "Failed to reconnect (attempt 190)", source: https://cdn.skypack.dev/-/@streamerbot/client@v1.12.2-9BnWw0CDQ2fH1klZ4JSh/dist=es2019,mode=imports/optimized/@streamerbot/client.js (83)
[0706/224047.742:INFO:CONSOLE(176)] "WebSocket connection to 'ws://127.0.0.1:8080/' failed: Error in connection establishment: net::ERR_CONNECTION_REFUSED", source: https://cdn.skypack.dev/-/@streamerbot/client@v1.12.2-9BnWw0CDQ2fH1klZ4JSh/dist=es2019,mode=imports/optimized/@streamerbot/client.js (176)
[0706/224047.742:INFO:CONSOLE(83)] "Failed to reconnect (attempt 191)", source: https://cdn.skypack.dev/-/@streamerbot/client@v1.12.2-9BnWw0CDQ2fH1klZ4JSh/dist=es2019,mode=imports/optimized/@streamerbot/client.js (83)
[0706/224119.761:INFO:CONSOLE(176)] "WebSocket connection to 'ws://127.0.0.1:8080/' failed: Error in connection establishment: net::ERR_CONNECTION_REFUSED", source: https://cdn.skypack.dev/-/@streamerbot/client@v1.12.2-9BnWw0CDQ2fH1klZ4JSh/dist=es2019,mode=imports/optimized/@streamerbot/client.js (176)
[0706/224119.761:INFO:CONSOLE(83)] "Failed to reconnect (attempt 192)", source: https://cdn.skypack.dev/-/@streamerbot/client@v1.12.2-9BnWw0CDQ2fH1klZ4JSh/dist=es2019,mode=imports/optimized/@streamerbot/client.js (83)
[0706/224151.789:INFO:CONSOLE(176)] "WebSocket connection to 'ws://127.0.0.1:8080/' failed: Error in connection establishment: net::ERR_CONNECTION_REFUSED", source: https://cdn.skypack.dev/-/@streamerbot/client@v1.12.2-9BnWw0CDQ2fH1klZ4JSh/dist=es2019,mode=imports/optimized/@streamerbot/client.js (176)
[0706/224151.789:INFO:CONSOLE(83)] "Failed to reconnect (attempt 193)", source: https://cdn.skypack.dev/-/@streamerbot/client@v1.12.2-9BnWw0CDQ2fH1klZ4JSh/dist=es2019,mode=imports/optimized/@streamerbot/client.js (83)
[0706/224223.841:INFO:CONSOLE(176)] "WebSocket connection to 'ws://127.0.0.1:8080/' failed: Error in connection establishment: net::ERR_CONNECTION_REFUSED", source: https://cdn.skypack.dev/-/@streamerbot/client@v1.12.2-9BnWw0CDQ2fH1klZ4JSh/dist=es2019,mode=imports/optimized/@streamerbot/client.js (176)
[0706/224223.841:INFO:CONSOLE(83)] "Failed to reconnect (attempt 194)", source: https://cdn.skypack.dev/-/@streamerbot/client@v1.12.2-9BnWw0CDQ2fH1klZ4JSh/dist=es2019,mode=imports/optimized/@streamerbot/client.js (83)
[0706/224255.872:INFO:CONSOLE(176)] "WebSocket connection to 'ws://127.0.0.1:8080/' failed: Error in connection establishment: net::ERR_CONNECTION_REFUSED", source: https://cdn.skypack.dev/-/@streamerbot/client@v1.12.2-9BnWw0CDQ2fH1klZ4JSh/dist=es2019,mode=imports/optimized/@streamerbot/client.js (176)
[0706/224255.872:INFO:CONSOLE(83)] "Failed to reconnect (attempt 195)", source: https://cdn.skypack.dev/-/@streamerbot/client@v1.12.2-9BnWw0CDQ2fH1klZ4JSh/dist=es2019,mode=imports/optimized/@streamerbot/client.js (83)
[0706/224327.912:INFO:CONSOLE(176)] "WebSocket connection to 'ws://127.0.0.1:8080/' failed: Error in connection establishment: net::ERR_CONNECTION_REFUSED", source: https://cdn.skypack.dev/-/@streamerbot/client@v1.12.2-9BnWw0CDQ2fH1klZ4JSh/dist=es2019,mode=imports/optimized/@streamerbot/client.js (176)
[0706/224327.912:INFO:CONSOLE(83)] "Failed to reconnect (attempt 196)", source: https://cdn.skypack.dev/-/@streamerbot/client@v1.12.2-9BnWw0CDQ2fH1klZ4JSh/dist=es2019,mode=imports/optimized/@streamerbot/client.js (83)
[0706/224359.964:INFO:CONSOLE(176)] "WebSocket connection to 'ws://127.0.0.1:8080/' failed: Error in connection establishment: net::ERR_CONNECTION_REFUSED", source: https://cdn.skypack.dev/-/@streamerbot/client@v1.12.2-9BnWw0CDQ2fH1klZ4JSh/dist=es2019,mode=imports/optimized/@streamerbot/client.js (176)
[0706/224359.964:INFO:CONSOLE(83)] "Failed to reconnect (attempt 197)", source: https://cdn.skypack.dev/-/@streamerbot/client@v1.12.2-9BnWw0CDQ2fH1klZ4JSh/dist=es2019,mode=imports/optimized/@streamerbot/client.js (83)
[0706/224432.019:INFO:CONSOLE(176)] "WebSocket connection to 'ws://127.0.0.1:8080/' failed: Error in connection establishment: net::ERR_CONNECTION_REFUSED", source: https://cdn.skypack.dev/-/@streamerbot/client@v1.12.2-9BnWw0CDQ2fH1klZ4JSh/dist=es2019,mode=imports/optimized/@streamerbot/client.js (176)
[0706/224432.019:INFO:CONSOLE(83)] "Failed to reconnect (attempt 198)", source: https://cdn.skypack.dev/-/@streamerbot/client@v1.12.2-9BnWw0CDQ2fH1klZ4JSh/dist=es2019,mode=imports/optimized/@streamerbot/client.js (83)
[0706/224504.071:INFO:CONSOLE(176)] "WebSocket connection to 'ws://127.0.0.1:8080/' failed: Error in connection establishment: net::ERR_CONNECTION_REFUSED", source: https://cdn.skypack.dev/-/@streamerbot/client@v1.12.2-9BnWw0CDQ2fH1klZ4JSh/dist=es2019,mode=imports/optimized/@streamerbot/client.js (176)
[0706/224504.071:INFO:CONSOLE(83)] "Failed to reconnect (attempt 199)", source: https://cdn.skypack.dev/-/@streamerbot/client@v1.12.2-9BnWw0CDQ2fH1klZ4JSh/dist=es2019,mode=imports/optimized/@streamerbot/client.js (83)
[0706/224536.121:INFO:CONSOLE(176)] "WebSocket connection to 'ws://127.0.0.1:8080/' failed: Error in connection establishment: net::ERR_CONNECTION_REFUSED", source: https://cdn.skypack.dev/-/@streamerbot/client@v1.12.2-9BnWw0CDQ2fH1klZ4JSh/dist=es2019,mode=imports/optimized/@streamerbot/client.js (176)
[0706/224536.121:INFO:CONSOLE(83)] "Failed to reconnect (attempt 200)", source: https://cdn.skypack.dev/-/@streamerbot/client@v1.12.2-9BnWw0CDQ2fH1klZ4JSh/dist=es2019,mode=imports/optimized/@streamerbot/client.js (83)
[0706/224608.165:INFO:CONSOLE(176)] "WebSocket connection to 'ws://127.0.0.1:8080/' failed: Error in connection establishment: net::ERR_CONNECTION_REFUSED", source: https://cdn.skypack.dev/-/@streamerbot/client@v1.12.2-9BnWw0CDQ2fH1klZ4JSh/dist=es2019,mode=imports/optimized/@streamerbot/client.js (176)
[0706/224608.165:INFO:CONSOLE(83)] "Failed to reconnect (attempt 201)", source: https://cdn.skypack.dev/-/@streamerbot/client@v1.12.2-9BnWw0CDQ2fH1klZ4JSh/dist=es2019,mode=imports/optimized/@streamerbot/client.js (83)
[0706/224640.213:INFO:CONSOLE(176)] "WebSocket connection to 'ws://127.0.0.1:8080/' failed: Error in connection establishment: net::ERR_CONNECTION_REFUSED", source: https://cdn.skypack.dev/-/@streamerbot/client@v1.12.2-9BnWw0CDQ2fH1klZ4JSh/dist=es2019,mode=imports/optimized/@streamerbot/client.js (176)
[0706/224640.213:INFO:CONSOLE(83)] "Failed to reconnect (attempt 202)", source: https://cdn.skypack.dev/-/@streamerbot/client@v1.12.2-9BnWw0CDQ2fH1klZ4JSh/dist=es2019,mode=imports/optimized/@streamerbot/client.js (83)
[0706/224712.248:INFO:CONSOLE(176)] "WebSocket connection to 'ws://127.0.0.1:8080/' failed: Error in connection establishment: net::ERR_CONNECTION_REFUSED", source: https://cdn.skypack.dev/-/@streamerbot/client@v1.12.2-9BnWw0CDQ2fH1klZ4JSh/dist=es2019,mode=imports/optimized/@streamerbot/client.js (176)
[0706/224712.248:INFO:CONSOLE(83)] "Failed to reconnect (attempt 203)", source: https://cdn.skypack.dev/-/@streamerbot/client@v1.12.2-9BnWw0CDQ2fH1klZ4JSh/dist=es2019,mode=imports/optimized/@streamerbot/client.js (83)
[0706/224744.311:INFO:CONSOLE(176)] "WebSocket connection to 'ws://127.0.0.1:8080/' failed: Error in connection establishment: net::ERR_CONNECTION_REFUSED", source: https://cdn.skypack.dev/-/@streamerbot/client@v1.12.2-9BnWw0CDQ2fH1klZ4JSh/dist=es2019,mode=imports/optimized/@streamerbot/client.js (176)
[0706/224744.311:INFO:CONSOLE(83)] "Failed to reconnect (attempt 204)", source: https://cdn.skypack.dev/-/@streamerbot/client@v1.12.2-9BnWw0CDQ2fH1klZ4JSh/dist=es2019,mode=imports/optimized/@streamerbot/client.js (83)
[0706/224816.339:INFO:CONSOLE(176)] "WebSocket connection to 'ws://127.0.0.1:8080/' failed: Error in connection establishment: net::ERR_CONNECTION_REFUSED", source: https://cdn.skypack.dev/-/@streamerbot/client@v1.12.2-9BnWw0CDQ2fH1klZ4JSh/dist=es2019,mode=imports/optimized/@streamerbot/client.js (176)
[0706/224816.340:INFO:CONSOLE(83)] "Failed to reconnect (attempt 205)", source: https://cdn.skypack.dev/-/@streamerbot/client@v1.12.2-9BnWw0CDQ2fH1klZ4JSh/dist=es2019,mode=imports/optimized/@streamerbot/client.js (83)
[0706/224848.389:INFO:CONSOLE(176)] "WebSocket connection to 'ws://127.0.0.1:8080/' failed: Error in connection establishment: net::ERR_CONNECTION_REFUSED", source: https://cdn.skypack.dev/-/@streamerbot/client@v1.12.2-9BnWw0CDQ2fH1klZ4JSh/dist=es2019,mode=imports/optimized/@streamerbot/client.js (176)
[0706/224848.389:INFO:CONSOLE(83)] "Failed to reconnect (attempt 206)", source: https://cdn.skypack.dev/-/@streamerbot/client@v1.12.2-9BnWw0CDQ2fH1klZ4JSh/dist=es2019,mode=imports/optimized/@streamerbot/client.js (83)
[0706/224920.448:INFO:CONSOLE(176)] "WebSocket connection to 'ws://127.0.0.1:8080/' failed: Error in connection establishment: net::ERR_CONNECTION_REFUSED", source: https://cdn.skypack.dev/-/@streamerbot/client@v1.12.2-9BnWw0CDQ2fH1klZ4JSh/dist=es2019,mode=imports/optimized/@streamerbot/client.js (176)
[0706/224920.448:INFO:CONSOLE(83)] "Failed to reconnect (attempt 207)", source: https://cdn.skypack.dev/-/@streamerbot/client@v1.12.2-9BnWw0CDQ2fH1klZ4JSh/dist=es2019,mode=imports/optimized/@streamerbot/client.js (83)
[0706/224952.481:INFO:CONSOLE(176)] "WebSocket connection to 'ws://127.0.0.1:8080/' failed: Error in connection establishment: net::ERR_CONNECTION_REFUSED", source: https://cdn.skypack.dev/-/@streamerbot/client@v1.12.2-9BnWw0CDQ2fH1klZ4JSh/dist=es2019,mode=imports/optimized/@streamerbot/client.js (176)
[0706/224952.481:INFO:CONSOLE(83)] "Failed to reconnect (attempt 208)", source: https://cdn.skypack.dev/-/@streamerbot/client@v1.12.2-9BnWw0CDQ2fH1klZ4JSh/dist=es2019,mode=imports/optimized/@streamerbot/client.js (83)
[0706/225024.520:INFO:CONSOLE(176)] "WebSocket connection to 'ws://127.0.0.1:8080/' failed: Error in connection establishment: net::ERR_CONNECTION_REFUSED", source: https://cdn.skypack.dev/-/@streamerbot/client@v1.12.2-9BnWw0CDQ2fH1klZ4JSh/dist=es2019,mode=imports/optimized/@streamerbot/client.js (176)
[0706/225024.520:INFO:CONSOLE(83)] "Failed to reconnect (attempt 209)", source: https://cdn.skypack.dev/-/@streamerbot/client@v1.12.2-9BnWw0CDQ2fH1klZ4JSh/dist=es2019,mode=imports/optimized/@streamerbot/client.js (83)
[0706/225056.577:INFO:CONSOLE(176)] "WebSocket connection to 'ws://127.0.0.1:8080/' failed: Error in connection establishment: net::ERR_CONNECTION_REFUSED", source: https://cdn.skypack.dev/-/@streamerbot/client@v1.12.2-9BnWw0CDQ2fH1klZ4JSh/dist=es2019,mode=imports/optimized/@streamerbot/client.js (176)
[0706/225056.577:INFO:CONSOLE(83)] "Failed to reconnect (attempt 210)", source: https://cdn.skypack.dev/-/@streamerbot/client@v1.12.2-9BnWw0CDQ2fH1klZ4JSh/dist=es2019,mode=imports/optimized/@streamerbot/client.js (83)
[0706/225128.616:INFO:CONSOLE(176)] "WebSocket connection to 'ws://127.0.0.1:8080/' failed: Error in connection establishment: net::ERR_CONNECTION_REFUSED", source: https://cdn.skypack.dev/-/@streamerbot/client@v1.12.2-9BnWw0CDQ2fH1klZ4JSh/dist=es2019,mode=imports/optimized/@streamerbot/client.js (176)
[0706/225128.616:INFO:CONSOLE(83)] "Failed to reconnect (attempt 211)", source: https://cdn.skypack.dev/-/@streamerbot/client@v1.12.2-9BnWw0CDQ2fH1klZ4JSh/dist=es2019,mode=imports/optimized/@streamerbot/client.js (83)
[0706/225200.653:INFO:CONSOLE(176)] "WebSocket connection to 'ws://127.0.0.1:8080/' failed: Error in connection establishment: net::ERR_CONNECTION_REFUSED", source: https://cdn.skypack.dev/-/@streamerbot/client@v1.12.2-9BnWw0CDQ2fH1klZ4JSh/dist=es2019,mode=imports/optimized/@streamerbot/client.js (176)
[0706/225200.653:INFO:CONSOLE(83)] "Failed to reconnect (attempt 212)", source: https://cdn.skypack.dev/-/@streamerbot/client@v1.12.2-9BnWw0CDQ2fH1klZ4JSh/dist=es2019,mode=imports/optimized/@streamerbot/client.js (83)
[0706/225232.675:INFO:CONSOLE(176)] "WebSocket connection to 'ws://127.0.0.1:8080/' failed: Error in connection establishment: net::ERR_CONNECTION_REFUSED", source: https://cdn.skypack.dev/-/@streamerbot/client@v1.12.2-9BnWw0CDQ2fH1klZ4JSh/dist=es2019,mode=imports/optimized/@streamerbot/client.js (176)
[0706/225232.675:INFO:CONSOLE(83)] "Failed to reconnect (attempt 213)", source: https://cdn.skypack.dev/-/@streamerbot/client@v1.12.2-9BnWw0CDQ2fH1klZ4JSh/dist=es2019,mode=imports/optimized/@streamerbot/client.js (83)
[0706/225304.738:INFO:CONSOLE(176)] "WebSocket connection to 'ws://127.0.0.1:8080/' failed: Error in connection establishment: net::ERR_CONNECTION_REFUSED", source: https://cdn.skypack.dev/-/@streamerbot/client@v1.12.2-9BnWw0CDQ2fH1klZ4JSh/dist=es2019,mode=imports/optimized/@streamerbot/client.js (176)
[0706/225304.738:INFO:CONSOLE(83)] "Failed to reconnect (attempt 214)", source: https://cdn.skypack.dev/-/@streamerbot/client@v1.12.2-9BnWw0CDQ2fH1klZ4JSh/dist=es2019,mode=imports/optimized/@streamerbot/client.js (83)
[0706/225336.767:INFO:CONSOLE(176)] "WebSocket connection to 'ws://127.0.0.1:8080/' failed: Error in connection establishment: net::ERR_CONNECTION_REFUSED", source: https://cdn.skypack.dev/-/@streamerbot/client@v1.12.2-9BnWw0CDQ2fH1klZ4JSh/dist=es2019,mode=imports/optimized/@streamerbot/client.js (176)
[0706/225336.767:INFO:CONSOLE(83)] "Failed to reconnect (attempt 215)", source: https://cdn.skypack.dev/-/@streamerbot/client@v1.12.2-9BnWw0CDQ2fH1klZ4JSh/dist=es2019,mode=imports/optimized/@streamerbot/client.js (83)
[0706/225408.817:INFO:CONSOLE(176)] "WebSocket connection to 'ws://127.0.0.1:8080/' failed: Error in connection establishment: net::ERR_CONNECTION_REFUSED", source: https://cdn.skypack.dev/-/@streamerbot/client@v1.12.2-9BnWw0CDQ2fH1klZ4JSh/dist=es2019,mode=imports/optimized/@streamerbot/client.js (176)
[0706/225408.817:INFO:CONSOLE(83)] "Failed to reconnect (attempt 216)", source: https://cdn.skypack.dev/-/@streamerbot/client@v1.12.2-9BnWw0CDQ2fH1klZ4JSh/dist=es2019,mode=imports/optimized/@streamerbot/client.js (83)
[0706/225440.859:INFO:CONSOLE(176)] "WebSocket connection to 'ws://127.0.0.1:8080/' failed: Error in connection establishment: net::ERR_CONNECTION_REFUSED", source: https://cdn.skypack.dev/-/@streamerbot/client@v1.12.2-9BnWw0CDQ2fH1klZ4JSh/dist=es2019,mode=imports/optimized/@streamerbot/client.js (176)
[0706/225440.859:INFO:CONSOLE(83)] "Failed to reconnect (attempt 217)", source: https://cdn.skypack.dev/-/@streamerbot/client@v1.12.2-9BnWw0CDQ2fH1klZ4JSh/dist=es2019,mode=imports/optimized/@streamerbot/client.js (83)
[0706/225512.923:INFO:CONSOLE(176)] "WebSocket connection to 'ws://127.0.0.1:8080/' failed: Error in connection establishment: net::ERR_CONNECTION_REFUSED", source: https://cdn.skypack.dev/-/@streamerbot/client@v1.12.2-9BnWw0CDQ2fH1klZ4JSh/dist=es2019,mode=imports/optimized/@streamerbot/client.js (176)
[0706/225512.923:INFO:CONSOLE(83)] "Failed to reconnect (attempt 218)", source: https://cdn.skypack.dev/-/@streamerbot/client@v1.12.2-9BnWw0CDQ2fH1klZ4JSh/dist=es2019,mode=imports/optimized/@streamerbot/client.js (83)
[0706/225544.968:INFO:CONSOLE(176)] "WebSocket connection to 'ws://127.0.0.1:8080/' failed: Error in connection establishment: net::ERR_CONNECTION_REFUSED", source: https://cdn.skypack.dev/-/@streamerbot/client@v1.12.2-9BnWw0CDQ2fH1klZ4JSh/dist=es2019,mode=imports/optimized/@streamerbot/client.js (176)
[0706/225544.968:INFO:CONSOLE(83)] "Failed to reconnect (attempt 219)", source: https://cdn.skypack.dev/-/@streamerbot/client@v1.12.2-9BnWw0CDQ2fH1klZ4JSh/dist=es2019,mode=imports/optimized/@streamerbot/client.js (83)
[0706/225616.997:INFO:CONSOLE(176)] "WebSocket connection to 'ws://127.0.0.1:8080/' failed: Error in connection establishment: net::ERR_CONNECTION_REFUSED", source: https://cdn.skypack.dev/-/@streamerbot/client@v1.12.2-9BnWw0CDQ2fH1klZ4JSh/dist=es2019,mode=imports/optimized/@streamerbot/client.js (176)
[0706/225616.997:INFO:CONSOLE(83)] "Failed to reconnect (attempt 220)", source: https://cdn.skypack.dev/-/@streamerbot/client@v1.12.2-9BnWw0CDQ2fH1klZ4JSh/dist=es2019,mode=imports/optimized/@streamerbot/client.js (83)
[0706/225649.059:INFO:CONSOLE(176)] "WebSocket connection to 'ws://127.0.0.1:8080/' failed: Error in connection establishment: net::ERR_CONNECTION_REFUSED", source: https://cdn.skypack.dev/-/@streamerbot/client@v1.12.2-9BnWw0CDQ2fH1klZ4JSh/dist=es2019,mode=imports/optimized/@streamerbot/client.js (176)
[0706/225649.059:INFO:CONSOLE(83)] "Failed to reconnect (attempt 221)", source: https://cdn.skypack.dev/-/@streamerbot/client@v1.12.2-9BnWw0CDQ2fH1klZ4JSh/dist=es2019,mode=imports/optimized/@streamerbot/client.js (83)
[0706/225721.107:INFO:CONSOLE(176)] "WebSocket connection to 'ws://127.0.0.1:8080/' failed: Error in connection establishment: net::ERR_CONNECTION_REFUSED", source: https://cdn.skypack.dev/-/@streamerbot/client@v1.12.2-9BnWw0CDQ2fH1klZ4JSh/dist=es2019,mode=imports/optimized/@streamerbot/client.js (176)
[0706/225721.107:INFO:CONSOLE(83)] "Failed to reconnect (attempt 222)", source: https://cdn.skypack.dev/-/@streamerbot/client@v1.12.2-9BnWw0CDQ2fH1klZ4JSh/dist=es2019,mode=imports/optimized/@streamerbot/client.js (83)
[0706/225753.142:INFO:CONSOLE(176)] "WebSocket connection to 'ws://127.0.0.1:8080/' failed: Error in connection establishment: net::ERR_CONNECTION_REFUSED", source: https://cdn.skypack.dev/-/@streamerbot/client@v1.12.2-9BnWw0CDQ2fH1klZ4JSh/dist=es2019,mode=imports/optimized/@streamerbot/client.js (176)
[0706/225753.142:INFO:CONSOLE(83)] "Failed to reconnect (attempt 223)", source: https://cdn.skypack.dev/-/@streamerbot/client@v1.12.2-9BnWw0CDQ2fH1klZ4JSh/dist=es2019,mode=imports/optimized/@streamerbot/client.js (83)
[0706/225825.182:INFO:CONSOLE(176)] "WebSocket connection to 'ws://127.0.0.1:8080/' failed: Error in connection establishment: net::ERR_CONNECTION_REFUSED", source: https://cdn.skypack.dev/-/@streamerbot/client@v1.12.2-9BnWw0CDQ2fH1klZ4JSh/dist=es2019,mode=imports/optimized/@streamerbot/client.js (176)
[0706/225825.182:INFO:CONSOLE(83)] "Failed to reconnect (attempt 224)", source: https://cdn.skypack.dev/-/@streamerbot/client@v1.12.2-9BnWw0CDQ2fH1klZ4JSh/dist=es2019,mode=imports/optimized/@streamerbot/client.js (83)
[0706/225857.227:INFO:CONSOLE(176)] "WebSocket connection to 'ws://127.0.0.1:8080/' failed: Error in connection establishment: net::ERR_CONNECTION_REFUSED", source: https://cdn.skypack.dev/-/@streamerbot/client@v1.12.2-9BnWw0CDQ2fH1klZ4JSh/dist=es2019,mode=imports/optimized/@streamerbot/client.js (176)
[0706/225857.227:INFO:CONSOLE(83)] "Failed to reconnect (attempt 225)", source: https://cdn.skypack.dev/-/@streamerbot/client@v1.12.2-9BnWw0CDQ2fH1klZ4JSh/dist=es2019,mode=imports/optimized/@streamerbot/client.js (83)
[0706/225929.266:INFO:CONSOLE(176)] "WebSocket connection to 'ws://127.0.0.1:8080/' failed: Error in connection establishment: net::ERR_CONNECTION_REFUSED", source: https://cdn.skypack.dev/-/@streamerbot/client@v1.12.2-9BnWw0CDQ2fH1klZ4JSh/dist=es2019,mode=imports/optimized/@streamerbot/client.js (176)
[0706/225929.266:INFO:CONSOLE(83)] "Failed to reconnect (attempt 226)", source: https://cdn.skypack.dev/-/@streamerbot/client@v1.12.2-9BnWw0CDQ2fH1klZ4JSh/dist=es2019,mode=imports/optimized/@streamerbot/client.js (83)
[0706/230001.308:INFO:CONSOLE(176)] "WebSocket connection to 'ws://127.0.0.1:8080/' failed: Error in connection establishment: net::ERR_CONNECTION_REFUSED", source: https://cdn.skypack.dev/-/@streamerbot/client@v1.12.2-9BnWw0CDQ2fH1klZ4JSh/dist=es2019,mode=imports/optimized/@streamerbot/client.js (176)
[0706/230001.308:INFO:CONSOLE(83)] "Failed to reconnect (attempt 227)", source: https://cdn.skypack.dev/-/@streamerbot/client@v1.12.2-9BnWw0CDQ2fH1klZ4JSh/dist=es2019,mode=imports/optimized/@streamerbot/client.js (83)
[0706/230033.351:INFO:CONSOLE(176)] "WebSocket connection to 'ws://127.0.0.1:8080/' failed: Error in connection establishment: net::ERR_CONNECTION_REFUSED", source: https://cdn.skypack.dev/-/@streamerbot/client@v1.12.2-9BnWw0CDQ2fH1klZ4JSh/dist=es2019,mode=imports/optimized/@streamerbot/client.js (176)
[0706/230033.351:INFO:CONSOLE(83)] "Failed to reconnect (attempt 228)", source: https://cdn.skypack.dev/-/@streamerbot/client@v1.12.2-9BnWw0CDQ2fH1klZ4JSh/dist=es2019,mode=imports/optimized/@streamerbot/client.js (83)
[0706/230105.388:INFO:CONSOLE(176)] "WebSocket connection to 'ws://127.0.0.1:8080/' failed: Error in connection establishment: net::ERR_CONNECTION_REFUSED", source: https://cdn.skypack.dev/-/@streamerbot/client@v1.12.2-9BnWw0CDQ2fH1klZ4JSh/dist=es2019,mode=imports/optimized/@streamerbot/client.js (176)
[0706/230105.388:INFO:CONSOLE(83)] "Failed to reconnect (attempt 229)", source: https://cdn.skypack.dev/-/@streamerbot/client@v1.12.2-9BnWw0CDQ2fH1klZ4JSh/dist=es2019,mode=imports/optimized/@streamerbot/client.js (83)
[0706/230137.420:INFO:CONSOLE(176)] "WebSocket connection to 'ws://127.0.0.1:8080/' failed: Error in connection establishment: net::ERR_CONNECTION_REFUSED", source: https://cdn.skypack.dev/-/@streamerbot/client@v1.12.2-9BnWw0CDQ2fH1klZ4JSh/dist=es2019,mode=imports/optimized/@streamerbot/client.js (176)
[0706/230137.420:INFO:CONSOLE(83)] "Failed to reconnect (attempt 230)", source: https://cdn.skypack.dev/-/@streamerbot/client@v1.12.2-9BnWw0CDQ2fH1klZ4JSh/dist=es2019,mode=imports/optimized/@streamerbot/client.js (83)
[0706/230209.431:INFO:CONSOLE(176)] "WebSocket connection to 'ws://127.0.0.1:8080/' failed: Error in connection establishment: net::ERR_CONNECTION_REFUSED", source: https://cdn.skypack.dev/-/@streamerbot/client@v1.12.2-9BnWw0CDQ2fH1klZ4JSh/dist=es2019,mode=imports/optimized/@streamerbot/client.js (176)
[0706/230209.431:INFO:CONSOLE(83)] "Failed to reconnect (attempt 231)", source: https://cdn.skypack.dev/-/@streamerbot/client@v1.12.2-9BnWw0CDQ2fH1klZ4JSh/dist=es2019,mode=imports/optimized/@streamerbot/client.js (83)
[0706/230225.098:WARNING:gpu_process_host.cc(1205)] The GPU process has crashed 1 time(s)
[0707/100154.238:INFO:CONSOLE(43)] "[reward-notifications] script loaded", source: http://localhost:58447/reward-notifications.js (43)
[0707/100154.239:INFO:CONSOLE(70)] "[reward-notifications] listener attached", source: http://localhost:58447/reward-notifications.js (70)
[0707/100219.095:INFO:CONSOLE(441)] "[reward-notifications] event rewardName=Тест", source: http://localhost:58447/reward-notifications.js (441)
[0707/100219.096:INFO:CONSOLE(441)] "[reward-notifications] reward matched: Тест group: Sport", source: http://localhost:58447/reward-notifications.js (441)
[0707/100842.835:INFO:CONSOLE(43)] "[reward-notifications] script loaded", source: http://localhost:56404/reward-notifications.js (43)
[0707/100842.835:INFO:CONSOLE(70)] "[reward-notifications] listener attached", source: http://localhost:56404/reward-notifications.js (70)
[0707/100845.202:ERROR:browser_process_sub_thread.cc(221)] Waited 12 ms for network service
[0707/101911.237:ERROR:browser_process_sub_thread.cc(221)] Waited 12 ms for network service
[0707/101919.880:INFO:CONSOLE(43)] "[reward-notifications] script loaded", source: http://localhost:51873/reward-notifications.js (43)
[0707/101919.881:INFO:CONSOLE(70)] "[reward-notifications] listener attached", source: http://localhost:51873/reward-notifications.js (70)
[0707/101920.127:INFO:CONSOLE(96)] "Uncaught SyntaxError: Unexpected token .", source: http://localhost:51873/trick.js (96)
[0707/102050.328:INFO:CONSOLE(441)] "[reward-notifications] event rewardName=TRICK", source: http://localhost:51873/reward-notifications.js (441)
[0707/102050.329:INFO:CONSOLE(441)] "[reward-notifications] reward skipped: TRICK", source: http://localhost:51873/reward-notifications.js (441)
[0707/102415.402:ERROR:browser_process_sub_thread.cc(221)] Waited 11 ms for network service
[0707/102420.299:INFO:CONSOLE(43)] "[reward-notifications] script loaded", source: http://localhost:49334/reward-notifications.js (43)
[0707/102420.299:INFO:CONSOLE(70)] "[reward-notifications] listener attached", source: http://localhost:49334/reward-notifications.js (70)
[0707/102420.524:INFO:CONSOLE(58)] "[trick] reward listener attached", source: http://localhost:49334/trick.js (58)
[0707/102420.524:INFO:CONSOLE(38)] "[trick] loaded. Test hotkey: Ctrl+Shift+G", source: http://localhost:49334/trick.js (38)
[0707/102431.764:INFO:CONSOLE(441)] "[reward-notifications] event rewardName=TRICK", source: http://localhost:49334/reward-notifications.js (441)
[0707/102431.764:INFO:CONSOLE(441)] "[reward-notifications] reward skipped: TRICK", source: http://localhost:49334/reward-notifications.js (441)
[0707/102431.764:INFO:CONSOLE(50)] "[trick] reward received:", source: http://localhost:49334/trick.js (50)
[0707/102431.764:INFO:CONSOLE(53)] "[trick] reward matched, triggering glitch", source: http://localhost:49334/trick.js (53)
[0707/102431.764:INFO:CONSOLE(175)] "[trick] glitch started for ms:", source: http://localhost:49334/trick.js (175)
[0707/102436.107:INFO:CONSOLE(218)] "[trick] glitch stopped", source: http://localhost:49334/trick.js (218)
[0707/102717.980:ERROR:browser_process_sub_thread.cc(221)] Waited 11 ms for network service
[0707/102807.800:INFO:CONSOLE(43)] "[reward-notifications] script loaded", source: http://localhost:56755/reward-notifications.js (43)
[0707/102807.801:INFO:CONSOLE(70)] "[reward-notifications] listener attached", source: http://localhost:56755/reward-notifications.js (70)
[0707/102808.091:INFO:CONSOLE(63)] "[trick] reward listener attached", source: http://localhost:56755/trick.js (63)
[0707/102808.091:INFO:CONSOLE(43)] "[trick] loaded. Test hotkey: Ctrl+Shift+G", source: http://localhost:56755/trick.js (43)
[0707/102815.076:INFO:CONSOLE(441)] "[reward-notifications] event rewardName=TRICK", source: http://localhost:56755/reward-notifications.js (441)
[0707/102815.076:INFO:CONSOLE(441)] "[reward-notifications] reward skipped: TRICK", source: http://localhost:56755/reward-notifications.js (441)
[0707/102815.076:INFO:CONSOLE(55)] "[trick] reward received:", source: http://localhost:56755/trick.js (55)
[0707/102815.076:INFO:CONSOLE(58)] "[trick] reward matched, triggering glitch", source: http://localhost:56755/trick.js (58)
[0707/102815.077:INFO:CONSOLE(181)] "[trick] glitch started for ms:", source: http://localhost:56755/trick.js (181)
[0707/102819.903:INFO:CONSOLE(237)] "[trick] glitch stopped", source: http://localhost:56755/trick.js (237)
[0707/102945.073:ERROR:browser_process_sub_thread.cc(221)] Waited 11 ms for network service
[0707/102949.137:INFO:CONSOLE(43)] "[reward-notifications] script loaded", source: http://localhost:52930/reward-notifications.js (43)
[0707/102949.137:INFO:CONSOLE(70)] "[reward-notifications] listener attached", source: http://localhost:52930/reward-notifications.js (70)
[0707/102949.313:INFO:CONSOLE(64)] "[trick] reward listener attached", source: http://localhost:52930/trick.js (64)
[0707/102949.313:INFO:CONSOLE(44)] "[trick] loaded. Test hotkey: Ctrl+Shift+G", source: http://localhost:52930/trick.js (44)
[0707/103116.711:ERROR:browser_process_sub_thread.cc(221)] Waited 12 ms for network service
[0707/103124.664:INFO:CONSOLE(43)] "[reward-notifications] script loaded", source: http://localhost:49704/reward-notifications.js (43)
[0707/103124.664:INFO:CONSOLE(70)] "[reward-notifications] listener attached", source: http://localhost:49704/reward-notifications.js (70)
[0707/103124.921:INFO:CONSOLE(65)] "[trick] reward listener attached", source: http://localhost:49704/trick.js (65)
[0707/103124.921:INFO:CONSOLE(45)] "[trick] loaded. Test hotkeys: Ctrl+Shift+G, Ctrl+Alt+G, F8", source: http://localhost:49704/trick.js (45)
[0707/103246.817:INFO:CONSOLE(441)] "[reward-notifications] event rewardName=TRICK", source: http://localhost:49704/reward-notifications.js (441)
[0707/103246.817:INFO:CONSOLE(441)] "[reward-notifications] reward skipped: TRICK", source: http://localhost:49704/reward-notifications.js (441)
[0707/103246.818:INFO:CONSOLE(57)] "[trick] reward received:", source: http://localhost:49704/trick.js (57)
[0707/103246.818:INFO:CONSOLE(60)] "[trick] reward matched, triggering glitch", source: http://localhost:49704/trick.js (60)
[0707/103246.818:INFO:CONSOLE(204)] "[trick] glitch started for ms:", source: http://localhost:49704/trick.js (204)
[0707/103251.791:INFO:CONSOLE(260)] "[trick] glitch stopped", source: http://localhost:49704/trick.js (260)
[0707/103301.637:ERROR:browser_process_sub_thread.cc(221)] Waited 12 ms for network service
[0707/103305.754:INFO:CONSOLE(43)] "[reward-notifications] script loaded", source: http://localhost:64852/reward-notifications.js (43)
[0707/103305.754:INFO:CONSOLE(70)] "[reward-notifications] listener attached", source: http://localhost:64852/reward-notifications.js (70)
[0707/103306.016:INFO:CONSOLE(57)] "[trick] reward listener attached", source: http://localhost:64852/trick.js (57)
[0707/103306.016:INFO:CONSOLE(37)] "[trick] loaded. Test via reward TRICK or window.triggerTrickGlitch(...)", source: http://localhost:64852/trick.js (37)
[0707/103559.695:INFO:CONSOLE(441)] "[reward-notifications] event rewardName=TRICK", source: http://localhost:64852/reward-notifications.js (441)
[0707/103559.696:INFO:CONSOLE(441)] "[reward-notifications] reward skipped: TRICK", source: http://localhost:64852/reward-notifications.js (441)
[0707/103559.696:INFO:CONSOLE(49)] "[trick] reward received:", source: http://localhost:64852/trick.js (49)
[0707/103559.696:INFO:CONSOLE(52)] "[trick] reward matched, triggering glitch", source: http://localhost:64852/trick.js (52)
[0707/103559.696:INFO:CONSOLE(159)] "[trick] glitch started for ms:", source: http://localhost:64852/trick.js (159)
[0707/103604.288:INFO:CONSOLE(215)] "[trick] glitch stopped", source: http://localhost:64852/trick.js (215)
[0707/103806.273:ERROR:browser_process_sub_thread.cc(221)] Waited 13 ms for network service
[0707/103814.671:INFO:CONSOLE(43)] "[reward-notifications] script loaded", source: http://localhost:64996/reward-notifications.js (43)
[0707/103814.671:INFO:CONSOLE(70)] "[reward-notifications] listener attached", source: http://localhost:64996/reward-notifications.js (70)
[0707/103814.873:INFO:CONSOLE(59)] "[trick] reward listener attached", source: http://localhost:64996/trick.js (59)
[0707/103814.875:INFO:CONSOLE(39)] "[trick] loaded. Test via reward TRICK or window.triggerTrickGlitch(...)", source: http://localhost:64996/trick.js (39)
[0707/103820.430:INFO:CONSOLE(441)] "[reward-notifications] event rewardName=TRICK", source: http://localhost:64996/reward-notifications.js (441)
[0707/103820.431:INFO:CONSOLE(441)] "[reward-notifications] reward skipped: TRICK", source: http://localhost:64996/reward-notifications.js (441)
[0707/103820.431:INFO:CONSOLE(51)] "[trick] reward received:", source: http://localhost:64996/trick.js (51)
[0707/103820.431:INFO:CONSOLE(54)] "[trick] reward matched, triggering glitch", source: http://localhost:64996/trick.js (54)
[0707/103820.431:INFO:CONSOLE(161)] "[trick] glitch started for ms:", source: http://localhost:64996/trick.js (161)
[0707/103825.093:INFO:CONSOLE(217)] "[trick] glitch stopped", source: http://localhost:64996/trick.js (217)
[0707/103837.598:INFO:CONSOLE(441)] "[reward-notifications] event rewardName=TRICK", source: http://localhost:64996/reward-notifications.js (441)
[0707/103837.598:INFO:CONSOLE(441)] "[reward-notifications] reward skipped: TRICK", source: http://localhost:64996/reward-notifications.js (441)
[0707/103837.598:INFO:CONSOLE(51)] "[trick] reward received:", source: http://localhost:64996/trick.js (51)
[0707/103837.598:INFO:CONSOLE(54)] "[trick] reward matched, triggering glitch", source: http://localhost:64996/trick.js (54)
[0707/103837.599:INFO:CONSOLE(161)] "[trick] glitch started for ms:", source: http://localhost:64996/trick.js (161)
[0707/103842.365:INFO:CONSOLE(217)] "[trick] glitch stopped", source: http://localhost:64996/trick.js (217)
[0707/104228.200:ERROR:browser_process_sub_thread.cc(221)] Waited 12 ms for network service
[0707/104232.298:INFO:CONSOLE(43)] "[reward-notifications] script loaded", source: http://localhost:58725/reward-notifications.js (43)
[0707/104232.298:INFO:CONSOLE(70)] "[reward-notifications] listener attached", source: http://localhost:58725/reward-notifications.js (70)
[0707/104232.522:INFO:CONSOLE(62)] "[trick] reward listener attached", source: http://localhost:58725/trick.js (62)
[0707/104232.523:INFO:CONSOLE(42)] "[trick] loaded. Test via reward TRICK or window.triggerTrickGlitch(...)", source: http://localhost:58725/trick.js (42)
[0707/104235.048:INFO:CONSOLE(441)] "[reward-notifications] event rewardName=TRICK", source: http://localhost:58725/reward-notifications.js (441)
[0707/104235.048:INFO:CONSOLE(441)] "[reward-notifications] reward skipped: TRICK", source: http://localhost:58725/reward-notifications.js (441)
[0707/104235.048:INFO:CONSOLE(54)] "[trick] reward received:", source: http://localhost:58725/trick.js (54)
[0707/104235.048:INFO:CONSOLE(57)] "[trick] reward matched, triggering selected effect", source: http://localhost:58725/trick.js (57)
[0707/104235.049:INFO:CONSOLE(206)] "[trick] flip-vertikal started for ms:", source: http://localhost:58725/trick.js (206)
[0707/104239.694:INFO:CONSOLE(203)] "[trick] flip-vertikal stopped", source: http://localhost:58725/trick.js (203)
[0707/104248.190:INFO:CONSOLE(441)] "[reward-notifications] event rewardName=TRICK", source: http://localhost:58725/reward-notifications.js (441)
[0707/104248.190:INFO:CONSOLE(441)] "[reward-notifications] reward skipped: TRICK", source: http://localhost:58725/reward-notifications.js (441)
[0707/104248.190:INFO:CONSOLE(54)] "[trick] reward received:", source: http://localhost:58725/trick.js (54)
[0707/104248.190:INFO:CONSOLE(57)] "[trick] reward matched, triggering selected effect", source: http://localhost:58725/trick.js (57)
[0707/104248.190:INFO:CONSOLE(206)] "[trick] flip-vertikal started for ms:", source: http://localhost:58725/trick.js (206)
[0707/104252.880:INFO:CONSOLE(203)] "[trick] flip-vertikal stopped", source: http://localhost:58725/trick.js (203)
[0707/104255.107:INFO:CONSOLE(441)] "[reward-notifications] event rewardName=TRICK", source: http://localhost:58725/reward-notifications.js (441)
[0707/104255.107:INFO:CONSOLE(441)] "[reward-notifications] reward skipped: TRICK", source: http://localhost:58725/reward-notifications.js (441)
[0707/104255.107:INFO:CONSOLE(54)] "[trick] reward received:", source: http://localhost:58725/trick.js (54)
[0707/104255.107:INFO:CONSOLE(57)] "[trick] reward matched, triggering selected effect", source: http://localhost:58725/trick.js (57)
[0707/104255.107:INFO:CONSOLE(206)] "[trick] flip-vertikal started for ms:", source: http://localhost:58725/trick.js (206)
[0707/104258.251:ERROR:browser_process_sub_thread.cc(221)] Waited 11 ms for network service
[0707/104301.735:INFO:CONSOLE(43)] "[reward-notifications] script loaded", source: http://localhost:59668/reward-notifications.js (43)
[0707/104301.735:INFO:CONSOLE(70)] "[reward-notifications] listener attached", source: http://localhost:59668/reward-notifications.js (70)
[0707/104301.935:INFO:CONSOLE(62)] "[trick] reward listener attached", source: http://localhost:59668/trick.js (62)
[0707/104301.935:INFO:CONSOLE(42)] "[trick] loaded. Test via reward TRICK or window.triggerTrickGlitch(...)", source: http://localhost:59668/trick.js (42)
[0707/104304.155:INFO:CONSOLE(441)] "[reward-notifications] event rewardName=TRICK", source: http://localhost:59668/reward-notifications.js (441)
[0707/104304.155:INFO:CONSOLE(441)] "[reward-notifications] reward skipped: TRICK", source: http://localhost:59668/reward-notifications.js (441)
[0707/104304.155:INFO:CONSOLE(54)] "[trick] reward received:", source: http://localhost:59668/trick.js (54)
[0707/104304.155:INFO:CONSOLE(57)] "[trick] reward matched, triggering selected effect", source: http://localhost:59668/trick.js (57)
[0707/104304.156:INFO:CONSOLE(164)] "[trick] glitch started for ms:", source: http://localhost:59668/trick.js (164)
[0707/104308.546:INFO:CONSOLE(274)] "[trick] glitch stopped", source: http://localhost:59668/trick.js (274)
[0707/105350.233:ERROR:browser_process_sub_thread.cc(221)] Waited 15 ms for network service
[0707/105910.545:INFO:CONSOLE(43)] "[reward-notifications] script loaded", source: http://localhost:56178/reward-notifications.js (43)
[0707/105910.545:INFO:CONSOLE(70)] "[reward-notifications] listener attached", source: http://localhost:56178/reward-notifications.js (70)
[0707/105910.735:INFO:CONSOLE(161)] "[capture] WindowsOverlay methods:", source: http://localhost:56178/capture.js (161)
[0707/105910.735:INFO:CONSOLE(32)] "[capture] module loaded", source: http://localhost:56178/capture.js (32)
[0707/105910.735:INFO:CONSOLE(61)] "[trick] reward listener attached", source: http://localhost:56178/trick.js (61)
[0707/105910.735:INFO:CONSOLE(41)] "[trick] loaded. Test via reward TRICK or window.triggerTrickGlitch(...)", source: http://localhost:56178/trick.js (41)
[0707/105931.337:INFO:CONSOLE(441)] "[reward-notifications] event rewardName=TRICK", source: http://localhost:56178/reward-notifications.js (441)
[0707/105931.337:INFO:CONSOLE(441)] "[reward-notifications] reward skipped: TRICK", source: http://localhost:56178/reward-notifications.js (441)
[0707/105931.337:INFO:CONSOLE(53)] "[trick] reward received:", source: http://localhost:56178/trick.js (53)
[0707/105931.337:INFO:CONSOLE(56)] "[trick] reward matched, triggering selected effect", source: http://localhost:56178/trick.js (56)
[0707/105931.337:INFO:CONSOLE(166)] "[trick] flip-vertikal started via capture module for ms:", source: http://localhost:56178/trick.js (166)
[0707/105931.337:INFO:CONSOLE(81)] "[capture] ffmpeg launch failed via WindowsOverlay bridge, showing last available frame", source: http://localhost:56178/capture.js (81)
[0707/105931.338:INFO:CONSOLE(70)] "[capture] flip image started for ms:", source: http://localhost:56178/capture.js (70)
[0707/105931.739:INFO:CONSOLE(130)] "[capture] failed to load source image:", source: http://localhost:56178/capture.js (130)
[0707/105931.830:INFO:CONSOLE(130)] "[capture] failed to load source image:", source: http://localhost:56178/capture.js (130)
[0707/105931.907:INFO:CONSOLE(130)] "[capture] failed to load source image:", source: http://localhost:56178/capture.js (130)
[0707/105931.972:INFO:CONSOLE(130)] "[capture] failed to load source image:", source: http://localhost:56178/capture.js (130)
[0707/105932.059:INFO:CONSOLE(130)] "[capture] failed to load source image:", source: http://localhost:56178/capture.js (130)
[0707/105932.150:INFO:CONSOLE(130)] "[capture] failed to load source image:", source: http://localhost:56178/capture.js (130)
[0707/105932.241:INFO:CONSOLE(130)] "[capture] failed to load source image:", source: http://localhost:56178/capture.js (130)
[0707/105932.732:INFO:CONSOLE(130)] "[capture] failed to load source image:", source: http://localhost:56178/capture.js (130)
[0707/105932.826:INFO:CONSOLE(130)] "[capture] failed to load source image:", source: http://localhost:56178/capture.js (130)
[0707/105932.903:INFO:CONSOLE(130)] "[capture] failed to load source image:", source: http://localhost:56178/capture.js (130)
[0707/105932.960:INFO:CONSOLE(130)] "[capture] failed to load source image:", source: http://localhost:56178/capture.js (130)
[0707/105933.051:INFO:CONSOLE(130)] "[capture] failed to load source image:", source: http://localhost:56178/capture.js (130)
[0707/105933.140:INFO:CONSOLE(130)] "[capture] failed to load source image:", source: http://localhost:56178/capture.js (130)
[0707/105933.231:INFO:CONSOLE(130)] "[capture] failed to load source image:", source: http://localhost:56178/capture.js (130)
[0707/105933.711:INFO:CONSOLE(130)] "[capture] failed to load source image:", source: http://localhost:56178/capture.js (130)
[0707/105933.805:INFO:CONSOLE(130)] "[capture] failed to load source image:", source: http://localhost:56178/capture.js (130)
[0707/105933.897:INFO:CONSOLE(130)] "[capture] failed to load source image:", source: http://localhost:56178/capture.js (130)
[0707/105933.949:INFO:CONSOLE(130)] "[capture] failed to load source image:", source: http://localhost:56178/capture.js (130)
[0707/105934.041:INFO:CONSOLE(130)] "[capture] failed to load source image:", source: http://localhost:56178/capture.js (130)
[0707/105934.130:INFO:CONSOLE(130)] "[capture] failed to load source image:", source: http://localhost:56178/capture.js (130)
[0707/105934.221:INFO:CONSOLE(130)] "[capture] failed to load source image:", source: http://localhost:56178/capture.js (130)
[0707/105934.708:INFO:CONSOLE(130)] "[capture] failed to load source image:", source: http://localhost:56178/capture.js (130)
[0707/105934.801:INFO:CONSOLE(130)] "[capture] failed to load source image:", source: http://localhost:56178/capture.js (130)
[0707/105934.880:INFO:CONSOLE(130)] "[capture] failed to load source image:", source: http://localhost:56178/capture.js (130)
[0707/105934.940:INFO:CONSOLE(130)] "[capture] failed to load source image:", source: http://localhost:56178/capture.js (130)
[0707/105935.029:INFO:CONSOLE(130)] "[capture] failed to load source image:", source: http://localhost:56178/capture.js (130)
[0707/105935.120:INFO:CONSOLE(130)] "[capture] failed to load source image:", source: http://localhost:56178/capture.js (130)
[0707/105935.211:INFO:CONSOLE(130)] "[capture] failed to load source image:", source: http://localhost:56178/capture.js (130)
[0707/105935.692:INFO:CONSOLE(130)] "[capture] failed to load source image:", source: http://localhost:56178/capture.js (130)
[0707/105935.785:INFO:CONSOLE(130)] "[capture] failed to load source image:", source: http://localhost:56178/capture.js (130)
[0707/105935.861:INFO:CONSOLE(130)] "[capture] failed to load source image:", source: http://localhost:56178/capture.js (130)
[0707/105935.931:INFO:CONSOLE(130)] "[capture] failed to load source image:", source: http://localhost:56178/capture.js (130)
[0707/105936.020:INFO:CONSOLE(130)] "[capture] failed to load source image:", source: http://localhost:56178/capture.js (130)
[0707/105936.110:INFO:CONSOLE(130)] "[capture] failed to load source image:", source: http://localhost:56178/capture.js (130)
[0707/105936.201:INFO:CONSOLE(130)] "[capture] failed to load source image:", source: http://localhost:56178/capture.js (130)
[0707/105936.276:INFO:CONSOLE(102)] "[capture] flip image stopped", source: http://localhost:56178/capture.js (102)
[0707/110206.208:ERROR:browser_process_sub_thread.cc(221)] Waited 11 ms for network service
[0707/110210.903:INFO:CONSOLE(43)] "[reward-notifications] script loaded", source: http://localhost:56319/reward-notifications.js (43)
[0707/110210.904:INFO:CONSOLE(70)] "[reward-notifications] listener attached", source: http://localhost:56319/reward-notifications.js (70)
[0707/110211.154:INFO:CONSOLE(61)] "[trick] reward listener attached", source: http://localhost:56319/trick.js (61)
[0707/110211.154:INFO:CONSOLE(41)] "[trick] loaded. Test via reward TRICK or window.triggerTrickGlitch(...)", source: http://localhost:56319/trick.js (41)
[0707/110219.693:INFO:CONSOLE(441)] "[reward-notifications] event rewardName=TRICK", source: http://localhost:56319/reward-notifications.js (441)
[0707/110219.693:INFO:CONSOLE(441)] "[reward-notifications] reward skipped: TRICK", source: http://localhost:56319/reward-notifications.js (441)
[0707/110219.693:INFO:CONSOLE(53)] "[trick] reward received:", source: http://localhost:56319/trick.js (53)
[0707/110219.693:INFO:CONSOLE(56)] "[trick] reward matched, triggering selected effect", source: http://localhost:56319/trick.js (56)
[0707/110219.693:INFO:CONSOLE(165)] "[trick] zoom placeholder started for ms:", source: http://localhost:56319/trick.js (165)
[0707/110226.107:ERROR:browser_process_sub_thread.cc(221)] Waited 13 ms for network service
[0707/110229.316:INFO:CONSOLE(43)] "[reward-notifications] script loaded", source: http://localhost:63898/reward-notifications.js (43)
[0707/110229.316:INFO:CONSOLE(70)] "[reward-notifications] listener attached", source: http://localhost:63898/reward-notifications.js (70)
[0707/110229.741:INFO:CONSOLE(61)] "[trick] reward listener attached", source: http://localhost:63898/trick.js (61)
[0707/110229.741:INFO:CONSOLE(41)] "[trick] loaded. Test via reward TRICK or window.triggerTrickGlitch(...)", source: http://localhost:63898/trick.js (41)
[0707/110231.556:INFO:CONSOLE(441)] "[reward-notifications] event rewardName=TRICK", source: http://localhost:63898/reward-notifications.js (441)
[0707/110231.556:INFO:CONSOLE(441)] "[reward-notifications] reward skipped: TRICK", source: http://localhost:63898/reward-notifications.js (441)
[0707/110231.556:INFO:CONSOLE(53)] "[trick] reward received:", source: http://localhost:63898/trick.js (53)
[0707/110231.556:INFO:CONSOLE(56)] "[trick] reward matched, triggering selected effect", source: http://localhost:63898/trick.js (56)
[0707/110231.556:INFO:CONSOLE(165)] "[trick] zoom placeholder started for ms:", source: http://localhost:63898/trick.js (165)
[0707/110235.727:INFO:CONSOLE(441)] "[reward-notifications] event rewardName=TRICK", source: http://localhost:63898/reward-notifications.js (441)
[0707/110235.727:INFO:CONSOLE(441)] "[reward-notifications] reward skipped: TRICK", source: http://localhost:63898/reward-notifications.js (441)
[0707/110235.727:INFO:CONSOLE(53)] "[trick] reward received:", source: http://localhost:63898/trick.js (53)
[0707/110235.727:INFO:CONSOLE(56)] "[trick] reward matched, triggering selected effect", source: http://localhost:63898/trick.js (56)
[0707/110235.727:INFO:CONSOLE(165)] "[trick] zoom placeholder started for ms:", source: http://localhost:63898/trick.js (165)
[0707/110239.932:INFO:CONSOLE(441)] "[reward-notifications] event rewardName=TRICK", source: http://localhost:63898/reward-notifications.js (441)
[0707/110239.932:INFO:CONSOLE(441)] "[reward-notifications] reward skipped: TRICK", source: http://localhost:63898/reward-notifications.js (441)
[0707/110239.932:INFO:CONSOLE(53)] "[trick] reward received:", source: http://localhost:63898/trick.js (53)
[0707/110239.932:INFO:CONSOLE(56)] "[trick] reward matched, triggering selected effect", source: http://localhost:63898/trick.js (56)
[0707/110239.932:INFO:CONSOLE(187)] "[trick] glitch started for ms:", source: http://localhost:63898/trick.js (187)
[0707/110244.180:INFO:CONSOLE(245)] "[trick] glitch stopped", source: http://localhost:63898/trick.js (245)
[0707/111253.242:ERROR:browser_process_sub_thread.cc(221)] Waited 12 ms for network service
[0707/111257.348:INFO:CONSOLE(43)] "[reward-notifications] script loaded", source: http://localhost:63068/reward-notifications.js (43)
[0707/111257.349:INFO:CONSOLE(70)] "[reward-notifications] listener attached", source: http://localhost:63068/reward-notifications.js (70)
[0707/111257.537:INFO:CONSOLE(72)] "[trick] reward listener attached", source: http://localhost:63068/trick.js (72)
[0707/111257.537:INFO:CONSOLE(52)] "[trick] loaded. Modes: 1=glitch, 2=zoom, 3=grayscale, 4=blackhole", source: http://localhost:63068/trick.js (52)
[0707/111307.860:INFO:CONSOLE(441)] "[reward-notifications] event rewardName=TRICK", source: http://localhost:63068/reward-notifications.js (441)
[0707/111307.861:INFO:CONSOLE(441)] "[reward-notifications] reward skipped: TRICK", source: http://localhost:63068/reward-notifications.js (441)
[0707/111307.861:INFO:CONSOLE(64)] "[trick] reward received:", source: http://localhost:63068/trick.js (64)
[0707/111307.861:INFO:CONSOLE(67)] "[trick] reward matched, triggering selected effect", source: http://localhost:63068/trick.js (67)
[0707/111307.862:INFO:CONSOLE(213)] "[trick] blackhole started for ms:", source: http://localhost:63068/trick.js (213)
[0707/111321.864:INFO:CONSOLE(473)] "[trick] blackhole stopped", source: http://localhost:63068/trick.js (473)
[0707/111610.824:ERROR:browser_process_sub_thread.cc(221)] Waited 11 ms for network service
[0707/111613.823:INFO:CONSOLE(43)] "[reward-notifications] script loaded", source: http://localhost:55887/reward-notifications.js (43)
[0707/111613.823:INFO:CONSOLE(70)] "[reward-notifications] listener attached", source: http://localhost:55887/reward-notifications.js (70)
[0707/111614.080:INFO:CONSOLE(72)] "[trick] reward listener attached", source: http://localhost:55887/trick.js (72)
[0707/111614.080:INFO:CONSOLE(52)] "[trick] loaded. Modes: 1=glitch, 2=zoom, 3=grayscale, 4=blackhole", source: http://localhost:55887/trick.js (52)
[0707/111618.142:INFO:CONSOLE(441)] "[reward-notifications] event rewardName=TRICK", source: http://localhost:55887/reward-notifications.js (441)
[0707/111618.143:INFO:CONSOLE(441)] "[reward-notifications] reward skipped: TRICK", source: http://localhost:55887/reward-notifications.js (441)
[0707/111618.143:INFO:CONSOLE(64)] "[trick] reward received:", source: http://localhost:55887/trick.js (64)
[0707/111618.143:INFO:CONSOLE(67)] "[trick] reward matched, triggering selected effect", source: http://localhost:55887/trick.js (67)
[0707/111618.143:INFO:CONSOLE(213)] "[trick] blackhole started for ms:", source: http://localhost:55887/trick.js (213)
[0707/111636.145:INFO:CONSOLE(504)] "[trick] blackhole stopped", source: http://localhost:55887/trick.js (504)
[0707/112545.159:ERROR:browser_process_sub_thread.cc(221)] Waited 13 ms for network service
[0707/112547.770:INFO:CONSOLE(43)] "[reward-notifications] script loaded", source: http://localhost:50246/reward-notifications.js (43)
[0707/112547.770:INFO:CONSOLE(70)] "[reward-notifications] listener attached", source: http://localhost:50246/reward-notifications.js (70)
[0707/112547.917:INFO:CONSOLE(72)] "[trick] reward listener attached", source: http://localhost:50246/trick.js (72)
[0707/112547.917:INFO:CONSOLE(52)] "[trick] loaded. Modes: 1=glitch, 2=zoom, 3=grayscale, 4=blackhole", source: http://localhost:50246/trick.js (52)
[0707/112555.924:INFO:CONSOLE(441)] "[reward-notifications] event rewardName=TRICK", source: http://localhost:50246/reward-notifications.js (441)
[0707/112555.924:INFO:CONSOLE(441)] "[reward-notifications] reward skipped: TRICK", source: http://localhost:50246/reward-notifications.js (441)
[0707/112555.924:INFO:CONSOLE(64)] "[trick] reward received:", source: http://localhost:50246/trick.js (64)
[0707/112555.925:INFO:CONSOLE(67)] "[trick] reward matched, triggering selected effect", source: http://localhost:50246/trick.js (67)
[0707/112555.925:INFO:CONSOLE(213)] "[trick] blackhole started for ms:", source: http://localhost:50246/trick.js (213)
[0707/112617.933:INFO:CONSOLE(531)] "[trick] blackhole stopped", source: http://localhost:50246/trick.js (531)
[0707/113039.342:ERROR:browser_process_sub_thread.cc(221)] Waited 12 ms for network service
[0707/113041.541:INFO:CONSOLE(43)] "[reward-notifications] script loaded", source: http://localhost:63219/reward-notifications.js (43)
[0707/113041.541:INFO:CONSOLE(70)] "[reward-notifications] listener attached", source: http://localhost:63219/reward-notifications.js (70)
[0707/113041.795:INFO:CONSOLE(72)] "[trick] reward listener attached", source: http://localhost:63219/trick.js (72)
[0707/113041.795:INFO:CONSOLE(52)] "[trick] loaded. Modes: 1=glitch, 2=zoom, 3=grayscale, 4=blackhole", source: http://localhost:63219/trick.js (52)
[0707/113052.518:INFO:CONSOLE(441)] "[reward-notifications] event rewardName=TRICK", source: http://localhost:63219/reward-notifications.js (441)
[0707/113052.519:INFO:CONSOLE(441)] "[reward-notifications] reward skipped: TRICK", source: http://localhost:63219/reward-notifications.js (441)
[0707/113052.519:INFO:CONSOLE(64)] "[trick] reward received:", source: http://localhost:63219/trick.js (64)
[0707/113052.519:INFO:CONSOLE(67)] "[trick] reward matched, triggering selected effect", source: http://localhost:63219/trick.js (67)
[0707/113052.519:INFO:CONSOLE(213)] "[trick] blackhole started for ms:", source: http://localhost:63219/trick.js (213)
[0707/113124.523:INFO:CONSOLE(515)] "[trick] blackhole stopped", source: http://localhost:63219/trick.js (515)
[0707/113334.257:ERROR:browser_process_sub_thread.cc(221)] Waited 11 ms for network service
[0707/113418.979:INFO:CONSOLE(43)] "[reward-notifications] script loaded", source: http://localhost:55600/reward-notifications.js (43)
[0707/113418.979:INFO:CONSOLE(70)] "[reward-notifications] listener attached", source: http://localhost:55600/reward-notifications.js (70)
[0707/113419.241:INFO:CONSOLE(74)] "[trick] reward listener attached", source: http://localhost:55600/trick.js (74)
[0707/113419.241:INFO:CONSOLE(54)] "[trick] loaded. Modes: 1=glitch, 2=zoom, 3=grayscale, 4=blackhole", source: http://localhost:55600/trick.js (54)
[0707/113519.371:INFO:CONSOLE(441)] "[reward-notifications] event rewardName=TRICK", source: http://localhost:55600/reward-notifications.js (441)
[0707/113519.371:INFO:CONSOLE(441)] "[reward-notifications] reward skipped: TRICK", source: http://localhost:55600/reward-notifications.js (441)
[0707/113519.372:INFO:CONSOLE(66)] "[trick] reward received:", source: http://localhost:55600/trick.js (66)
[0707/113519.372:INFO:CONSOLE(69)] "[trick] reward matched, triggering selected effect", source: http://localhost:55600/trick.js (69)
[0707/113519.372:INFO:CONSOLE(217)] "[trick] blackhole started for ms:", source: http://localhost:55600/trick.js (217)
[0707/113601.382:INFO:CONSOLE(582)] "[trick] blackhole stopped", source: http://localhost:55600/trick.js (582)
[0707/114327.304:INFO:CONSOLE(43)] "[reward-notifications] script loaded", source: http://localhost:57529/reward-notifications.js (43)
[0707/114327.304:INFO:CONSOLE(70)] "[reward-notifications] listener attached", source: http://localhost:57529/reward-notifications.js (70)
[0707/114327.571:INFO:CONSOLE(72)] "[trick] reward listener attached", source: http://localhost:57529/trick.js (72)
[0707/114327.571:INFO:CONSOLE(52)] "[trick] loaded. Modes: 1=glitch, 2=zoom, 3=grayscale, 4=blackhole", source: http://localhost:57529/trick.js (52)
[0707/114333.896:INFO:CONSOLE(441)] "[reward-notifications] event rewardName=TRICK", source: http://localhost:57529/reward-notifications.js (441)
[0707/114333.896:INFO:CONSOLE(441)] "[reward-notifications] reward skipped: TRICK", source: http://localhost:57529/reward-notifications.js (441)
[0707/114333.896:INFO:CONSOLE(64)] "[trick] reward received:", source: http://localhost:57529/trick.js (64)
[0707/114333.896:INFO:CONSOLE(67)] "[trick] reward matched, triggering selected effect", source: http://localhost:57529/trick.js (67)
[0707/114333.897:INFO:CONSOLE(213)] "[trick] blackhole started for ms:", source: http://localhost:57529/trick.js (213)
[0707/114415.898:INFO:CONSOLE(514)] "[trick] blackhole stopped", source: http://localhost:57529/trick.js (514)
[0707/114501.884:ERROR:browser_process_sub_thread.cc(221)] Waited 12 ms for network service
[0707/114521.974:INFO:CONSOLE(43)] "[reward-notifications] script loaded", source: http://localhost:63814/reward-notifications.js (43)
[0707/114521.974:INFO:CONSOLE(70)] "[reward-notifications] listener attached", source: http://localhost:63814/reward-notifications.js (70)
[0707/114522.244:INFO:CONSOLE(72)] "[trick] reward listener attached", source: http://localhost:63814/trick.js (72)
[0707/114522.244:INFO:CONSOLE(52)] "[trick] loaded. Modes: 1=glitch, 2=zoom, 3=grayscale, 4=blackhole", source: http://localhost:63814/trick.js (52)
[0707/114524.538:INFO:CONSOLE(441)] "[reward-notifications] event rewardName=TRICK", source: http://localhost:63814/reward-notifications.js (441)
[0707/114524.538:INFO:CONSOLE(441)] "[reward-notifications] reward skipped: TRICK", source: http://localhost:63814/reward-notifications.js (441)
[0707/114524.539:INFO:CONSOLE(64)] "[trick] reward received:", source: http://localhost:63814/trick.js (64)
[0707/114524.539:INFO:CONSOLE(67)] "[trick] reward matched, triggering selected effect", source: http://localhost:63814/trick.js (67)
[0707/114524.539:INFO:CONSOLE(213)] "[trick] blackhole started for ms:", source: http://localhost:63814/trick.js (213)
[0707/114606.542:INFO:CONSOLE(520)] "[trick] blackhole stopped", source: http://localhost:63814/trick.js (520)
[0707/114650.058:ERROR:browser_process_sub_thread.cc(221)] Waited 11 ms for network service
[0707/115018.604:INFO:CONSOLE(43)] "[reward-notifications] script loaded", source: http://localhost:51503/reward-notifications.js (43)
[0707/115018.605:INFO:CONSOLE(70)] "[reward-notifications] listener attached", source: http://localhost:51503/reward-notifications.js (70)
[0707/115018.841:INFO:CONSOLE(80)] "[trick] reward listener attached", source: http://localhost:51503/trick.js (80)
[0707/115018.841:INFO:CONSOLE(60)] "[trick] loaded. Modes: 1=glitch, 2=zoom, 3=grayscale, 4=blackhole", source: http://localhost:51503/trick.js (60)
[0707/115024.198:INFO:CONSOLE(441)] "[reward-notifications] event rewardName=TRICK", source: http://localhost:51503/reward-notifications.js (441)
[0707/115024.199:INFO:CONSOLE(441)] "[reward-notifications] reward skipped: TRICK", source: http://localhost:51503/reward-notifications.js (441)
[0707/115024.199:INFO:CONSOLE(72)] "[trick] reward received:", source: http://localhost:51503/trick.js (72)
[0707/115024.199:INFO:CONSOLE(75)] "[trick] reward matched, triggering selected effect", source: http://localhost:51503/trick.js (75)
[0707/115024.199:INFO:CONSOLE(221)] "[trick] blackhole started for ms:", source: http://localhost:51503/trick.js (221)
[0707/115106.212:INFO:CONSOLE(505)] "[trick] blackhole stopped", source: http://localhost:51503/trick.js (505)
[0707/115130.532:ERROR:browser_process_sub_thread.cc(221)] Waited 11 ms for network service
[0707/115158.574:INFO:CONSOLE(43)] "[reward-notifications] script loaded", source: http://localhost:54850/reward-notifications.js (43)
[0707/115158.575:INFO:CONSOLE(70)] "[reward-notifications] listener attached", source: http://localhost:54850/reward-notifications.js (70)
[0707/115158.819:INFO:CONSOLE(80)] "[trick] reward listener attached", source: http://localhost:54850/trick.js (80)
[0707/115158.819:INFO:CONSOLE(60)] "[trick] loaded. Modes: 1=glitch, 2=zoom, 3=grayscale, 4=blackhole", source: http://localhost:54850/trick.js (60)
[0707/115201.663:INFO:CONSOLE(441)] "[reward-notifications] event rewardName=TRICK", source: http://localhost:54850/reward-notifications.js (441)
[0707/115201.663:INFO:CONSOLE(441)] "[reward-notifications] reward skipped: TRICK", source: http://localhost:54850/reward-notifications.js (441)
[0707/115201.663:INFO:CONSOLE(72)] "[trick] reward received:", source: http://localhost:54850/trick.js (72)
[0707/115201.663:INFO:CONSOLE(75)] "[trick] reward matched, triggering selected effect", source: http://localhost:54850/trick.js (75)
[0707/115201.664:INFO:CONSOLE(221)] "[trick] blackhole started for ms:", source: http://localhost:54850/trick.js (221)
[0707/115206.982:ERROR:browser_process_sub_thread.cc(221)] Waited 10 ms for network service
[0707/115317.769:INFO:CONSOLE(43)] "[reward-notifications] script loaded", source: http://localhost:58385/reward-notifications.js (43)
[0707/115317.769:INFO:CONSOLE(70)] "[reward-notifications] listener attached", source: http://localhost:58385/reward-notifications.js (70)
[0707/115318.024:INFO:CONSOLE(80)] "[trick] reward listener attached", source: http://localhost:58385/trick.js (80)
[0707/115318.024:INFO:CONSOLE(60)] "[trick] loaded. Modes: 1=glitch, 2=zoom, 3=grayscale, 4=blackhole", source: http://localhost:58385/trick.js (60)
[0707/115323.542:INFO:CONSOLE(441)] "[reward-notifications] event rewardName=TRICK", source: http://localhost:58385/reward-notifications.js (441)
[0707/115323.543:INFO:CONSOLE(441)] "[reward-notifications] reward skipped: TRICK", source: http://localhost:58385/reward-notifications.js (441)
[0707/115323.543:INFO:CONSOLE(72)] "[trick] reward received:", source: http://localhost:58385/trick.js (72)
[0707/115323.543:INFO:CONSOLE(75)] "[trick] reward matched, triggering selected effect", source: http://localhost:58385/trick.js (75)
[0707/115323.543:INFO:CONSOLE(221)] "[trick] blackhole started for ms:", source: http://localhost:58385/trick.js (221)
[0707/115405.557:INFO:CONSOLE(480)] "[trick] blackhole stopped", source: http://localhost:58385/trick.js (480)
[0707/115415.151:ERROR:browser_process_sub_thread.cc(221)] Waited 11 ms for network service
[0707/115417.525:INFO:CONSOLE(43)] "[reward-notifications] script loaded", source: http://localhost:57196/reward-notifications.js (43)
[0707/115417.525:INFO:CONSOLE(70)] "[reward-notifications] listener attached", source: http://localhost:57196/reward-notifications.js (70)
[0707/115417.796:INFO:CONSOLE(80)] "[trick] reward listener attached", source: http://localhost:57196/trick.js (80)
[0707/115417.796:INFO:CONSOLE(60)] "[trick] loaded. Modes: 1=glitch, 2=zoom, 3=grayscale, 4=blackhole", source: http://localhost:57196/trick.js (60)
[0707/115434.671:INFO:CONSOLE(441)] "[reward-notifications] event rewardName=TRICK", source: http://localhost:57196/reward-notifications.js (441)
[0707/115434.671:INFO:CONSOLE(441)] "[reward-notifications] reward skipped: TRICK", source: http://localhost:57196/reward-notifications.js (441)
[0707/115434.671:INFO:CONSOLE(72)] "[trick] reward received:", source: http://localhost:57196/trick.js (72)
[0707/115434.671:INFO:CONSOLE(75)] "[trick] reward matched, triggering selected effect", source: http://localhost:57196/trick.js (75)
[0707/115434.672:INFO:CONSOLE(221)] "[trick] blackhole started for ms:", source: http://localhost:57196/trick.js (221)
[0707/115456.673:INFO:CONSOLE(480)] "[trick] blackhole stopped", source: http://localhost:57196/trick.js (480)
[0707/115540.593:INFO:CONSOLE(441)] "[reward-notifications] event rewardName=TRICK", source: http://localhost:57196/reward-notifications.js (441)
[0707/115540.593:INFO:CONSOLE(441)] "[reward-notifications] reward skipped: TRICK", source: http://localhost:57196/reward-notifications.js (441)
[0707/115540.593:INFO:CONSOLE(72)] "[trick] reward received:", source: http://localhost:57196/trick.js (72)
[0707/115540.593:INFO:CONSOLE(75)] "[trick] reward matched, triggering selected effect", source: http://localhost:57196/trick.js (75)
[0707/115540.593:INFO:CONSOLE(221)] "[trick] blackhole started for ms:", source: http://localhost:57196/trick.js (221)
[0707/115602.594:INFO:CONSOLE(480)] "[trick] blackhole stopped", source: http://localhost:57196/trick.js (480)
[0707/115644.647:INFO:CONSOLE(14)] "emotes: 4", source: http://localhost:57196/emote-rain.js (14)
[0707/115644.647:INFO:CONSOLE(19)] "https://static-cdn.jtvnw.net/emoticons/v2/81274/default/dark/2.0", source: http://localhost:57196/emote-rain.js (19)
[0707/115644.647:INFO:CONSOLE(19)] "https://static-cdn.jtvnw.net/emoticons/v2/58765/default/dark/2.0", source: http://localhost:57196/emote-rain.js (19)
[0707/115644.647:INFO:CONSOLE(19)] "https://static-cdn.jtvnw.net/emoticons/v2/emotesv2_ac4268d82dfa43718d9d5ac4e64471de/default/dark/2.0", source: http://localhost:57196/emote-rain.js (19)
[0707/115644.647:INFO:CONSOLE(19)] "https://static-cdn.jtvnw.net/emoticons/v2/emotesv2_acd5c13e69d049068b50744b26e73794/default/dark/2.0", source: http://localhost:57196/emote-rain.js (19)
[0707/115645.048:WARNING:angle_platform_impl.cc(52)] compileToBinary(259): 
C:\fakepath(75,10-54): warning X3571: pow(f, e) will not work for negative f, use abs(f) or conditionally handle negative values if you expect them
C:\fakepath(97,10-54): warning X3571: pow(f, e) will not work for negative f, use abs(f) or conditionally handle negative values if you expect them

[0707/115749.659:ERROR:browser_process_sub_thread.cc(221)] Waited 11 ms for network service
[0707/115752.944:INFO:CONSOLE(43)] "[reward-notifications] script loaded", source: http://localhost:52893/reward-notifications.js (43)
[0707/115752.944:INFO:CONSOLE(70)] "[reward-notifications] listener attached", source: http://localhost:52893/reward-notifications.js (70)
[0707/115753.168:INFO:CONSOLE(82)] "[trick] reward listener attached", source: http://localhost:52893/trick.js (82)
[0707/115753.168:INFO:CONSOLE(62)] "[trick] loaded. Modes: 1=glitch, 2=zoom, 3=grayscale, 4=blackhole", source: http://localhost:52893/trick.js (62)
[0707/115800.258:INFO:CONSOLE(441)] "[reward-notifications] event rewardName=Тест", source: http://localhost:52893/reward-notifications.js (441)
[0707/115800.259:INFO:CONSOLE(441)] "[reward-notifications] reward skipped: Тест", source: http://localhost:52893/reward-notifications.js (441)
[0707/115800.259:INFO:CONSOLE(74)] "[trick] reward received:", source: http://localhost:52893/trick.js (74)
[0707/115912.432:INFO:CONSOLE(441)] "[reward-notifications] event rewardName=TRICK", source: http://localhost:52893/reward-notifications.js (441)
[0707/115912.432:INFO:CONSOLE(441)] "[reward-notifications] reward skipped: TRICK", source: http://localhost:52893/reward-notifications.js (441)
[0707/115912.432:INFO:CONSOLE(74)] "[trick] reward received:", source: http://localhost:52893/trick.js (74)
[0707/115912.432:INFO:CONSOLE(77)] "[trick] reward matched, triggering selected effect", source: http://localhost:52893/trick.js (77)
[0707/115912.432:INFO:CONSOLE(330)] "[trick] glitch started for ms:", source: http://localhost:52893/trick.js (330)
[0707/115916.591:INFO:CONSOLE(384)] "[trick] glitch stopped", source: http://localhost:52893/trick.js (384)
[0707/115920.046:INFO:CONSOLE(441)] "[reward-notifications] event rewardName=TRICK", source: http://localhost:52893/reward-notifications.js (441)
[0707/115920.046:INFO:CONSOLE(441)] "[reward-notifications] reward skipped: TRICK", source: http://localhost:52893/reward-notifications.js (441)
[0707/115920.046:INFO:CONSOLE(74)] "[trick] reward received:", source: http://localhost:52893/trick.js (74)
[0707/115920.046:INFO:CONSOLE(77)] "[trick] reward matched, triggering selected effect", source: http://localhost:52893/trick.js (77)
[0707/115920.046:INFO:CONSOLE(330)] "[trick] glitch started for ms:", source: http://localhost:52893/trick.js (330)
[0707/115924.492:INFO:CONSOLE(384)] "[trick] glitch stopped", source: http://localhost:52893/trick.js (384)
[0707/115929.386:INFO:CONSOLE(441)] "[reward-notifications] event rewardName=Тест", source: http://localhost:52893/reward-notifications.js (441)
[0707/115929.386:INFO:CONSOLE(441)] "[reward-notifications] reward skipped: Тест", source: http://localhost:52893/reward-notifications.js (441)
[0707/115929.386:INFO:CONSOLE(74)] "[trick] reward received:", source: http://localhost:52893/trick.js (74)
[0707/115936.755:ERROR:browser_process_sub_thread.cc(221)] Waited 10 ms for network service
[0707/115941.612:INFO:CONSOLE(43)] "[reward-notifications] script loaded", source: http://localhost:60418/reward-notifications.js (43)
[0707/115941.612:INFO:CONSOLE(70)] "[reward-notifications] listener attached", source: http://localhost:60418/reward-notifications.js (70)
[0707/115941.833:INFO:CONSOLE(82)] "[trick] reward listener attached", source: http://localhost:60418/trick.js (82)
[0707/115941.833:INFO:CONSOLE(62)] "[trick] loaded. Modes: 1=glitch, 2=zoom, 3=grayscale, 4=blackhole", source: http://localhost:60418/trick.js (62)
[0707/115949.127:INFO:CONSOLE(441)] "[reward-notifications] event rewardName=TRICK", source: http://localhost:60418/reward-notifications.js (441)
[0707/115949.127:INFO:CONSOLE(441)] "[reward-notifications] reward skipped: TRICK", source: http://localhost:60418/reward-notifications.js (441)
[0707/115949.127:INFO:CONSOLE(74)] "[trick] reward received:", source: http://localhost:60418/trick.js (74)
[0707/115949.127:INFO:CONSOLE(77)] "[trick] reward matched, triggering selected effect", source: http://localhost:60418/trick.js (77)
[0707/115949.129:INFO:CONSOLE(330)] "[trick] glitch started for ms:", source: http://localhost:60418/trick.js (330)
[0707/115953.450:INFO:CONSOLE(384)] "[trick] glitch stopped", source: http://localhost:60418/trick.js (384)
[0707/115954.454:INFO:CONSOLE(441)] "[reward-notifications] event rewardName=Тест", source: http://localhost:60418/reward-notifications.js (441)
[0707/115954.454:INFO:CONSOLE(441)] "[reward-notifications] reward matched: Тест group: Sport", source: http://localhost:60418/reward-notifications.js (441)
[0707/115954.456:INFO:CONSOLE(74)] "[trick] reward received:", source: http://localhost:60418/trick.js (74)
[0707/120005.626:ERROR:browser_process_sub_thread.cc(221)] Waited 11 ms for network service
[0707/120025.749:INFO:CONSOLE(43)] "[reward-notifications] script loaded", source: http://localhost:50263/reward-notifications.js (43)
[0707/120025.749:INFO:CONSOLE(70)] "[reward-notifications] listener attached", source: http://localhost:50263/reward-notifications.js (70)
[0707/120025.999:INFO:CONSOLE(82)] "[trick] reward listener attached", source: http://localhost:50263/trick.js (82)
[0707/120025.999:INFO:CONSOLE(62)] "[trick] loaded. Modes: 1=glitch, 2=zoom, 3=grayscale, 4=blackhole", source: http://localhost:50263/trick.js (62)
[0707/120029.388:INFO:CONSOLE(441)] "[reward-notifications] event rewardName=TRICK", source: http://localhost:50263/reward-notifications.js (441)
[0707/120029.388:INFO:CONSOLE(441)] "[reward-notifications] reward skipped: TRICK", source: http://localhost:50263/reward-notifications.js (441)
[0707/120029.389:INFO:CONSOLE(74)] "[trick] reward received:", source: http://localhost:50263/trick.js (74)
[0707/120029.389:INFO:CONSOLE(77)] "[trick] reward matched, triggering selected effect", source: http://localhost:50263/trick.js (77)
[0707/120029.389:INFO:CONSOLE(225)] "[trick] blackhole started for ms:", source: http://localhost:50263/trick.js (225)
[0707/120051.392:INFO:CONSOLE(484)] "[trick] blackhole stopped", source: http://localhost:50263/trick.js (484)
[0707/120212.689:ERROR:browser_process_sub_thread.cc(221)] Waited 11 ms for network service
[0707/120253.437:INFO:CONSOLE(43)] "[reward-notifications] script loaded", source: http://localhost:56146/reward-notifications.js (43)
[0707/120253.437:INFO:CONSOLE(70)] "[reward-notifications] listener attached", source: http://localhost:56146/reward-notifications.js (70)
[0707/120253.742:INFO:CONSOLE(86)] "[trick] reward listener attached", source: http://localhost:56146/trick.js (86)
[0707/120253.742:INFO:CONSOLE(66)] "[trick] loaded. Modes: 1=glitch, 2=zoom, 3=grayscale, 4=blackhole", source: http://localhost:56146/trick.js (66)
[0707/120257.563:INFO:CONSOLE(441)] "[reward-notifications] event rewardName=TRICK", source: http://localhost:56146/reward-notifications.js (441)
[0707/120257.563:INFO:CONSOLE(441)] "[reward-notifications] reward skipped: TRICK", source: http://localhost:56146/reward-notifications.js (441)
[0707/120257.563:INFO:CONSOLE(78)] "[trick] reward received:", source: http://localhost:56146/trick.js (78)
[0707/120257.563:INFO:CONSOLE(81)] "[trick] reward matched, triggering selected effect", source: http://localhost:56146/trick.js (81)
[0707/120257.563:INFO:CONSOLE(230)] "[trick] blackhole started for ms:", source: http://localhost:56146/trick.js (230)
[0707/120319.567:INFO:CONSOLE(506)] "[trick] blackhole stopped", source: http://localhost:56146/trick.js (506)
[0707/120357.671:ERROR:browser_process_sub_thread.cc(221)] Waited 10 ms for network service
[0707/120400.125:INFO:CONSOLE(43)] "[reward-notifications] script loaded", source: http://localhost:58222/reward-notifications.js (43)
[0707/120400.125:INFO:CONSOLE(70)] "[reward-notifications] listener attached", source: http://localhost:58222/reward-notifications.js (70)
[0707/120400.388:INFO:CONSOLE(86)] "[trick] reward listener attached", source: http://localhost:58222/trick.js (86)
[0707/120400.388:INFO:CONSOLE(66)] "[trick] loaded. Modes: 1=glitch, 2=zoom, 3=grayscale, 4=blackhole", source: http://localhost:58222/trick.js (66)
[0707/120403.907:INFO:CONSOLE(441)] "[reward-notifications] event rewardName=TRICK", source: http://localhost:58222/reward-notifications.js (441)
[0707/120403.907:INFO:CONSOLE(441)] "[reward-notifications] reward skipped: TRICK", source: http://localhost:58222/reward-notifications.js (441)
[0707/120403.908:INFO:CONSOLE(78)] "[trick] reward received:", source: http://localhost:58222/trick.js (78)
[0707/120403.908:INFO:CONSOLE(81)] "[trick] reward matched, triggering selected effect", source: http://localhost:58222/trick.js (81)
[0707/120403.908:INFO:CONSOLE(230)] "[trick] blackhole started for ms:", source: http://localhost:58222/trick.js (230)
[0707/120425.914:INFO:CONSOLE(506)] "[trick] blackhole stopped", source: http://localhost:58222/trick.js (506)
[0707/120646.248:ERROR:browser_process_sub_thread.cc(221)] Waited 10 ms for network service
[0707/120648.885:INFO:CONSOLE(43)] "[reward-notifications] script loaded", source: http://localhost:53217/reward-notifications.js (43)
[0707/120648.885:INFO:CONSOLE(70)] "[reward-notifications] listener attached", source: http://localhost:53217/reward-notifications.js (70)
[0707/120649.109:INFO:CONSOLE(86)] "[trick] reward listener attached", source: http://localhost:53217/trick.js (86)
[0707/120649.109:INFO:CONSOLE(66)] "[trick] loaded. Modes: 1=glitch, 2=zoom, 3=grayscale, 4=blackhole", source: http://localhost:53217/trick.js (66)
[0707/120654.692:ERROR:browser_process_sub_thread.cc(221)] Waited 10 ms for network service
[0707/150542.980:INFO:CONSOLE(51)] "[reward-notifications] script loaded", source: http://localhost:49871/reward-notifications.js (51)
[0707/150542.980:INFO:CONSOLE(78)] "[reward-notifications] listener attached", source: http://localhost:49871/reward-notifications.js (78)
[0707/150543.550:INFO:CONSOLE(86)] "[trick] reward listener attached", source: http://localhost:49871/trick.js (86)
[0707/150543.550:INFO:CONSOLE(66)] "[trick] loaded. Modes: 1=glitch, 2=zoom, 3=grayscale, 4=blackhole", source: http://localhost:49871/trick.js (66)
[0707/150645.254:INFO:CONSOLE(580)] "[reward-notifications] event rewardName=Тест", source: http://localhost:49871/reward-notifications.js (580)
[0707/150645.254:INFO:CONSOLE(580)] "[reward-notifications] reward matched: Тест group: Test", source: http://localhost:49871/reward-notifications.js (580)
[0707/150645.267:INFO:CONSOLE(78)] "[trick] reward received:", source: http://localhost:49871/trick.js (78)
[0707/150645.627:ERROR:render_media_log.cc(27)] MediaEvent: MEDIA_ERROR_LOG_ENTRY {"error":"FFmpegDemuxer: no supported streams"}
[0707/150645.627:ERROR:render_media_log.cc(27)] MediaEvent: PIPELINE_ERROR DEMUXER_ERROR_NO_SUPPORTED_STREAMS
[0707/150645.627:INFO:CONSOLE(580)] "[reward-notifications] video load failed: 1.mp4", source: http://localhost:49871/reward-notifications.js (580)
[0707/150645.628:INFO:CONSOLE(381)] "Reward video playback failed:", source: http://localhost:49871/reward-notifications.js (381)
[0707/150857.510:ERROR:browser_process_sub_thread.cc(221)] Waited 11 ms for network service
[0707/150902.197:INFO:CONSOLE(51)] "[reward-notifications] script loaded", source: http://localhost:64102/reward-notifications.js (51)
[0707/150902.197:INFO:CONSOLE(78)] "[reward-notifications] listener attached", source: http://localhost:64102/reward-notifications.js (78)
[0707/150902.452:INFO:CONSOLE(86)] "[trick] reward listener attached", source: http://localhost:64102/trick.js (86)
[0707/150902.452:INFO:CONSOLE(66)] "[trick] loaded. Modes: 1=glitch, 2=zoom, 3=grayscale, 4=blackhole", source: http://localhost:64102/trick.js (66)
[0707/150907.425:INFO:CONSOLE(604)] "[reward-notifications] event rewardName=Тест", source: http://localhost:64102/reward-notifications.js (604)
[0707/150907.426:INFO:CONSOLE(604)] "[reward-notifications] reward matched: Тест group: Test", source: http://localhost:64102/reward-notifications.js (604)
[0707/150907.429:INFO:CONSOLE(78)] "[trick] reward received:", source: http://localhost:64102/trick.js (78)
[0707/150907.748:ERROR:render_media_log.cc(27)] MediaEvent: MEDIA_ERROR_LOG_ENTRY {"error":"FFmpegDemuxer: no supported streams"}
[0707/150907.748:ERROR:render_media_log.cc(27)] MediaEvent: PIPELINE_ERROR DEMUXER_ERROR_NO_SUPPORTED_STREAMS
[0707/150907.748:INFO:CONSOLE(604)] "[reward-notifications] video load failed: 1.mp4 networkState=3 readyState=0", source: http://localhost:64102/reward-notifications.js (604)
[0707/150907.749:INFO:CONSOLE(394)] "Reward video playback failed:", source: http://localhost:64102/reward-notifications.js (394)
[0707/150907.749:INFO:CONSOLE(604)] "[reward-notifications] video play failed: 1.mp4", source: http://localhost:64102/reward-notifications.js (604)
[0707/151005.427:ERROR:browser_process_sub_thread.cc(221)] Waited 10 ms for network service
[0707/151007.941:INFO:CONSOLE(51)] "[reward-notifications] script loaded", source: http://localhost:50301/reward-notifications.js (51)
[0707/151007.941:INFO:CONSOLE(78)] "[reward-notifications] listener attached", source: http://localhost:50301/reward-notifications.js (78)
[0707/151008.206:INFO:CONSOLE(86)] "[trick] reward listener attached", source: http://localhost:50301/trick.js (86)
[0707/151008.206:INFO:CONSOLE(66)] "[trick] loaded. Modes: 1=glitch, 2=zoom, 3=grayscale, 4=blackhole", source: http://localhost:50301/trick.js (66)
[0707/151011.876:INFO:CONSOLE(608)] "[reward-notifications] event rewardName=Тест", source: http://localhost:50301/reward-notifications.js (608)
[0707/151011.876:INFO:CONSOLE(608)] "[reward-notifications] reward matched: Тест group: Test", source: http://localhost:50301/reward-notifications.js (608)
[0707/151011.878:INFO:CONSOLE(78)] "[trick] reward received:", source: http://localhost:50301/trick.js (78)
[0707/151012.198:ERROR:render_media_log.cc(27)] MediaEvent: MEDIA_ERROR_LOG_ENTRY {"error":"FFmpegDemuxer: no supported streams"}
[0707/151012.199:ERROR:render_media_log.cc(27)] MediaEvent: PIPELINE_ERROR DEMUXER_ERROR_NO_SUPPORTED_STREAMS
[0707/151012.199:INFO:CONSOLE(608)] "[reward-notifications] video load failed: 1.mp4 networkState=3 readyState=0", source: http://localhost:50301/reward-notifications.js (608)
[0707/151012.199:INFO:CONSOLE(394)] "Reward video playback failed:", source: http://localhost:50301/reward-notifications.js (394)
[0707/151012.199:INFO:CONSOLE(608)] "[reward-notifications] video play failed: 1.mp4", source: http://localhost:50301/reward-notifications.js (608)
[0707/151159.314:ERROR:browser_process_sub_thread.cc(221)] Waited 11 ms for network service
[0707/151203.772:INFO:CONSOLE(51)] "[reward-notifications] script loaded", source: http://localhost:52819/reward-notifications.js (51)
[0707/151203.772:INFO:CONSOLE(78)] "[reward-notifications] listener attached", source: http://localhost:52819/reward-notifications.js (78)
[0707/151204.035:INFO:CONSOLE(86)] "[trick] reward listener attached", source: http://localhost:52819/trick.js (86)
[0707/151204.035:INFO:CONSOLE(66)] "[trick] loaded. Modes: 1=glitch, 2=zoom, 3=grayscale, 4=blackhole", source: http://localhost:52819/trick.js (66)
[0707/151210.255:INFO:CONSOLE(608)] "[reward-notifications] event rewardName=Тест", source: http://localhost:52819/reward-notifications.js (608)
[0707/151210.255:INFO:CONSOLE(608)] "[reward-notifications] reward matched: Тест group: Test", source: http://localhost:52819/reward-notifications.js (608)
[0707/151210.256:INFO:CONSOLE(78)] "[trick] reward received:", source: http://localhost:52819/trick.js (78)
[0707/151210.656:ERROR:render_media_log.cc(27)] MediaEvent: MEDIA_ERROR_LOG_ENTRY {"error":"FFmpegDemuxer: no supported streams"}
[0707/151210.656:ERROR:render_media_log.cc(27)] MediaEvent: PIPELINE_ERROR DEMUXER_ERROR_NO_SUPPORTED_STREAMS
[0707/151210.657:INFO:CONSOLE(608)] "[reward-notifications] video load failed: EntropyAlpha4k60fps.mov networkState=3 readyState=0", source: http://localhost:52819/reward-notifications.js (608)
[0707/151210.657:INFO:CONSOLE(394)] "Reward video playback failed:", source: http://localhost:52819/reward-notifications.js (394)
[0707/151210.657:INFO:CONSOLE(608)] "[reward-notifications] video play failed: EntropyAlpha4k60fps.mov", source: http://localhost:52819/reward-notifications.js (608)
[0707/151318.239:INFO:CONSOLE(51)] "[reward-notifications] script loaded", source: http://localhost:63918/reward-notifications.js (51)
[0707/151318.239:INFO:CONSOLE(78)] "[reward-notifications] listener attached", source: http://localhost:63918/reward-notifications.js (78)
[0707/151318.491:INFO:CONSOLE(86)] "[trick] reward listener attached", source: http://localhost:63918/trick.js (86)
[0707/151318.491:INFO:CONSOLE(66)] "[trick] loaded. Modes: 1=glitch, 2=zoom, 3=grayscale, 4=blackhole", source: http://localhost:63918/trick.js (66)
[0707/151319.061:ERROR:browser_process_sub_thread.cc(221)] Waited 10 ms for network service
[0707/151319.985:ERROR:browser_process_sub_thread.cc(221)] Waited 10 ms for network service
[0707/151322.434:INFO:CONSOLE(51)] "[reward-notifications] script loaded", source: http://localhost:64344/reward-notifications.js (51)
[0707/151322.434:INFO:CONSOLE(78)] "[reward-notifications] listener attached", source: http://localhost:64344/reward-notifications.js (78)
[0707/151322.794:INFO:CONSOLE(86)] "[trick] reward listener attached", source: http://localhost:64344/trick.js (86)
[0707/151322.794:INFO:CONSOLE(66)] "[trick] loaded. Modes: 1=glitch, 2=zoom, 3=grayscale, 4=blackhole", source: http://localhost:64344/trick.js (66)
[0707/151326.306:INFO:CONSOLE(608)] "[reward-notifications] event rewardName=Тест", source: http://localhost:64344/reward-notifications.js (608)
[0707/151326.306:INFO:CONSOLE(608)] "[reward-notifications] reward matched: Тест group: Test", source: http://localhost:64344/reward-notifications.js (608)
[0707/151326.309:INFO:CONSOLE(78)] "[trick] reward received:", source: http://localhost:64344/trick.js (78)
[0707/151326.737:INFO:CONSOLE(608)] "[reward-notifications] video loaded: 1.webm readyState=4", source: http://localhost:64344/reward-notifications.js (608)
[0707/151326.737:INFO:CONSOLE(608)] "[reward-notifications] video can play: 1.webm", source: http://localhost:64344/reward-notifications.js (608)
[0707/155413.177:ERROR:browser_process_sub_thread.cc(221)] Waited 10 ms for network service
[0707/155421.370:INFO:CONSOLE(51)] "[reward-notifications] script loaded", source: http://localhost:52471/reward-notifications.js (51)
[0707/155421.370:INFO:CONSOLE(78)] "[reward-notifications] listener attached", source: http://localhost:52471/reward-notifications.js (78)
[0707/155421.645:INFO:CONSOLE(86)] "[trick] reward listener attached", source: http://localhost:52471/trick.js (86)
[0707/155421.645:INFO:CONSOLE(66)] "[trick] loaded. Modes: 1=glitch, 2=zoom, 3=grayscale, 4=blackhole", source: http://localhost:52471/trick.js (66)
[0707/155519.823:INFO:CONSOLE(608)] "[reward-notifications] event rewardName=Тест", source: http://localhost:52471/reward-notifications.js (608)
[0707/155519.823:INFO:CONSOLE(608)] "[reward-notifications] reward matched: Тест group: Test", source: http://localhost:52471/reward-notifications.js (608)
[0707/155519.826:INFO:CONSOLE(78)] "[trick] reward received:", source: http://localhost:52471/trick.js (78)
[0707/155520.177:INFO:CONSOLE(608)] "[reward-notifications] video loaded: Fatality.webm readyState=4", source: http://localhost:52471/reward-notifications.js (608)
[0707/155520.177:INFO:CONSOLE(608)] "[reward-notifications] video can play: Fatality.webm", source: http://localhost:52471/reward-notifications.js (608)
[0707/155558.274:ERROR:browser_process_sub_thread.cc(221)] Waited 10 ms for network service
[0707/155602.883:INFO:CONSOLE(51)] "[reward-notifications] script loaded", source: http://localhost:60632/reward-notifications.js (51)
[0707/155602.883:INFO:CONSOLE(78)] "[reward-notifications] listener attached", source: http://localhost:60632/reward-notifications.js (78)
[0707/155603.108:INFO:CONSOLE(86)] "[trick] reward listener attached", source: http://localhost:60632/trick.js (86)
[0707/155603.108:INFO:CONSOLE(66)] "[trick] loaded. Modes: 1=glitch, 2=zoom, 3=grayscale, 4=blackhole", source: http://localhost:60632/trick.js (66)
[0707/155607.312:INFO:CONSOLE(608)] "[reward-notifications] event rewardName=Тест", source: http://localhost:60632/reward-notifications.js (608)
[0707/155607.312:INFO:CONSOLE(608)] "[reward-notifications] reward matched: Тест group: Test", source: http://localhost:60632/reward-notifications.js (608)
[0707/155607.314:INFO:CONSOLE(78)] "[trick] reward received:", source: http://localhost:60632/trick.js (78)
[0707/155607.918:INFO:CONSOLE(608)] "[reward-notifications] video loaded: Fatality.mov readyState=4", source: http://localhost:60632/reward-notifications.js (608)
[0707/155607.918:INFO:CONSOLE(608)] "[reward-notifications] video can play: Fatality.mov", source: http://localhost:60632/reward-notifications.js (608)
[0707/160047.115:ERROR:browser_process_sub_thread.cc(221)] Waited 11 ms for network service
[0707/160050.419:INFO:CONSOLE(51)] "[reward-notifications] script loaded", source: http://localhost:53682/reward-notifications.js (51)
[0707/160050.419:INFO:CONSOLE(78)] "[reward-notifications] listener attached", source: http://localhost:53682/reward-notifications.js (78)
[0707/160050.622:INFO:CONSOLE(86)] "[trick] reward listener attached", source: http://localhost:53682/trick.js (86)
[0707/160050.622:INFO:CONSOLE(66)] "[trick] loaded. Modes: 1=glitch, 2=zoom, 3=grayscale, 4=blackhole", source: http://localhost:53682/trick.js (66)
[0707/160115.127:INFO:CONSOLE(608)] "[reward-notifications] event rewardName=Тест", source: http://localhost:53682/reward-notifications.js (608)
[0707/160115.127:INFO:CONSOLE(608)] "[reward-notifications] reward matched: Тест group: Test", source: http://localhost:53682/reward-notifications.js (608)
[0707/160115.130:INFO:CONSOLE(78)] "[trick] reward received:", source: http://localhost:53682/trick.js (78)
[0707/160116.335:INFO:CONSOLE(608)] "[reward-notifications] video loaded: Fatality.mov readyState=4", source: http://localhost:53682/reward-notifications.js (608)
[0707/160116.335:INFO:CONSOLE(608)] "[reward-notifications] video can play: Fatality.mov", source: http://localhost:53682/reward-notifications.js (608)
[0707/160511.098:ERROR:browser_process_sub_thread.cc(221)] Waited 10 ms for network service
[0707/160513.353:INFO:CONSOLE(51)] "[reward-notifications] script loaded", source: http://localhost:61928/reward-notifications.js (51)
[0707/160513.353:INFO:CONSOLE(78)] "[reward-notifications] listener attached", source: http://localhost:61928/reward-notifications.js (78)
[0707/160513.589:INFO:CONSOLE(86)] "[trick] reward listener attached", source: http://localhost:61928/trick.js (86)
[0707/160513.589:INFO:CONSOLE(66)] "[trick] loaded. Modes: 1=glitch, 2=zoom, 3=grayscale, 4=blackhole", source: http://localhost:61928/trick.js (66)
[0707/160516.565:INFO:CONSOLE(608)] "[reward-notifications] event rewardName=Тест", source: http://localhost:61928/reward-notifications.js (608)
[0707/160516.566:INFO:CONSOLE(608)] "[reward-notifications] reward matched: Тест group: Test", source: http://localhost:61928/reward-notifications.js (608)
[0707/160516.568:INFO:CONSOLE(78)] "[trick] reward received:", source: http://localhost:61928/trick.js (78)
[0707/160516.926:INFO:CONSOLE(608)] "[reward-notifications] video loaded: Fatality.webm readyState=4", source: http://localhost:61928/reward-notifications.js (608)
[0707/160516.926:INFO:CONSOLE(608)] "[reward-notifications] video can play: Fatality.webm", source: http://localhost:61928/reward-notifications.js (608)
[0707/160618.002:ERROR:browser_process_sub_thread.cc(221)] Waited 10 ms for network service
[0707/160620.802:INFO:CONSOLE(50)] "[reward-notifications] script loaded", source: http://localhost:63409/reward-notifications.js (50)
[0707/160620.802:INFO:CONSOLE(77)] "[reward-notifications] listener attached", source: http://localhost:63409/reward-notifications.js (77)
[0707/160621.085:INFO:CONSOLE(86)] "[trick] reward listener attached", source: http://localhost:63409/trick.js (86)
[0707/160621.085:INFO:CONSOLE(66)] "[trick] loaded. Modes: 1=glitch, 2=zoom, 3=grayscale, 4=blackhole", source: http://localhost:63409/trick.js (66)
[0707/160623.795:INFO:CONSOLE(607)] "[reward-notifications] event rewardName=Тест", source: http://localhost:63409/reward-notifications.js (607)
[0707/160623.795:INFO:CONSOLE(607)] "[reward-notifications] reward matched: Тест group: Test", source: http://localhost:63409/reward-notifications.js (607)
[0707/160623.796:INFO:CONSOLE(78)] "[trick] reward received:", source: http://localhost:63409/trick.js (78)
[0707/160624.147:INFO:CONSOLE(607)] "[reward-notifications] video loaded: Fatality.webm readyState=4", source: http://localhost:63409/reward-notifications.js (607)
[0707/160624.147:INFO:CONSOLE(607)] "[reward-notifications] video can play: Fatality.webm", source: http://localhost:63409/reward-notifications.js (607)
[0707/160721.920:ERROR:browser_process_sub_thread.cc(221)] Waited 12 ms for network service
[0707/160726.023:INFO:CONSOLE(50)] "[reward-notifications] script loaded", source: http://localhost:64875/reward-notifications.js (50)
[0707/160726.023:INFO:CONSOLE(77)] "[reward-notifications] listener attached", source: http://localhost:64875/reward-notifications.js (77)
[0707/160726.305:INFO:CONSOLE(86)] "[trick] reward listener attached", source: http://localhost:64875/trick.js (86)
[0707/160726.305:INFO:CONSOLE(66)] "[trick] loaded. Modes: 1=glitch, 2=zoom, 3=grayscale, 4=blackhole", source: http://localhost:64875/trick.js (66)
[0707/160729.871:INFO:CONSOLE(607)] "[reward-notifications] event rewardName=Тест", source: http://localhost:64875/reward-notifications.js (607)
[0707/160729.871:INFO:CONSOLE(607)] "[reward-notifications] reward matched: Тест group: Test", source: http://localhost:64875/reward-notifications.js (607)
[0707/160729.873:INFO:CONSOLE(78)] "[trick] reward received:", source: http://localhost:64875/trick.js (78)
[0707/160730.278:INFO:CONSOLE(607)] "[reward-notifications] video loaded: 1.webm readyState=4", source: http://localhost:64875/reward-notifications.js (607)
[0707/160730.278:INFO:CONSOLE(607)] "[reward-notifications] video can play: 1.webm", source: http://localhost:64875/reward-notifications.js (607)
[0707/160815.837:ERROR:browser_process_sub_thread.cc(221)] Waited 12 ms for network service
[0707/160847.875:INFO:CONSOLE(50)] "[reward-notifications] script loaded", source: http://localhost:59619/reward-notifications.js (50)
[0707/160847.875:INFO:CONSOLE(77)] "[reward-notifications] listener attached", source: http://localhost:59619/reward-notifications.js (77)
[0707/160848.157:INFO:CONSOLE(86)] "[trick] reward listener attached", source: http://localhost:59619/trick.js (86)
[0707/160848.157:INFO:CONSOLE(66)] "[trick] loaded. Modes: 1=glitch, 2=zoom, 3=grayscale, 4=blackhole", source: http://localhost:59619/trick.js (66)
[0707/160854.247:INFO:CONSOLE(611)] "[reward-notifications] event rewardName=Тест", source: http://localhost:59619/reward-notifications.js (611)
[0707/160854.247:INFO:CONSOLE(611)] "[reward-notifications] reward matched: Тест group: Test", source: http://localhost:59619/reward-notifications.js (611)
[0707/160854.250:INFO:CONSOLE(78)] "[trick] reward received:", source: http://localhost:59619/trick.js (78)
[0707/160854.650:INFO:CONSOLE(611)] "[reward-notifications] video loaded: 1.webm readyState=4", source: http://localhost:59619/reward-notifications.js (611)
[0707/160854.650:INFO:CONSOLE(611)] "[reward-notifications] video can play: 1.webm", source: http://localhost:59619/reward-notifications.js (611)
[0707/161021.082:ERROR:browser_process_sub_thread.cc(221)] Waited 10 ms for network service
[0707/161026.748:INFO:CONSOLE(50)] "[reward-notifications] script loaded", source: http://localhost:54848/reward-notifications.js (50)
[0707/161026.748:INFO:CONSOLE(77)] "[reward-notifications] listener attached", source: http://localhost:54848/reward-notifications.js (77)
[0707/161026.945:INFO:CONSOLE(86)] "[trick] reward listener attached", source: http://localhost:54848/trick.js (86)
[0707/161026.945:INFO:CONSOLE(66)] "[trick] loaded. Modes: 1=glitch, 2=zoom, 3=grayscale, 4=blackhole", source: http://localhost:54848/trick.js (66)
[0707/161030.062:INFO:CONSOLE(611)] "[reward-notifications] event rewardName=Тест", source: http://localhost:54848/reward-notifications.js (611)
[0707/161030.063:INFO:CONSOLE(611)] "[reward-notifications] reward matched: Тест group: Test", source: http://localhost:54848/reward-notifications.js (611)
[0707/161030.065:INFO:CONSOLE(78)] "[trick] reward received:", source: http://localhost:54848/trick.js (78)
[0707/161030.420:INFO:CONSOLE(611)] "[reward-notifications] video loaded: Fatality.webm readyState=4", source: http://localhost:54848/reward-notifications.js (611)
[0707/161030.420:INFO:CONSOLE(611)] "[reward-notifications] video can play: Fatality.webm", source: http://localhost:54848/reward-notifications.js (611)
[0707/161602.970:INFO:CONSOLE(611)] "[reward-notifications] event rewardName=Тест", source: http://localhost:54848/reward-notifications.js (611)
[0707/161602.970:INFO:CONSOLE(611)] "[reward-notifications] reward matched: Тест group: Test", source: http://localhost:54848/reward-notifications.js (611)
[0707/161602.972:INFO:CONSOLE(78)] "[trick] reward received:", source: http://localhost:54848/trick.js (78)
[0707/161603.295:INFO:CONSOLE(611)] "[reward-notifications] video loaded: Fatality.webm readyState=4", source: http://localhost:54848/reward-notifications.js (611)
[0707/161603.295:INFO:CONSOLE(611)] "[reward-notifications] video can play: Fatality.webm", source: http://localhost:54848/reward-notifications.js (611)
[0707/172558.248:ERROR:browser_process_sub_thread.cc(221)] Waited 10 ms for network service
[0707/193047.144:INFO:CONSOLE(50)] "[reward-notifications] script loaded", source: http://localhost:52544/reward-notifications.js (50)
[0707/193047.144:INFO:CONSOLE(77)] "[reward-notifications] listener attached", source: http://localhost:52544/reward-notifications.js (77)
[0707/193047.368:INFO:CONSOLE(86)] "[trick] reward listener attached", source: http://localhost:52544/trick.js (86)
[0707/193047.368:INFO:CONSOLE(66)] "[trick] loaded. Modes: 1=glitch, 2=zoom, 3=grayscale, 4=blackhole", source: http://localhost:52544/trick.js (66)
[0707/193049.163:INFO:CONSOLE(176)] "WebSocket connection to 'ws://127.0.0.1:8080/' failed: Error in connection establishment: net::ERR_CONNECTION_REFUSED", source: https://cdn.skypack.dev/-/@streamerbot/client@v1.12.2-9BnWw0CDQ2fH1klZ4JSh/dist=es2019,mode=imports/optimized/@streamerbot/client.js (176)
[0707/193049.166:INFO:CONSOLE(83)] "Failed to connect:", source: https://cdn.skypack.dev/-/@streamerbot/client@v1.12.2-9BnWw0CDQ2fH1klZ4JSh/dist=es2019,mode=imports/optimized/@streamerbot/client.js (83)
[0707/193052.206:INFO:CONSOLE(176)] "WebSocket connection to 'ws://127.0.0.1:8080/' failed: Error in connection establishment: net::ERR_CONNECTION_REFUSED", source: https://cdn.skypack.dev/-/@streamerbot/client@v1.12.2-9BnWw0CDQ2fH1klZ4JSh/dist=es2019,mode=imports/optimized/@streamerbot/client.js (176)
[0707/193052.207:INFO:CONSOLE(83)] "Failed to reconnect (attempt 1)", source: https://cdn.skypack.dev/-/@streamerbot/client@v1.12.2-9BnWw0CDQ2fH1klZ4JSh/dist=es2019,mode=imports/optimized/@streamerbot/client.js (83)
[0707/193056.261:INFO:CONSOLE(176)] "WebSocket connection to 'ws://127.0.0.1:8080/' failed: Error in connection establishment: net::ERR_CONNECTION_REFUSED", source: https://cdn.skypack.dev/-/@streamerbot/client@v1.12.2-9BnWw0CDQ2fH1klZ4JSh/dist=es2019,mode=imports/optimized/@streamerbot/client.js (176)
[0707/193056.261:INFO:CONSOLE(83)] "Failed to reconnect (attempt 2)", source: https://cdn.skypack.dev/-/@streamerbot/client@v1.12.2-9BnWw0CDQ2fH1klZ4JSh/dist=es2019,mode=imports/optimized/@streamerbot/client.js (83)
[0707/193101.297:INFO:CONSOLE(176)] "WebSocket connection to 'ws://127.0.0.1:8080/' failed: Error in connection establishment: net::ERR_CONNECTION_REFUSED", source: https://cdn.skypack.dev/-/@streamerbot/client@v1.12.2-9BnWw0CDQ2fH1klZ4JSh/dist=es2019,mode=imports/optimized/@streamerbot/client.js (176)
[0707/193101.297:INFO:CONSOLE(83)] "Failed to reconnect (attempt 3)", source: https://cdn.skypack.dev/-/@streamerbot/client@v1.12.2-9BnWw0CDQ2fH1klZ4JSh/dist=es2019,mode=imports/optimized/@streamerbot/client.js (83)
[0707/193107.337:INFO:CONSOLE(176)] "WebSocket connection to 'ws://127.0.0.1:8080/' failed: Error in connection establishment: net::ERR_CONNECTION_REFUSED", source: https://cdn.skypack.dev/-/@streamerbot/client@v1.12.2-9BnWw0CDQ2fH1klZ4JSh/dist=es2019,mode=imports/optimized/@streamerbot/client.js (176)
[0707/193107.337:INFO:CONSOLE(83)] "Failed to reconnect (attempt 4)", source: https://cdn.skypack.dev/-/@streamerbot/client@v1.12.2-9BnWw0CDQ2fH1klZ4JSh/dist=es2019,mode=imports/optimized/@streamerbot/client.js (83)
[0707/193110.273:ERROR:browser_process_sub_thread.cc(221)] Waited 11 ms for network service
[0707/193113.293:INFO:CONSOLE(50)] "[reward-notifications] script loaded", source: http://localhost:62693/reward-notifications.js (50)
[0707/193113.293:INFO:CONSOLE(77)] "[reward-notifications] listener attached", source: http://localhost:62693/reward-notifications.js (77)
[0707/193113.554:INFO:CONSOLE(86)] "[trick] reward listener attached", source: http://localhost:62693/trick.js (86)
[0707/193113.555:INFO:CONSOLE(66)] "[trick] loaded. Modes: 1=glitch, 2=zoom, 3=grayscale, 4=blackhole", source: http://localhost:62693/trick.js (66)
[0707/193115.327:INFO:CONSOLE(176)] "WebSocket connection to 'ws://127.0.0.1:8080/' failed: Error in connection establishment: net::ERR_CONNECTION_REFUSED", source: https://cdn.skypack.dev/-/@streamerbot/client@v1.12.2-9BnWw0CDQ2fH1klZ4JSh/dist=es2019,mode=imports/optimized/@streamerbot/client.js (176)
[0707/193115.327:INFO:CONSOLE(83)] "Failed to connect:", source: https://cdn.skypack.dev/-/@streamerbot/client@v1.12.2-9BnWw0CDQ2fH1klZ4JSh/dist=es2019,mode=imports/optimized/@streamerbot/client.js (83)
[0707/193118.363:INFO:CONSOLE(176)] "WebSocket connection to 'ws://127.0.0.1:8080/' failed: Error in connection establishment: net::ERR_CONNECTION_REFUSED", source: https://cdn.skypack.dev/-/@streamerbot/client@v1.12.2-9BnWw0CDQ2fH1klZ4JSh/dist=es2019,mode=imports/optimized/@streamerbot/client.js (176)
[0707/193118.363:INFO:CONSOLE(83)] "Failed to reconnect (attempt 1)", source: https://cdn.skypack.dev/-/@streamerbot/client@v1.12.2-9BnWw0CDQ2fH1klZ4JSh/dist=es2019,mode=imports/optimized/@streamerbot/client.js (83)
[0707/193122.409:INFO:CONSOLE(176)] "WebSocket connection to 'ws://127.0.0.1:8080/' failed: Error in connection establishment: net::ERR_CONNECTION_REFUSED", source: https://cdn.skypack.dev/-/@streamerbot/client@v1.12.2-9BnWw0CDQ2fH1klZ4JSh/dist=es2019,mode=imports/optimized/@streamerbot/client.js (176)
[0707/193122.409:INFO:CONSOLE(83)] "Failed to reconnect (attempt 2)", source: https://cdn.skypack.dev/-/@streamerbot/client@v1.12.2-9BnWw0CDQ2fH1klZ4JSh/dist=es2019,mode=imports/optimized/@streamerbot/client.js (83)
[0707/193127.453:INFO:CONSOLE(176)] "WebSocket connection to 'ws://127.0.0.1:8080/' failed: Error in connection establishment: net::ERR_CONNECTION_REFUSED", source: https://cdn.skypack.dev/-/@streamerbot/client@v1.12.2-9BnWw0CDQ2fH1klZ4JSh/dist=es2019,mode=imports/optimized/@streamerbot/client.js (176)
[0707/193127.453:INFO:CONSOLE(83)] "Failed to reconnect (attempt 3)", source: https://cdn.skypack.dev/-/@streamerbot/client@v1.12.2-9BnWw0CDQ2fH1klZ4JSh/dist=es2019,mode=imports/optimized/@streamerbot/client.js (83)
[0707/193133.500:INFO:CONSOLE(176)] "WebSocket connection to 'ws://127.0.0.1:8080/' failed: Error in connection establishment: net::ERR_CONNECTION_REFUSED", source: https://cdn.skypack.dev/-/@streamerbot/client@v1.12.2-9BnWw0CDQ2fH1klZ4JSh/dist=es2019,mode=imports/optimized/@streamerbot/client.js (176)
[0707/193133.500:INFO:CONSOLE(83)] "Failed to reconnect (attempt 4)", source: https://cdn.skypack.dev/-/@streamerbot/client@v1.12.2-9BnWw0CDQ2fH1klZ4JSh/dist=es2019,mode=imports/optimized/@streamerbot/client.js (83)
[0707/193140.544:INFO:CONSOLE(176)] "WebSocket connection to 'ws://127.0.0.1:8080/' failed: Error in connection establishment: net::ERR_CONNECTION_REFUSED", source: https://cdn.skypack.dev/-/@streamerbot/client@v1.12.2-9BnWw0CDQ2fH1klZ4JSh/dist=es2019,mode=imports/optimized/@streamerbot/client.js (176)
[0707/193140.544:INFO:CONSOLE(83)] "Failed to reconnect (attempt 5)", source: https://cdn.skypack.dev/-/@streamerbot/client@v1.12.2-9BnWw0CDQ2fH1klZ4JSh/dist=es2019,mode=imports/optimized/@streamerbot/client.js (83)
[0707/193148.583:INFO:CONSOLE(176)] "WebSocket connection to 'ws://127.0.0.1:8080/' failed: Error in connection establishment: net::ERR_CONNECTION_REFUSED", source: https://cdn.skypack.dev/-/@streamerbot/client@v1.12.2-9BnWw0CDQ2fH1klZ4JSh/dist=es2019,mode=imports/optimized/@streamerbot/client.js (176)
[0707/193148.583:INFO:CONSOLE(83)] "Failed to reconnect (attempt 6)", source: https://cdn.skypack.dev/-/@streamerbot/client@v1.12.2-9BnWw0CDQ2fH1klZ4JSh/dist=es2019,mode=imports/optimized/@streamerbot/client.js (83)
[0707/193157.620:INFO:CONSOLE(176)] "WebSocket connection to 'ws://127.0.0.1:8080/' failed: Error in connection establishment: net::ERR_CONNECTION_REFUSED", source: https://cdn.skypack.dev/-/@streamerbot/client@v1.12.2-9BnWw0CDQ2fH1klZ4JSh/dist=es2019,mode=imports/optimized/@streamerbot/client.js (176)
[0707/193157.620:INFO:CONSOLE(83)] "Failed to reconnect (attempt 7)", source: https://cdn.skypack.dev/-/@streamerbot/client@v1.12.2-9BnWw0CDQ2fH1klZ4JSh/dist=es2019,mode=imports/optimized/@streamerbot/client.js (83)
[0707/193207.682:INFO:CONSOLE(176)] "WebSocket connection to 'ws://127.0.0.1:8080/' failed: Error in connection establishment: net::ERR_CONNECTION_REFUSED", source: https://cdn.skypack.dev/-/@streamerbot/client@v1.12.2-9BnWw0CDQ2fH1klZ4JSh/dist=es2019,mode=imports/optimized/@streamerbot/client.js (176)
[0707/193207.682:INFO:CONSOLE(83)] "Failed to reconnect (attempt 8)", source: https://cdn.skypack.dev/-/@streamerbot/client@v1.12.2-9BnWw0CDQ2fH1klZ4JSh/dist=es2019,mode=imports/optimized/@streamerbot/client.js (83)
[0707/193218.757:INFO:CONSOLE(176)] "WebSocket connection to 'ws://127.0.0.1:8080/' failed: Error in connection establishment: net::ERR_CONNECTION_REFUSED", source: https://cdn.skypack.dev/-/@streamerbot/client@v1.12.2-9BnWw0CDQ2fH1klZ4JSh/dist=es2019,mode=imports/optimized/@streamerbot/client.js (176)
[0707/193218.757:INFO:CONSOLE(83)] "Failed to reconnect (attempt 9)", source: https://cdn.skypack.dev/-/@streamerbot/client@v1.12.2-9BnWw0CDQ2fH1klZ4JSh/dist=es2019,mode=imports/optimized/@streamerbot/client.js (83)
[0707/193225.632:ERROR:browser_process_sub_thread.cc(221)] Waited 12 ms for network service
[0707/193234.141:INFO:CONSOLE(50)] "[reward-notifications] script loaded", source: http://localhost:58457/reward-notifications.js (50)
[0707/193234.141:INFO:CONSOLE(77)] "[reward-notifications] listener attached", source: http://localhost:58457/reward-notifications.js (77)
[0707/193234.417:INFO:CONSOLE(86)] "[trick] reward listener attached", source: http://localhost:58457/trick.js (86)
[0707/193234.417:INFO:CONSOLE(66)] "[trick] loaded. Modes: 1=glitch, 2=zoom, 3=grayscale, 4=blackhole", source: http://localhost:58457/trick.js (66)
[0707/193236.160:INFO:CONSOLE(176)] "WebSocket connection to 'ws://127.0.0.1:8080/' failed: Error in connection establishment: net::ERR_CONNECTION_REFUSED", source: https://cdn.skypack.dev/-/@streamerbot/client@v1.12.2-9BnWw0CDQ2fH1klZ4JSh/dist=es2019,mode=imports/optimized/@streamerbot/client.js (176)
[0707/193236.160:INFO:CONSOLE(83)] "Failed to connect:", source: https://cdn.skypack.dev/-/@streamerbot/client@v1.12.2-9BnWw0CDQ2fH1klZ4JSh/dist=es2019,mode=imports/optimized/@streamerbot/client.js (83)
[0707/193239.207:INFO:CONSOLE(176)] "WebSocket connection to 'ws://127.0.0.1:8080/' failed: Error in connection establishment: net::ERR_CONNECTION_REFUSED", source: https://cdn.skypack.dev/-/@streamerbot/client@v1.12.2-9BnWw0CDQ2fH1klZ4JSh/dist=es2019,mode=imports/optimized/@streamerbot/client.js (176)
[0707/193239.207:INFO:CONSOLE(83)] "Failed to reconnect (attempt 1)", source: https://cdn.skypack.dev/-/@streamerbot/client@v1.12.2-9BnWw0CDQ2fH1klZ4JSh/dist=es2019,mode=imports/optimized/@streamerbot/client.js (83)
[0707/193243.246:INFO:CONSOLE(176)] "WebSocket connection to 'ws://127.0.0.1:8080/' failed: Error in connection establishment: net::ERR_CONNECTION_REFUSED", source: https://cdn.skypack.dev/-/@streamerbot/client@v1.12.2-9BnWw0CDQ2fH1klZ4JSh/dist=es2019,mode=imports/optimized/@streamerbot/client.js (176)
[0707/193243.246:INFO:CONSOLE(83)] "Failed to reconnect (attempt 2)", source: https://cdn.skypack.dev/-/@streamerbot/client@v1.12.2-9BnWw0CDQ2fH1klZ4JSh/dist=es2019,mode=imports/optimized/@streamerbot/client.js (83)
[0707/193248.278:INFO:CONSOLE(176)] "WebSocket connection to 'ws://127.0.0.1:8080/' failed: Error in connection establishment: net::ERR_CONNECTION_REFUSED", source: https://cdn.skypack.dev/-/@streamerbot/client@v1.12.2-9BnWw0CDQ2fH1klZ4JSh/dist=es2019,mode=imports/optimized/@streamerbot/client.js (176)
[0707/193248.278:INFO:CONSOLE(83)] "Failed to reconnect (attempt 3)", source: https://cdn.skypack.dev/-/@streamerbot/client@v1.12.2-9BnWw0CDQ2fH1klZ4JSh/dist=es2019,mode=imports/optimized/@streamerbot/client.js (83)
[0707/193254.315:INFO:CONSOLE(176)] "WebSocket connection to 'ws://127.0.0.1:8080/' failed: Error in connection establishment: net::ERR_CONNECTION_REFUSED", source: https://cdn.skypack.dev/-/@streamerbot/client@v1.12.2-9BnWw0CDQ2fH1klZ4JSh/dist=es2019,mode=imports/optimized/@streamerbot/client.js (176)
[0707/193254.315:INFO:CONSOLE(83)] "Failed to reconnect (attempt 4)", source: https://cdn.skypack.dev/-/@streamerbot/client@v1.12.2-9BnWw0CDQ2fH1klZ4JSh/dist=es2019,mode=imports/optimized/@streamerbot/client.js (83)
[0707/193301.352:INFO:CONSOLE(176)] "WebSocket connection to 'ws://127.0.0.1:8080/' failed: Error in connection establishment: net::ERR_CONNECTION_REFUSED", source: https://cdn.skypack.dev/-/@streamerbot/client@v1.12.2-9BnWw0CDQ2fH1klZ4JSh/dist=es2019,mode=imports/optimized/@streamerbot/client.js (176)
[0707/193301.352:INFO:CONSOLE(83)] "Failed to reconnect (attempt 5)", source: https://cdn.skypack.dev/-/@streamerbot/client@v1.12.2-9BnWw0CDQ2fH1klZ4JSh/dist=es2019,mode=imports/optimized/@streamerbot/client.js (83)
[0707/193305.540:ERROR:browser_process_sub_thread.cc(221)] Waited 11 ms for network service
[0707/193310.207:INFO:CONSOLE(50)] "[reward-notifications] script loaded", source: http://localhost:52417/reward-notifications.js (50)
[0707/193310.207:INFO:CONSOLE(77)] "[reward-notifications] listener attached", source: http://localhost:52417/reward-notifications.js (77)
[0707/193310.427:INFO:CONSOLE(86)] "[trick] reward listener attached", source: http://localhost:52417/trick.js (86)
[0707/193310.427:INFO:CONSOLE(66)] "[trick] loaded. Modes: 1=glitch, 2=zoom, 3=grayscale, 4=blackhole", source: http://localhost:52417/trick.js (66)
[0707/193312.238:INFO:CONSOLE(176)] "WebSocket connection to 'ws://127.0.0.1:8080/' failed: Error in connection establishment: net::ERR_CONNECTION_REFUSED", source: https://cdn.skypack.dev/-/@streamerbot/client@v1.12.2-9BnWw0CDQ2fH1klZ4JSh/dist=es2019,mode=imports/optimized/@streamerbot/client.js (176)
[0707/193312.239:INFO:CONSOLE(83)] "Failed to connect:", source: https://cdn.skypack.dev/-/@streamerbot/client@v1.12.2-9BnWw0CDQ2fH1klZ4JSh/dist=es2019,mode=imports/optimized/@streamerbot/client.js (83)
[0707/193315.269:INFO:CONSOLE(176)] "WebSocket connection to 'ws://127.0.0.1:8080/' failed: Error in connection establishment: net::ERR_CONNECTION_REFUSED", source: https://cdn.skypack.dev/-/@streamerbot/client@v1.12.2-9BnWw0CDQ2fH1klZ4JSh/dist=es2019,mode=imports/optimized/@streamerbot/client.js (176)
[0707/193315.269:INFO:CONSOLE(83)] "Failed to reconnect (attempt 1)", source: https://cdn.skypack.dev/-/@streamerbot/client@v1.12.2-9BnWw0CDQ2fH1klZ4JSh/dist=es2019,mode=imports/optimized/@streamerbot/client.js (83)
[0707/193319.310:INFO:CONSOLE(176)] "WebSocket connection to 'ws://127.0.0.1:8080/' failed: Error in connection establishment: net::ERR_CONNECTION_REFUSED", source: https://cdn.skypack.dev/-/@streamerbot/client@v1.12.2-9BnWw0CDQ2fH1klZ4JSh/dist=es2019,mode=imports/optimized/@streamerbot/client.js (176)
[0707/193319.310:INFO:CONSOLE(83)] "Failed to reconnect (attempt 2)", source: https://cdn.skypack.dev/-/@streamerbot/client@v1.12.2-9BnWw0CDQ2fH1klZ4JSh/dist=es2019,mode=imports/optimized/@streamerbot/client.js (83)
[0707/193324.357:INFO:CONSOLE(176)] "WebSocket connection to 'ws://127.0.0.1:8080/' failed: Error in connection establishment: net::ERR_CONNECTION_REFUSED", source: https://cdn.skypack.dev/-/@streamerbot/client@v1.12.2-9BnWw0CDQ2fH1klZ4JSh/dist=es2019,mode=imports/optimized/@streamerbot/client.js (176)
[0707/193324.357:INFO:CONSOLE(83)] "Failed to reconnect (attempt 3)", source: https://cdn.skypack.dev/-/@streamerbot/client@v1.12.2-9BnWw0CDQ2fH1klZ4JSh/dist=es2019,mode=imports/optimized/@streamerbot/client.js (83)
[0707/193330.392:INFO:CONSOLE(176)] "WebSocket connection to 'ws://127.0.0.1:8080/' failed: Error in connection establishment: net::ERR_CONNECTION_REFUSED", source: https://cdn.skypack.dev/-/@streamerbot/client@v1.12.2-9BnWw0CDQ2fH1klZ4JSh/dist=es2019,mode=imports/optimized/@streamerbot/client.js (176)
[0707/193330.392:INFO:CONSOLE(83)] "Failed to reconnect (attempt 4)", source: https://cdn.skypack.dev/-/@streamerbot/client@v1.12.2-9BnWw0CDQ2fH1klZ4JSh/dist=es2019,mode=imports/optimized/@streamerbot/client.js (83)
[0707/193337.427:INFO:CONSOLE(176)] "WebSocket connection to 'ws://127.0.0.1:8080/' failed: Error in connection establishment: net::ERR_CONNECTION_REFUSED", source: https://cdn.skypack.dev/-/@streamerbot/client@v1.12.2-9BnWw0CDQ2fH1klZ4JSh/dist=es2019,mode=imports/optimized/@streamerbot/client.js (176)
[0707/193337.427:INFO:CONSOLE(83)] "Failed to reconnect (attempt 5)", source: https://cdn.skypack.dev/-/@streamerbot/client@v1.12.2-9BnWw0CDQ2fH1klZ4JSh/dist=es2019,mode=imports/optimized/@streamerbot/client.js (83)
[0707/193345.476:INFO:CONSOLE(176)] "WebSocket connection to 'ws://127.0.0.1:8080/' failed: Error in connection establishment: net::ERR_CONNECTION_REFUSED", source: https://cdn.skypack.dev/-/@streamerbot/client@v1.12.2-9BnWw0CDQ2fH1klZ4JSh/dist=es2019,mode=imports/optimized/@streamerbot/client.js (176)
[0707/193345.476:INFO:CONSOLE(83)] "Failed to reconnect (attempt 6)", source: https://cdn.skypack.dev/-/@streamerbot/client@v1.12.2-9BnWw0CDQ2fH1klZ4JSh/dist=es2019,mode=imports/optimized/@streamerbot/client.js (83)
[0707/193354.523:INFO:CONSOLE(176)] "WebSocket connection to 'ws://127.0.0.1:8080/' failed: Error in connection establishment: net::ERR_CONNECTION_REFUSED", source: https://cdn.skypack.dev/-/@streamerbot/client@v1.12.2-9BnWw0CDQ2fH1klZ4JSh/dist=es2019,mode=imports/optimized/@streamerbot/client.js (176)
[0707/193354.523:INFO:CONSOLE(83)] "Failed to reconnect (attempt 7)", source: https://cdn.skypack.dev/-/@streamerbot/client@v1.12.2-9BnWw0CDQ2fH1klZ4JSh/dist=es2019,mode=imports/optimized/@streamerbot/client.js (83)
[0707/193404.565:INFO:CONSOLE(176)] "WebSocket connection to 'ws://127.0.0.1:8080/' failed: Error in connection establishment: net::ERR_CONNECTION_REFUSED", source: https://cdn.skypack.dev/-/@streamerbot/client@v1.12.2-9BnWw0CDQ2fH1klZ4JSh/dist=es2019,mode=imports/optimized/@streamerbot/client.js (176)
[0707/193404.565:INFO:CONSOLE(83)] "Failed to reconnect (attempt 8)", source: https://cdn.skypack.dev/-/@streamerbot/client@v1.12.2-9BnWw0CDQ2fH1klZ4JSh/dist=es2019,mode=imports/optimized/@streamerbot/client.js (83)
[0707/193413.352:ERROR:browser_process_sub_thread.cc(221)] Waited 11 ms for network service
[0707/193427.056:INFO:CONSOLE(50)] "[reward-notifications] script loaded", source: http://localhost:58903/reward-notifications.js (50)
[0707/193427.057:INFO:CONSOLE(77)] "[reward-notifications] listener attached", source: http://localhost:58903/reward-notifications.js (77)
[0707/193427.345:INFO:CONSOLE(86)] "[trick] reward listener attached", source: http://localhost:58903/trick.js (86)
[0707/193427.345:INFO:CONSOLE(66)] "[trick] loaded. Modes: 1=glitch, 2=zoom, 3=grayscale, 4=blackhole", source: http://localhost:58903/trick.js (66)
[0707/193439.616:ERROR:browser_process_sub_thread.cc(221)] Waited 16 ms for network service
[0707/193443.143:INFO:CONSOLE(50)] "[reward-notifications] script loaded", source: http://localhost:59317/reward-notifications.js (50)
[0707/193443.144:INFO:CONSOLE(77)] "[reward-notifications] listener attached", source: http://localhost:59317/reward-notifications.js (77)
[0707/193443.260:INFO:CONSOLE(86)] "[trick] reward listener attached", source: http://localhost:59317/trick.js (86)
[0707/193443.260:INFO:CONSOLE(66)] "[trick] loaded. Modes: 1=glitch, 2=zoom, 3=grayscale, 4=blackhole", source: http://localhost:59317/trick.js (66)
[0707/193445.059:INFO:CONSOLE(611)] "[reward-notifications] event rewardName=Тест", source: http://localhost:59317/reward-notifications.js (611)
[0707/193445.059:INFO:CONSOLE(611)] "[reward-notifications] reward matched: Тест group: Test", source: http://localhost:59317/reward-notifications.js (611)
[0707/193445.061:INFO:CONSOLE(78)] "[trick] reward received:", source: http://localhost:59317/trick.js (78)
[0707/193445.412:INFO:CONSOLE(611)] "[reward-notifications] video loaded: fatality.webm readyState=4", source: http://localhost:59317/reward-notifications.js (611)
[0707/193445.412:INFO:CONSOLE(611)] "[reward-notifications] video can play: fatality.webm", source: http://localhost:59317/reward-notifications.js (611)
[0707/193451.768:ERROR:browser_process_sub_thread.cc(221)] Waited 11 ms for network service
[0707/193505.273:INFO:CONSOLE(50)] "[reward-notifications] script loaded", source: http://localhost:64196/reward-notifications.js (50)
[0707/193505.273:INFO:CONSOLE(77)] "[reward-notifications] listener attached", source: http://localhost:64196/reward-notifications.js (77)
[0707/193505.492:INFO:CONSOLE(86)] "[trick] reward listener attached", source: http://localhost:64196/trick.js (86)
[0707/193505.492:INFO:CONSOLE(66)] "[trick] loaded. Modes: 1=glitch, 2=zoom, 3=grayscale, 4=blackhole", source: http://localhost:64196/trick.js (66)
[0707/193510.221:INFO:CONSOLE(611)] "[reward-notifications] event rewardName=Тест", source: http://localhost:64196/reward-notifications.js (611)
[0707/193510.222:INFO:CONSOLE(611)] "[reward-notifications] reward matched: Тест group: Test", source: http://localhost:64196/reward-notifications.js (611)
[0707/193510.225:INFO:CONSOLE(78)] "[trick] reward received:", source: http://localhost:64196/trick.js (78)
[0707/193510.643:WARNING:angle_platform_impl.cc(52)] compileToBinary(259): 
C:\fakepath(70,9-59): warning X3571: pow(f, e) will not work for negative f, use abs(f) or conditionally handle negative values if you expect them
C:\fakepath(82,10-44): warning X3571: pow(f, e) will not work for negative f, use abs(f) or conditionally handle negative values if you expect them

[0707/193510.648:INFO:CONSOLE(611)] "[reward-notifications] video loaded: directed.webm readyState=4", source: http://localhost:64196/reward-notifications.js (611)
[0707/193510.648:INFO:CONSOLE(611)] "[reward-notifications] video can play: directed.webm", source: http://localhost:64196/reward-notifications.js (611)
[0707/193529.728:ERROR:browser_process_sub_thread.cc(221)] Waited 11 ms for network service
[0707/193534.473:INFO:CONSOLE(50)] "[reward-notifications] script loaded", source: http://localhost:65005/reward-notifications.js (50)
[0707/193534.473:INFO:CONSOLE(77)] "[reward-notifications] listener attached", source: http://localhost:65005/reward-notifications.js (77)
[0707/193534.749:INFO:CONSOLE(86)] "[trick] reward listener attached", source: http://localhost:65005/trick.js (86)
[0707/193534.749:INFO:CONSOLE(66)] "[trick] loaded. Modes: 1=glitch, 2=zoom, 3=grayscale, 4=blackhole", source: http://localhost:65005/trick.js (66)
[0707/193536.537:INFO:CONSOLE(611)] "[reward-notifications] event rewardName=Тест", source: http://localhost:65005/reward-notifications.js (611)
[0707/193536.537:INFO:CONSOLE(611)] "[reward-notifications] reward matched: Тест group: Test", source: http://localhost:65005/reward-notifications.js (611)
[0707/193536.539:INFO:CONSOLE(78)] "[trick] reward received:", source: http://localhost:65005/trick.js (78)
[0707/193536.894:INFO:CONSOLE(611)] "[reward-notifications] video loaded: potracheno.webm readyState=4", source: http://localhost:65005/reward-notifications.js (611)
[0707/193536.894:INFO:CONSOLE(611)] "[reward-notifications] video can play: potracheno.webm", source: http://localhost:65005/reward-notifications.js (611)
[0707/193752.307:ERROR:browser_process_sub_thread.cc(221)] Waited 11 ms for network service
[0707/193805.972:INFO:CONSOLE(50)] "[reward-notifications] script loaded", source: http://localhost:52787/reward-notifications.js (50)
[0707/193805.972:INFO:CONSOLE(77)] "[reward-notifications] listener attached", source: http://localhost:52787/reward-notifications.js (77)
[0707/193806.155:INFO:CONSOLE(86)] "[trick] reward listener attached", source: http://localhost:52787/trick.js (86)
[0707/193806.156:INFO:CONSOLE(66)] "[trick] loaded. Modes: 1=glitch, 2=zoom, 3=grayscale, 4=blackhole", source: http://localhost:52787/trick.js (66)
[0707/193807.683:INFO:CONSOLE(611)] "[reward-notifications] event rewardName=Тест", source: http://localhost:52787/reward-notifications.js (611)
[0707/193807.683:INFO:CONSOLE(611)] "[reward-notifications] reward matched: Тест group: Test", source: http://localhost:52787/reward-notifications.js (611)
[0707/193807.686:INFO:CONSOLE(78)] "[trick] reward received:", source: http://localhost:52787/trick.js (78)
[0707/193808.041:INFO:CONSOLE(611)] "[reward-notifications] video loaded: ds_you_died.webm readyState=4", source: http://localhost:52787/reward-notifications.js (611)
[0707/193808.041:INFO:CONSOLE(611)] "[reward-notifications] video can play: ds_you_died.webm", source: http://localhost:52787/reward-notifications.js (611)
[0707/193843.115:INFO:CONSOLE(611)] "[reward-notifications] event rewardName=Тест", source: http://localhost:52787/reward-notifications.js (611)
[0707/193843.115:INFO:CONSOLE(611)] "[reward-notifications] reward matched: Тест group: Test", source: http://localhost:52787/reward-notifications.js (611)
[0707/193843.116:INFO:CONSOLE(78)] "[trick] reward received:", source: http://localhost:52787/trick.js (78)
[0707/193843.445:INFO:CONSOLE(611)] "[reward-notifications] video loaded: ds_you_died.webm readyState=4", source: http://localhost:52787/reward-notifications.js (611)
[0707/193843.445:INFO:CONSOLE(611)] "[reward-notifications] video can play: ds_you_died.webm", source: http://localhost:52787/reward-notifications.js (611)
[0707/200635.983:ERROR:browser_process_sub_thread.cc(221)] Waited 10 ms for network service
[0707/200643.935:INFO:CONSOLE(50)] "[reward-notifications] script loaded", source: http://localhost:63691/reward-notifications.js (50)
[0707/200643.935:INFO:CONSOLE(77)] "[reward-notifications] listener attached", source: http://localhost:63691/reward-notifications.js (77)
[0707/200644.149:INFO:CONSOLE(86)] "[trick] reward listener attached", source: http://localhost:63691/trick.js (86)
[0707/200644.149:INFO:CONSOLE(66)] "[trick] loaded. Modes: 1=glitch, 2=zoom, 3=grayscale, 4=blackhole", source: http://localhost:63691/trick.js (66)
[0707/200652.835:INFO:CONSOLE(611)] "[reward-notifications] event rewardName=Тест", source: http://localhost:63691/reward-notifications.js (611)
[0707/200652.835:INFO:CONSOLE(611)] "[reward-notifications] reward matched: Тест group: Test", source: http://localhost:63691/reward-notifications.js (611)
[0707/200652.837:INFO:CONSOLE(78)] "[trick] reward received:", source: http://localhost:63691/trick.js (78)
[0707/200653.198:INFO:CONSOLE(611)] "[reward-notifications] video loaded: mario.webm readyState=4", source: http://localhost:63691/reward-notifications.js (611)
[0707/200653.198:INFO:CONSOLE(611)] "[reward-notifications] video can play: mario.webm", source: http://localhost:63691/reward-notifications.js (611)
[0707/200820.472:ERROR:browser_process_sub_thread.cc(221)] Waited 10 ms for network service
[0707/200828.908:INFO:CONSOLE(50)] "[reward-notifications] script loaded", source: http://localhost:56652/reward-notifications.js (50)
[0707/200828.908:INFO:CONSOLE(77)] "[reward-notifications] listener attached", source: http://localhost:56652/reward-notifications.js (77)
[0707/200829.108:INFO:CONSOLE(86)] "[trick] reward listener attached", source: http://localhost:56652/trick.js (86)
[0707/200829.108:INFO:CONSOLE(66)] "[trick] loaded. Modes: 1=glitch, 2=zoom, 3=grayscale, 4=blackhole", source: http://localhost:56652/trick.js (66)
[0707/200832.479:INFO:CONSOLE(611)] "[reward-notifications] event rewardName=Тест", source: http://localhost:56652/reward-notifications.js (611)
[0707/200832.479:INFO:CONSOLE(611)] "[reward-notifications] reward matched: Тест group: Test", source: http://localhost:56652/reward-notifications.js (611)
[0707/200832.481:INFO:CONSOLE(78)] "[trick] reward received:", source: http://localhost:56652/trick.js (78)
[0707/200832.833:INFO:CONSOLE(611)] "[reward-notifications] video loaded: mario.webm readyState=4", source: http://localhost:56652/reward-notifications.js (611)
[0707/200832.833:INFO:CONSOLE(611)] "[reward-notifications] video can play: mario.webm", source: http://localhost:56652/reward-notifications.js (611)
[0707/212933.637:ERROR:browser_process_sub_thread.cc(221)] Waited 13 ms for network service
[0707/213436.922:INFO:CONSOLE(50)] "[reward-notifications] script loaded", source: http://localhost:52925/reward-notifications.js (50)
[0707/213436.922:INFO:CONSOLE(77)] "[reward-notifications] listener attached", source: http://localhost:52925/reward-notifications.js (77)
[0707/213448.415:INFO:CONSOLE(629)] "[reward-notifications] event rewardName=Посмеяться над смертью", source: http://localhost:52925/reward-notifications.js (629)
[0707/213448.415:INFO:CONSOLE(629)] "[reward-notifications] reward matched: Посмеяться над смертью group: GiggleDeath", source: http://localhost:52925/reward-notifications.js (629)
[0707/213448.770:INFO:CONSOLE(629)] "[reward-notifications] video loaded: ds_you_died.webm readyState=4", source: http://localhost:52925/reward-notifications.js (629)
[0707/213448.770:INFO:CONSOLE(629)] "[reward-notifications] video can play: ds_you_died.webm", source: http://localhost:52925/reward-notifications.js (629)
[0707/213500.021:INFO:CONSOLE(629)] "[reward-notifications] event rewardName=Посмеяться над смертью", source: http://localhost:52925/reward-notifications.js (629)
[0707/213500.021:INFO:CONSOLE(629)] "[reward-notifications] reward matched: Посмеяться над смертью group: GiggleDeath", source: http://localhost:52925/reward-notifications.js (629)
[0707/213500.363:INFO:CONSOLE(629)] "[reward-notifications] video loaded: fatality.webm readyState=4", source: http://localhost:52925/reward-notifications.js (629)
[0707/213500.364:INFO:CONSOLE(629)] "[reward-notifications] video can play: fatality.webm", source: http://localhost:52925/reward-notifications.js (629)
[0707/213512.800:INFO:CONSOLE(629)] "[reward-notifications] event rewardName=Посмеяться над смертью", source: http://localhost:52925/reward-notifications.js (629)
[0707/213512.800:INFO:CONSOLE(629)] "[reward-notifications] reward matched: Посмеяться над смертью group: GiggleDeath", source: http://localhost:52925/reward-notifications.js (629)
[0707/213513.135:INFO:CONSOLE(629)] "[reward-notifications] video loaded: fatality.webm readyState=4", source: http://localhost:52925/reward-notifications.js (629)
[0707/213513.135:INFO:CONSOLE(629)] "[reward-notifications] video can play: fatality.webm", source: http://localhost:52925/reward-notifications.js (629)
[0707/213520.081:INFO:CONSOLE(629)] "[reward-notifications] event rewardName=Посмеяться над смертью", source: http://localhost:52925/reward-notifications.js (629)
[0707/213520.081:INFO:CONSOLE(629)] "[reward-notifications] reward matched: Посмеяться над смертью group: GiggleDeath", source: http://localhost:52925/reward-notifications.js (629)
[0707/213520.108:INFO:CONSOLE(629)] "[reward-notifications] video loaded: gta_potracheno.webm readyState=4", source: http://localhost:52925/reward-notifications.js (629)
[0707/213520.108:INFO:CONSOLE(629)] "[reward-notifications] video can play: gta_potracheno.webm", source: http://localhost:52925/reward-notifications.js (629)
[0707/213532.504:INFO:CONSOLE(629)] "[reward-notifications] event rewardName=Посмеяться над смертью", source: http://localhost:52925/reward-notifications.js (629)
[0707/213532.504:INFO:CONSOLE(629)] "[reward-notifications] reward matched: Посмеяться над смертью group: GiggleDeath", source: http://localhost:52925/reward-notifications.js (629)
[0707/213532.829:INFO:CONSOLE(629)] "[reward-notifications] video loaded: fatality.webm readyState=4", source: http://localhost:52925/reward-notifications.js (629)
[0707/213532.829:INFO:CONSOLE(629)] "[reward-notifications] video can play: fatality.webm", source: http://localhost:52925/reward-notifications.js (629)
[0707/213541.722:INFO:CONSOLE(629)] "[reward-notifications] event rewardName=Посмеяться над смертью", source: http://localhost:52925/reward-notifications.js (629)
[0707/213541.723:INFO:CONSOLE(629)] "[reward-notifications] reward matched: Посмеяться над смертью group: GiggleDeath", source: http://localhost:52925/reward-notifications.js (629)
[0707/213541.749:INFO:CONSOLE(629)] "[reward-notifications] video loaded: fatality.webm readyState=4", source: http://localhost:52925/reward-notifications.js (629)
[0707/213541.749:INFO:CONSOLE(629)] "[reward-notifications] video can play: fatality.webm", source: http://localhost:52925/reward-notifications.js (629)
[0707/213549.652:INFO:CONSOLE(629)] "[reward-notifications] event rewardName=Посмеяться над смертью", source: http://localhost:52925/reward-notifications.js (629)
[0707/213549.652:INFO:CONSOLE(629)] "[reward-notifications] reward matched: Посмеяться над смертью group: GiggleDeath", source: http://localhost:52925/reward-notifications.js (629)
[0707/213550.044:WARNING:angle_platform_impl.cc(52)] compileToBinary(259): 
C:\fakepath(70,9-59): warning X3571: pow(f, e) will not work for negative f, use abs(f) or conditionally handle negative values if you expect them
C:\fakepath(82,10-44): warning X3571: pow(f, e) will not work for negative f, use abs(f) or conditionally handle negative values if you expect them

[0707/213550.048:INFO:CONSOLE(629)] "[reward-notifications] video loaded: directed.webm readyState=4", source: http://localhost:52925/reward-notifications.js (629)
[0707/213550.048:INFO:CONSOLE(629)] "[reward-notifications] video can play: directed.webm", source: http://localhost:52925/reward-notifications.js (629)
[0707/213940.226:INFO:CONSOLE(629)] "[reward-notifications] event rewardName=Посмеяться над смертью", source: http://localhost:52925/reward-notifications.js (629)
[0707/213940.226:INFO:CONSOLE(629)] "[reward-notifications] reward matched: Посмеяться над смертью group: GiggleDeath", source: http://localhost:52925/reward-notifications.js (629)
[0707/213940.563:INFO:CONSOLE(629)] "[reward-notifications] video loaded: fatality.webm readyState=4", source: http://localhost:52925/reward-notifications.js (629)
[0707/213940.563:INFO:CONSOLE(629)] "[reward-notifications] video can play: fatality.webm", source: http://localhost:52925/reward-notifications.js (629)
[0707/213950.059:INFO:CONSOLE(629)] "[reward-notifications] event rewardName=Посмеяться над смертью", source: http://localhost:52925/reward-notifications.js (629)
[0707/213950.059:INFO:CONSOLE(629)] "[reward-notifications] reward matched: Посмеяться над смертью group: GiggleDeath", source: http://localhost:52925/reward-notifications.js (629)
[0707/213950.080:INFO:CONSOLE(629)] "[reward-notifications] video loaded: mario_game_over.webm readyState=4", source: http://localhost:52925/reward-notifications.js (629)
[0707/213950.080:INFO:CONSOLE(629)] "[reward-notifications] video can play: mario_game_over.webm", source: http://localhost:52925/reward-notifications.js (629)
[0707/214001.771:INFO:CONSOLE(629)] "[reward-notifications] event rewardName=Посмеяться над смертью", source: http://localhost:52925/reward-notifications.js (629)
[0707/214001.771:INFO:CONSOLE(629)] "[reward-notifications] reward matched: Посмеяться над смертью group: GiggleDeath", source: http://localhost:52925/reward-notifications.js (629)
[0707/214002.102:INFO:CONSOLE(629)] "[reward-notifications] video loaded: mario_game_over.webm readyState=4", source: http://localhost:52925/reward-notifications.js (629)
[0707/214002.102:INFO:CONSOLE(629)] "[reward-notifications] video can play: mario_game_over.webm", source: http://localhost:52925/reward-notifications.js (629)
[0707/214009.102:INFO:CONSOLE(629)] "[reward-notifications] event rewardName=Посмеяться над смертью", source: http://localhost:52925/reward-notifications.js (629)
[0707/214009.102:INFO:CONSOLE(629)] "[reward-notifications] reward matched: Посмеяться над смертью group: GiggleDeath", source: http://localhost:52925/reward-notifications.js (629)
[0707/214009.128:INFO:CONSOLE(629)] "[reward-notifications] video loaded: directed.webm readyState=4", source: http://localhost:52925/reward-notifications.js (629)
[0707/214009.128:INFO:CONSOLE(629)] "[reward-notifications] video can play: directed.webm", source: http://localhost:52925/reward-notifications.js (629)
[0707/215742.074:INFO:CONSOLE(57)] "[reward-notifications] script loaded", source: http://localhost:53067/reward-notifications.js (57)
[0707/215742.074:INFO:CONSOLE(84)] "[reward-notifications] listener attached", source: http://localhost:53067/reward-notifications.js (84)
[0707/215748.500:INFO:CONSOLE(636)] "[reward-notifications] event rewardName=Отвлечь стримера", source: http://localhost:53067/reward-notifications.js (636)
[0707/215748.500:INFO:CONSOLE(636)] "[reward-notifications] reward matched: Отвлечь стримера group: Distract", source: http://localhost:53067/reward-notifications.js (636)
[0707/215748.579:INFO:CONSOLE(636)] "[reward-notifications] video loaded: mk2_toasty.webm readyState=4", source: http://localhost:53067/reward-notifications.js (636)
[0707/215748.579:INFO:CONSOLE(636)] "[reward-notifications] video can play: mk2_toasty.webm", source: http://localhost:53067/reward-notifications.js (636)
[0707/215803.227:INFO:CONSOLE(636)] "[reward-notifications] event rewardName=Отвлечь стримера", source: http://localhost:53067/reward-notifications.js (636)
[0707/215803.227:INFO:CONSOLE(636)] "[reward-notifications] reward matched: Отвлечь стримера group: Distract", source: http://localhost:53067/reward-notifications.js (636)
[0707/215803.558:INFO:CONSOLE(636)] "[reward-notifications] video loaded: mk2_toasty.webm readyState=4", source: http://localhost:53067/reward-notifications.js (636)
[0707/215803.559:INFO:CONSOLE(636)] "[reward-notifications] video can play: mk2_toasty.webm", source: http://localhost:53067/reward-notifications.js (636)
[0707/215909.760:INFO:CONSOLE(636)] "[reward-notifications] event rewardName=Посмеяться над смертью", source: http://localhost:53067/reward-notifications.js (636)
[0707/215909.760:INFO:CONSOLE(636)] "[reward-notifications] reward matched: Посмеяться над смертью group: GiggleDeath", source: http://localhost:53067/reward-notifications.js (636)
[0707/215910.097:INFO:CONSOLE(636)] "[reward-notifications] video loaded: ds_you_died.webm readyState=4", source: http://localhost:53067/reward-notifications.js (636)
[0707/215910.097:INFO:CONSOLE(636)] "[reward-notifications] video can play: ds_you_died.webm", source: http://localhost:53067/reward-notifications.js (636)
[0707/215929.089:INFO:CONSOLE(636)] "[reward-notifications] event rewardName=Посмеяться над смертью", source: http://localhost:53067/reward-notifications.js (636)
[0707/215929.089:INFO:CONSOLE(636)] "[reward-notifications] reward matched: Посмеяться над смертью group: GiggleDeath", source: http://localhost:53067/reward-notifications.js (636)
[0707/215929.416:INFO:CONSOLE(636)] "[reward-notifications] video loaded: gta_wasted.webm readyState=4", source: http://localhost:53067/reward-notifications.js (636)
[0707/215929.416:INFO:CONSOLE(636)] "[reward-notifications] video can play: gta_wasted.webm", source: http://localhost:53067/reward-notifications.js (636)
[0707/232545.039:ERROR:browser_process_sub_thread.cc(221)] Waited 10 ms for network service
[0707/232612.027:INFO:CONSOLE(57)] "[reward-notifications] script loaded", source: http://localhost:64211/reward-notifications.js (57)
[0707/232612.027:INFO:CONSOLE(84)] "[reward-notifications] listener attached", source: http://localhost:64211/reward-notifications.js (84)
[0707/232712.038:INFO:CONSOLE(636)] "[reward-notifications] event rewardName=Посмеяться над смертью", source: http://localhost:64211/reward-notifications.js (636)
[0707/232712.038:INFO:CONSOLE(636)] "[reward-notifications] reward matched: Посмеяться над смертью group: GiggleDeath", source: http://localhost:64211/reward-notifications.js (636)
[0707/232712.413:INFO:CONSOLE(636)] "[reward-notifications] video loaded: skyrim_awake.webm readyState=4", source: http://localhost:64211/reward-notifications.js (636)
[0707/232712.413:INFO:CONSOLE(636)] "[reward-notifications] video can play: skyrim_awake.webm", source: http://localhost:64211/reward-notifications.js (636)
[0707/232729.857:INFO:CONSOLE(636)] "[reward-notifications] event rewardName=Посмеяться над смертью", source: http://localhost:64211/reward-notifications.js (636)
[0707/232729.857:INFO:CONSOLE(636)] "[reward-notifications] reward matched: Посмеяться над смертью group: GiggleDeath", source: http://localhost:64211/reward-notifications.js (636)
[0707/232730.199:INFO:CONSOLE(636)] "[reward-notifications] video loaded: skyrim_awake.webm readyState=4", source: http://localhost:64211/reward-notifications.js (636)
[0707/232730.199:INFO:CONSOLE(636)] "[reward-notifications] video can play: skyrim_awake.webm", source: http://localhost:64211/reward-notifications.js (636)
[0707/232807.709:ERROR:browser_process_sub_thread.cc(221)] Waited 11 ms for network service
[0707/232810.012:INFO:CONSOLE(57)] "[reward-notifications] script loaded", source: http://localhost:57536/reward-notifications.js (57)
[0707/232810.012:INFO:CONSOLE(84)] "[reward-notifications] listener attached", source: http://localhost:57536/reward-notifications.js (84)
[0707/232818.497:INFO:CONSOLE(636)] "[reward-notifications] event rewardName=Посмеяться над смертью", source: http://localhost:57536/reward-notifications.js (636)
[0707/232818.498:INFO:CONSOLE(636)] "[reward-notifications] reward matched: Посмеяться над смертью group: GiggleDeath", source: http://localhost:57536/reward-notifications.js (636)
[0707/232818.554:INFO:CONSOLE(636)] "[reward-notifications] video loaded: mario_game_over.webm readyState=4", source: http://localhost:57536/reward-notifications.js (636)
[0707/232818.554:INFO:CONSOLE(636)] "[reward-notifications] video can play: mario_game_over.webm", source: http://localhost:57536/reward-notifications.js (636)
[0707/232830.040:INFO:CONSOLE(636)] "[reward-notifications] event rewardName=Отвлечь стримера", source: http://localhost:57536/reward-notifications.js (636)
[0707/232830.040:INFO:CONSOLE(636)] "[reward-notifications] reward matched: Отвлечь стримера group: Distract", source: http://localhost:57536/reward-notifications.js (636)
[0707/232830.366:INFO:CONSOLE(636)] "[reward-notifications] video loaded: mk2_toasty.webm readyState=4", source: http://localhost:57536/reward-notifications.js (636)
[0707/232830.366:INFO:CONSOLE(636)] "[reward-notifications] video can play: mk2_toasty.webm", source: http://localhost:57536/reward-notifications.js (636)
[0708/000203.493:ERROR:browser_process_sub_thread.cc(221)] Waited 10 ms for network service
[0708/093051.909:INFO:CONSOLE(57)] "[reward-notifications] script loaded", source: http://localhost:58178/reward-notifications.js (57)
[0708/093051.909:INFO:CONSOLE(84)] "[reward-notifications] listener attached", source: http://localhost:58178/reward-notifications.js (84)
[0708/093732.263:INFO:CONSOLE(636)] "[reward-notifications] event rewardName=Посмеяться над смертью", source: http://localhost:58178/reward-notifications.js (636)
[0708/093732.263:INFO:CONSOLE(636)] "[reward-notifications] reward matched: Посмеяться над смертью group: GiggleDeath", source: http://localhost:58178/reward-notifications.js (636)
[0708/093732.662:INFO:CONSOLE(636)] "[reward-notifications] video loaded: gta_potracheno.webm readyState=4", source: http://localhost:58178/reward-notifications.js (636)
[0708/093732.662:INFO:CONSOLE(636)] "[reward-notifications] video can play: gta_potracheno.webm", source: http://localhost:58178/reward-notifications.js (636)
[0708/093819.708:INFO:CONSOLE(636)] "[reward-notifications] event rewardName=Посмеяться над смертью", source: http://localhost:58178/reward-notifications.js (636)
[0708/093819.708:INFO:CONSOLE(636)] "[reward-notifications] reward matched: Посмеяться над смертью group: GiggleDeath", source: http://localhost:58178/reward-notifications.js (636)
[0708/093820.051:INFO:CONSOLE(636)] "[reward-notifications] video loaded: gta_potracheno.webm readyState=4", source: http://localhost:58178/reward-notifications.js (636)
[0708/093820.051:INFO:CONSOLE(636)] "[reward-notifications] video can play: gta_potracheno.webm", source: http://localhost:58178/reward-notifications.js (636)
[0708/094051.572:ERROR:browser_process_sub_thread.cc(221)] Waited 12 ms for network service
[0708/094157.569:INFO:CONSOLE(57)] "[reward-notifications] script loaded", source: http://localhost:57149/reward-notifications.js (57)
[0708/094157.569:INFO:CONSOLE(84)] "[reward-notifications] listener attached", source: http://localhost:57149/reward-notifications.js (84)
[0708/094218.259:INFO:CONSOLE(705)] "[reward-notifications] event rewardName=Посмеяться над смертью", source: http://localhost:57149/reward-notifications.js (705)
[0708/094218.260:INFO:CONSOLE(705)] "[reward-notifications] reward matched: Посмеяться над смертью group: GiggleDeath", source: http://localhost:57149/reward-notifications.js (705)
[0708/094218.260:INFO:CONSOLE(705)] "[reward-notifications] video pick index=6 key=GiggleDeath|Посмеяться над смертью|chirick86|96dbb81e-c453-4156-8388-6e5f37fde7bb|", source: http://localhost:57149/reward-notifications.js (705)
[0708/094218.625:INFO:CONSOLE(705)] "[reward-notifications] video loaded: skyrim_awake.webm readyState=4", source: http://localhost:57149/reward-notifications.js (705)
[0708/094218.626:INFO:CONSOLE(705)] "[reward-notifications] video can play: skyrim_awake.webm", source: http://localhost:57149/reward-notifications.js (705)
[0708/094234.429:INFO:CONSOLE(705)] "[reward-notifications] event rewardName=Посмеяться над смертью", source: http://localhost:57149/reward-notifications.js (705)
[0708/094234.430:INFO:CONSOLE(705)] "[reward-notifications] reward matched: Посмеяться над смертью group: GiggleDeath", source: http://localhost:57149/reward-notifications.js (705)
[0708/094234.430:INFO:CONSOLE(705)] "[reward-notifications] video pick index=6 key=GiggleDeath|Посмеяться над смертью|chirick86|15d52a11-df1d-4cdd-b5ad-78dc4e9dc376|", source: http://localhost:57149/reward-notifications.js (705)
[0708/094234.769:INFO:CONSOLE(705)] "[reward-notifications] video loaded: skyrim_awake.webm readyState=4", source: http://localhost:57149/reward-notifications.js (705)
[0708/094234.769:INFO:CONSOLE(705)] "[reward-notifications] video can play: skyrim_awake.webm", source: http://localhost:57149/reward-notifications.js (705)
[0708/094246.477:INFO:CONSOLE(705)] "[reward-notifications] event rewardName=Посмеяться над смертью", source: http://localhost:57149/reward-notifications.js (705)
[0708/094246.477:INFO:CONSOLE(705)] "[reward-notifications] reward matched: Посмеяться над смертью group: GiggleDeath", source: http://localhost:57149/reward-notifications.js (705)
[0708/094246.477:INFO:CONSOLE(705)] "[reward-notifications] video pick index=6 key=GiggleDeath|Посмеяться над смертью|chirick86|1ef1f38a-1f02-4a44-880a-5f093e7cc5c8|", source: http://localhost:57149/reward-notifications.js (705)
[0708/094246.807:INFO:CONSOLE(705)] "[reward-notifications] video loaded: skyrim_awake.webm readyState=4", source: http://localhost:57149/reward-notifications.js (705)
[0708/094246.808:INFO:CONSOLE(705)] "[reward-notifications] video can play: skyrim_awake.webm", source: http://localhost:57149/reward-notifications.js (705)
[0708/094634.745:INFO:CONSOLE(57)] "[reward-notifications] script loaded", source: http://localhost:53408/reward-notifications.js (57)
[0708/094634.745:INFO:CONSOLE(84)] "[reward-notifications] listener attached", source: http://localhost:53408/reward-notifications.js (84)
[0708/094639.090:INFO:CONSOLE(729)] "[reward-notifications] event rewardName=Посмеяться над смертью", source: http://localhost:53408/reward-notifications.js (729)
[0708/094639.091:INFO:CONSOLE(729)] "[reward-notifications] reward matched: Посмеяться над смертью group: GiggleDeath", source: http://localhost:53408/reward-notifications.js (729)
[0708/094639.091:INFO:CONSOLE(729)] "[reward-notifications] selection anchor source=id", source: http://localhost:53408/reward-notifications.js (729)
[0708/094639.091:INFO:CONSOLE(729)] "[reward-notifications] video pick index=3 key=GiggleDeath|Посмеяться над смертью|ccaba290-71d8-4f55-9323-d173f531a042", source: http://localhost:53408/reward-notifications.js (729)
[0708/094639.173:INFO:CONSOLE(729)] "[reward-notifications] video loaded: fatality.webm readyState=4", source: http://localhost:53408/reward-notifications.js (729)
[0708/094639.173:INFO:CONSOLE(729)] "[reward-notifications] video can play: fatality.webm", source: http://localhost:53408/reward-notifications.js (729)
[0708/094654.706:INFO:CONSOLE(729)] "[reward-notifications] event rewardName=Посмеяться над смертью", source: http://localhost:53408/reward-notifications.js (729)
[0708/094654.706:INFO:CONSOLE(729)] "[reward-notifications] reward matched: Посмеяться над смертью group: GiggleDeath", source: http://localhost:53408/reward-notifications.js (729)
[0708/094654.706:INFO:CONSOLE(729)] "[reward-notifications] selection anchor source=id", source: http://localhost:53408/reward-notifications.js (729)
[0708/094654.706:INFO:CONSOLE(729)] "[reward-notifications] video pick index=6 key=GiggleDeath|Посмеяться над смертью|133b168f-530c-4667-b7fe-e2f9f1431a88", source: http://localhost:53408/reward-notifications.js (729)
[0708/094655.039:INFO:CONSOLE(729)] "[reward-notifications] video loaded: skyrim_awake.webm readyState=4", source: http://localhost:53408/reward-notifications.js (729)
[0708/094655.039:INFO:CONSOLE(729)] "[reward-notifications] video can play: skyrim_awake.webm", source: http://localhost:53408/reward-notifications.js (729)
[0708/094708.741:INFO:CONSOLE(729)] "[reward-notifications] event rewardName=Посмеяться над смертью", source: http://localhost:53408/reward-notifications.js (729)
[0708/094708.741:INFO:CONSOLE(729)] "[reward-notifications] reward matched: Посмеяться над смертью group: GiggleDeath", source: http://localhost:53408/reward-notifications.js (729)
[0708/094708.741:INFO:CONSOLE(729)] "[reward-notifications] selection anchor source=id", source: http://localhost:53408/reward-notifications.js (729)
[0708/094708.741:INFO:CONSOLE(729)] "[reward-notifications] video pick index=0 key=GiggleDeath|Посмеяться над смертью|031b84f5-0422-4893-916c-9fbd0d958193", source: http://localhost:53408/reward-notifications.js (729)
[0708/094709.070:INFO:CONSOLE(729)] "[reward-notifications] video loaded: mario_game_over.webm readyState=4", source: http://localhost:53408/reward-notifications.js (729)
[0708/094709.070:INFO:CONSOLE(729)] "[reward-notifications] video can play: mario_game_over.webm", source: http://localhost:53408/reward-notifications.js (729)
[0708/094718.627:INFO:CONSOLE(729)] "[reward-notifications] event rewardName=Посмеяться над смертью", source: http://localhost:53408/reward-notifications.js (729)
[0708/094718.627:INFO:CONSOLE(729)] "[reward-notifications] reward matched: Посмеяться над смертью group: GiggleDeath", source: http://localhost:53408/reward-notifications.js (729)
[0708/094718.627:INFO:CONSOLE(729)] "[reward-notifications] selection anchor source=id", source: http://localhost:53408/reward-notifications.js (729)
[0708/094718.627:INFO:CONSOLE(729)] "[reward-notifications] video pick index=6 key=GiggleDeath|Посмеяться над смертью|4294554f-b8b6-4c40-8f95-73d265e26dda", source: http://localhost:53408/reward-notifications.js (729)
[0708/094718.667:INFO:CONSOLE(729)] "[reward-notifications] video loaded: skyrim_awake.webm readyState=4", source: http://localhost:53408/reward-notifications.js (729)
[0708/094718.667:INFO:CONSOLE(729)] "[reward-notifications] video can play: skyrim_awake.webm", source: http://localhost:53408/reward-notifications.js (729)
[0708/094729.330:INFO:CONSOLE(729)] "[reward-notifications] event rewardName=Посмеяться над смертью", source: http://localhost:53408/reward-notifications.js (729)
[0708/094729.331:INFO:CONSOLE(729)] "[reward-notifications] reward matched: Посмеяться над смертью group: GiggleDeath", source: http://localhost:53408/reward-notifications.js (729)
[0708/094729.331:INFO:CONSOLE(729)] "[reward-notifications] selection anchor source=id", source: http://localhost:53408/reward-notifications.js (729)
[0708/094729.331:INFO:CONSOLE(729)] "[reward-notifications] video pick index=3 key=GiggleDeath|Посмеяться над смертью|6d471062-bc11-4f1b-908f-2738509118c7", source: http://localhost:53408/reward-notifications.js (729)
[0708/094729.667:INFO:CONSOLE(729)] "[reward-notifications] video loaded: fatality.webm readyState=4", source: http://localhost:53408/reward-notifications.js (729)
[0708/094729.667:INFO:CONSOLE(729)] "[reward-notifications] video can play: fatality.webm", source: http://localhost:53408/reward-notifications.js (729)
[0708/094737.746:INFO:CONSOLE(729)] "[reward-notifications] event rewardName=Посмеяться над смертью", source: http://localhost:53408/reward-notifications.js (729)
[0708/094737.746:INFO:CONSOLE(729)] "[reward-notifications] reward matched: Посмеяться над смертью group: GiggleDeath", source: http://localhost:53408/reward-notifications.js (729)
[0708/094737.747:INFO:CONSOLE(729)] "[reward-notifications] selection anchor source=id", source: http://localhost:53408/reward-notifications.js (729)
[0708/094737.747:INFO:CONSOLE(729)] "[reward-notifications] video pick index=6 key=GiggleDeath|Посмеяться над смертью|cb9429ab-7dbd-4794-9206-0f5629a9b56a", source: http://localhost:53408/reward-notifications.js (729)
[0708/094737.784:INFO:CONSOLE(729)] "[reward-notifications] video loaded: skyrim_awake.webm readyState=4", source: http://localhost:53408/reward-notifications.js (729)
[0708/094737.784:INFO:CONSOLE(729)] "[reward-notifications] video can play: skyrim_awake.webm", source: http://localhost:53408/reward-notifications.js (729)
[0708/094748.714:INFO:CONSOLE(729)] "[reward-notifications] event rewardName=Посмеяться над смертью", source: http://localhost:53408/reward-notifications.js (729)
[0708/094748.714:INFO:CONSOLE(729)] "[reward-notifications] reward matched: Посмеяться над смертью group: GiggleDeath", source: http://localhost:53408/reward-notifications.js (729)
[0708/094748.714:INFO:CONSOLE(729)] "[reward-notifications] selection anchor source=id", source: http://localhost:53408/reward-notifications.js (729)
[0708/094748.714:INFO:CONSOLE(729)] "[reward-notifications] video pick index=3 key=GiggleDeath|Посмеяться над смертью|d1389387-1d64-4b47-bdef-f2f9e9fed3bd", source: http://localhost:53408/reward-notifications.js (729)
[0708/094749.050:INFO:CONSOLE(729)] "[reward-notifications] video loaded: fatality.webm readyState=4", source: http://localhost:53408/reward-notifications.js (729)
[0708/094749.050:INFO:CONSOLE(729)] "[reward-notifications] video can play: fatality.webm", source: http://localhost:53408/reward-notifications.js (729)
[0708/094757.414:INFO:CONSOLE(729)] "[reward-notifications] event rewardName=Посмеяться над смертью", source: http://localhost:53408/reward-notifications.js (729)
[0708/094757.414:INFO:CONSOLE(729)] "[reward-notifications] reward matched: Посмеяться над смертью group: GiggleDeath", source: http://localhost:53408/reward-notifications.js (729)
[0708/094757.414:INFO:CONSOLE(729)] "[reward-notifications] selection anchor source=id", source: http://localhost:53408/reward-notifications.js (729)
[0708/094757.414:INFO:CONSOLE(729)] "[reward-notifications] video pick index=4 key=GiggleDeath|Посмеяться над смертью|37fe726a-f230-47c6-b9c1-85b5a6865cc6", source: http://localhost:53408/reward-notifications.js (729)
[0708/094757.451:INFO:CONSOLE(729)] "[reward-notifications] video loaded: gta_potracheno.webm readyState=4", source: http://localhost:53408/reward-notifications.js (729)
[0708/094757.451:INFO:CONSOLE(729)] "[reward-notifications] video can play: gta_potracheno.webm", source: http://localhost:53408/reward-notifications.js (729)
[0708/094809.381:INFO:CONSOLE(729)] "[reward-notifications] event rewardName=Посмеяться над смертью", source: http://localhost:53408/reward-notifications.js (729)
[0708/094809.381:INFO:CONSOLE(729)] "[reward-notifications] reward matched: Посмеяться над смертью group: GiggleDeath", source: http://localhost:53408/reward-notifications.js (729)
[0708/094809.381:INFO:CONSOLE(729)] "[reward-notifications] selection anchor source=id", source: http://localhost:53408/reward-notifications.js (729)
[0708/094809.381:INFO:CONSOLE(729)] "[reward-notifications] video pick index=5 key=GiggleDeath|Посмеяться над смертью|98448892-a50f-4265-afec-cab53ef7679d", source: http://localhost:53408/reward-notifications.js (729)
[0708/094809.704:INFO:CONSOLE(729)] "[reward-notifications] video loaded: gta_wasted.webm readyState=4", source: http://localhost:53408/reward-notifications.js (729)
[0708/094809.704:INFO:CONSOLE(729)] "[reward-notifications] video can play: gta_wasted.webm", source: http://localhost:53408/reward-notifications.js (729)
[0708/094820.296:INFO:CONSOLE(729)] "[reward-notifications] event rewardName=Посмеяться над смертью", source: http://localhost:53408/reward-notifications.js (729)
[0708/094820.296:INFO:CONSOLE(729)] "[reward-notifications] reward matched: Посмеяться над смертью group: GiggleDeath", source: http://localhost:53408/reward-notifications.js (729)
[0708/094820.296:INFO:CONSOLE(729)] "[reward-notifications] selection anchor source=id", source: http://localhost:53408/reward-notifications.js (729)
[0708/094820.296:INFO:CONSOLE(729)] "[reward-notifications] video pick index=1 key=GiggleDeath|Посмеяться над смертью|43a6281b-c023-44c7-a258-7466305c41be", source: http://localhost:53408/reward-notifications.js (729)
[0708/094820.674:WARNING:angle_platform_impl.cc(52)] compileToBinary(259): 
C:\fakepath(70,9-59): warning X3571: pow(f, e) will not work for negative f, use abs(f) or conditionally handle negative values if you expect them
C:\fakepath(82,10-44): warning X3571: pow(f, e) will not work for negative f, use abs(f) or conditionally handle negative values if you expect them

[0708/094820.677:INFO:CONSOLE(729)] "[reward-notifications] video loaded: directed.webm readyState=4", source: http://localhost:53408/reward-notifications.js (729)
[0708/094820.677:INFO:CONSOLE(729)] "[reward-notifications] video can play: directed.webm", source: http://localhost:53408/reward-notifications.js (729)
[0708/095240.567:INFO:CONSOLE(729)] "[reward-notifications] event rewardName=Отвлечь стримера", source: http://localhost:53408/reward-notifications.js (729)
[0708/095240.567:INFO:CONSOLE(729)] "[reward-notifications] reward matched: Отвлечь стримера group: Distract", source: http://localhost:53408/reward-notifications.js (729)
[0708/095240.567:INFO:CONSOLE(729)] "[reward-notifications] selection anchor source=id", source: http://localhost:53408/reward-notifications.js (729)
[0708/095240.567:INFO:CONSOLE(729)] "[reward-notifications] video pick index=0 key=Distract|Отвлечь стримера|b91cd131-40cc-4125-b942-f5b29b9cdc15", source: http://localhost:53408/reward-notifications.js (729)
[0708/095240.887:INFO:CONSOLE(729)] "[reward-notifications] video loaded: mk2_toasty.webm readyState=4", source: http://localhost:53408/reward-notifications.js (729)
[0708/095240.887:INFO:CONSOLE(729)] "[reward-notifications] video can play: mk2_toasty.webm", source: http://localhost:53408/reward-notifications.js (729)
[0708/095249.729:INFO:CONSOLE(729)] "[reward-notifications] event rewardName=Отвлечь стримера", source: http://localhost:53408/reward-notifications.js (729)
[0708/095249.729:INFO:CONSOLE(729)] "[reward-notifications] reward matched: Отвлечь стримера group: Distract", source: http://localhost:53408/reward-notifications.js (729)
[0708/095249.729:INFO:CONSOLE(729)] "[reward-notifications] selection anchor source=id", source: http://localhost:53408/reward-notifications.js (729)
[0708/095249.729:INFO:CONSOLE(729)] "[reward-notifications] video pick index=0 key=Distract|Отвлечь стримера|76806b6e-a9bb-49c0-a1f2-9de20a711044", source: http://localhost:53408/reward-notifications.js (729)
[0708/095249.756:INFO:CONSOLE(729)] "[reward-notifications] video loaded: mk2_toasty.webm readyState=4", source: http://localhost:53408/reward-notifications.js (729)
[0708/095249.757:INFO:CONSOLE(729)] "[reward-notifications] video can play: mk2_toasty.webm", source: http://localhost:53408/reward-notifications.js (729)
[0708/102751.282:INFO:CONSOLE(14)] "emotes: 0", source: http://localhost:53408/emote-rain.js (14)
[0708/102821.897:INFO:CONSOLE(14)] "emotes: 0", source: http://localhost:53408/emote-rain.js (14)
[0708/103215.418:INFO:CONSOLE(14)] "emotes: 0", source: http://localhost:53408/emote-rain.js (14)
[0708/103224.288:INFO:CONSOLE(729)] "[reward-notifications] event rewardName=Посмеяться над смертью", source: http://localhost:53408/reward-notifications.js (729)
[0708/103224.288:INFO:CONSOLE(729)] "[reward-notifications] reward matched: Посмеяться над смертью group: GiggleDeath", source: http://localhost:53408/reward-notifications.js (729)
[0708/103224.288:INFO:CONSOLE(729)] "[reward-notifications] selection anchor source=id", source: http://localhost:53408/reward-notifications.js (729)
[0708/103224.288:INFO:CONSOLE(729)] "[reward-notifications] video pick index=6 key=GiggleDeath|Посмеяться над смертью|c52c0c21-32f7-43ad-831a-713c51947a36", source: http://localhost:53408/reward-notifications.js (729)
[0708/103224.652:INFO:CONSOLE(729)] "[reward-notifications] video loaded: skyrim_awake.webm readyState=4", source: http://localhost:53408/reward-notifications.js (729)
[0708/103224.652:INFO:CONSOLE(729)] "[reward-notifications] video can play: skyrim_awake.webm", source: http://localhost:53408/reward-notifications.js (729)
[0708/103255.623:INFO:CONSOLE(14)] "emotes: 0", source: http://localhost:53408/emote-rain.js (14)
[0708/103346.342:INFO:CONSOLE(14)] "emotes: 0", source: http://localhost:53408/emote-rain.js (14)
[0708/103349.034:INFO:CONSOLE(14)] "emotes: 0", source: http://localhost:53408/emote-rain.js (14)
[0708/103416.476:INFO:CONSOLE(14)] "emotes: 0", source: http://localhost:53408/emote-rain.js (14)
[0708/103434.631:INFO:CONSOLE(14)] "emotes: 0", source: http://localhost:53408/emote-rain.js (14)
[0708/103532.877:INFO:CONSOLE(14)] "emotes: 0", source: http://localhost:53408/emote-rain.js (14)
[0708/103535.732:INFO:CONSOLE(14)] "emotes: 0", source: http://localhost:53408/emote-rain.js (14)
[0708/111154.036:INFO:CONSOLE(14)] "emotes: 0", source: http://localhost:53408/emote-rain.js (14)
[0708/111239.717:INFO:CONSOLE(14)] "emotes: 0", source: http://localhost:53408/emote-rain.js (14)
[0708/121946.031:INFO:CONSOLE(14)] "emotes: 0", source: http://localhost:53408/emote-rain.js (14)
[0708/121952.970:INFO:CONSOLE(14)] "emotes: 0", source: http://localhost:53408/emote-rain.js (14)
[0708/122122.086:INFO:CONSOLE(14)] "emotes: 0", source: http://localhost:53408/emote-rain.js (14)
[0708/122200.507:INFO:CONSOLE(14)] "emotes: 0", source: http://localhost:53408/emote-rain.js (14)
[0708/122216.070:INFO:CONSOLE(14)] "emotes: 0", source: http://localhost:53408/emote-rain.js (14)
[0708/122924.661:INFO:CONSOLE(14)] "emotes: 8", source: http://localhost:53408/emote-rain.js (14)
[0708/122924.661:INFO:CONSOLE(19)] "https://static-cdn.jtvnw.net/emoticons/v2/emotesv2_09a0aeda7a6b4722b97429ddb591e028/default/dark/2.0", source: http://localhost:53408/emote-rain.js (19)
[0708/122924.661:INFO:CONSOLE(19)] "https://static-cdn.jtvnw.net/emoticons/v2/emotesv2_09a0aeda7a6b4722b97429ddb591e028/default/dark/2.0", source: http://localhost:53408/emote-rain.js (19)
[0708/122924.661:INFO:CONSOLE(19)] "https://static-cdn.jtvnw.net/emoticons/v2/emotesv2_09a0aeda7a6b4722b97429ddb591e028/default/dark/2.0", source: http://localhost:53408/emote-rain.js (19)
[0708/122924.661:INFO:CONSOLE(19)] "https://static-cdn.jtvnw.net/emoticons/v2/emotesv2_09a0aeda7a6b4722b97429ddb591e028/default/dark/2.0", source: http://localhost:53408/emote-rain.js (19)
[0708/122924.661:INFO:CONSOLE(19)] "https://static-cdn.jtvnw.net/emoticons/v2/emotesv2_09a0aeda7a6b4722b97429ddb591e028/default/dark/2.0", source: http://localhost:53408/emote-rain.js (19)
[0708/122924.661:INFO:CONSOLE(19)] "https://static-cdn.jtvnw.net/emoticons/v2/emotesv2_09a0aeda7a6b4722b97429ddb591e028/default/dark/2.0", source: http://localhost:53408/emote-rain.js (19)
[0708/122924.661:INFO:CONSOLE(19)] "https://static-cdn.jtvnw.net/emoticons/v2/emotesv2_09a0aeda7a6b4722b97429ddb591e028/default/dark/2.0", source: http://localhost:53408/emote-rain.js (19)
[0708/122924.661:INFO:CONSOLE(19)] "https://static-cdn.jtvnw.net/emoticons/v2/emotesv2_09a0aeda7a6b4722b97429ddb591e028/default/dark/2.0", source: http://localhost:53408/emote-rain.js (19)
[0708/123034.955:INFO:CONSOLE(729)] "[reward-notifications] event rewardName=Музыку громче", source: http://localhost:53408/reward-notifications.js (729)
[0708/123034.955:INFO:CONSOLE(729)] "[reward-notifications] reward candidates miss for музыку громче: Sport=бицес|планка|приседания|отжимания|пресс; Gears=водичка!|ровнее спинку!|запретить действие в игре или irl; GiggleDeath=посмеяться над смертью; Distract=отвлечь стримера", source: http://localhost:53408/reward-notifications.js (729)
[0708/123034.955:INFO:CONSOLE(729)] "[reward-notifications] reward skipped: Музыку громче", source: http://localhost:53408/reward-notifications.js (729)
[0708/123113.859:INFO:CONSOLE(729)] "[reward-notifications] event rewardName=Ровнее спинку!", source: http://localhost:53408/reward-notifications.js (729)
[0708/123113.859:INFO:CONSOLE(729)] "[reward-notifications] reward matched: Ровнее спинку! group: Gears", source: http://localhost:53408/reward-notifications.js (729)
[0708/123113.860:INFO:CONSOLE(729)] "[reward-notifications] selection anchor source=id", source: http://localhost:53408/reward-notifications.js (729)
[0708/123200.418:INFO:CONSOLE(14)] "emotes: 0", source: http://localhost:53408/emote-rain.js (14)
[0708/123309.656:INFO:CONSOLE(729)] "[reward-notifications] event rewardName=Посмеяться над смертью", source: http://localhost:53408/reward-notifications.js (729)
[0708/123309.656:INFO:CONSOLE(729)] "[reward-notifications] reward matched: Посмеяться над смертью group: GiggleDeath", source: http://localhost:53408/reward-notifications.js (729)
[0708/123309.656:INFO:CONSOLE(729)] "[reward-notifications] selection anchor source=id", source: http://localhost:53408/reward-notifications.js (729)
[0708/123309.656:INFO:CONSOLE(729)] "[reward-notifications] video pick index=0 key=GiggleDeath|Посмеяться над смертью|99b6988c-132d-4f1b-b461-15d118ed57ae", source: http://localhost:53408/reward-notifications.js (729)
[0708/123310.008:INFO:CONSOLE(729)] "[reward-notifications] video loaded: mario_game_over.webm readyState=4", source: http://localhost:53408/reward-notifications.js (729)
[0708/123310.010:INFO:CONSOLE(729)] "[reward-notifications] video can play: mario_game_over.webm", source: http://localhost:53408/reward-notifications.js (729)
[0708/123350.624:INFO:CONSOLE(729)] "[reward-notifications] event rewardName=Отвлечь стримера", source: http://localhost:53408/reward-notifications.js (729)
[0708/123350.624:INFO:CONSOLE(729)] "[reward-notifications] reward matched: Отвлечь стримера group: Distract", source: http://localhost:53408/reward-notifications.js (729)
[0708/123350.624:INFO:CONSOLE(729)] "[reward-notifications] selection anchor source=id", source: http://localhost:53408/reward-notifications.js (729)
[0708/123350.624:INFO:CONSOLE(729)] "[reward-notifications] video pick index=0 key=Distract|Отвлечь стримера|a3a3d002-0320-42f9-b964-c20c6cdcdb31", source: http://localhost:53408/reward-notifications.js (729)
[0708/123350.954:INFO:CONSOLE(729)] "[reward-notifications] video loaded: mk2_toasty.webm readyState=4", source: http://localhost:53408/reward-notifications.js (729)
[0708/123350.954:INFO:CONSOLE(729)] "[reward-notifications] video can play: mk2_toasty.webm", source: http://localhost:53408/reward-notifications.js (729)
[0708/123407.222:INFO:CONSOLE(14)] "emotes: 11", source: http://localhost:53408/emote-rain.js (14)
[0708/123407.222:INFO:CONSOLE(19)] "https://static-cdn.jtvnw.net/emoticons/v2/emotesv2_09a0aeda7a6b4722b97429ddb591e028/default/dark/2.0", source: http://localhost:53408/emote-rain.js (19)
[0708/123407.222:INFO:CONSOLE(19)] "https://static-cdn.jtvnw.net/emoticons/v2/emotesv2_dcd06b30a5c24f6eb871e8f5edbd44f7/default/dark/2.0", source: http://localhost:53408/emote-rain.js (19)
[0708/123407.222:INFO:CONSOLE(19)] "https://static-cdn.jtvnw.net/emoticons/v2/emotesv2_dcd06b30a5c24f6eb871e8f5edbd44f7/default/dark/2.0", source: http://localhost:53408/emote-rain.js (19)
[0708/123407.222:INFO:CONSOLE(19)] "https://static-cdn.jtvnw.net/emoticons/v2/emotesv2_dcd06b30a5c24f6eb871e8f5edbd44f7/default/dark/2.0", source: http://localhost:53408/emote-rain.js (19)
[0708/123407.222:INFO:CONSOLE(19)] "https://static-cdn.jtvnw.net/emoticons/v2/emotesv2_dcd06b30a5c24f6eb871e8f5edbd44f7/default/dark/2.0", source: http://localhost:53408/emote-rain.js (19)
[0708/123407.222:INFO:CONSOLE(19)] "https://static-cdn.jtvnw.net/emoticons/v2/emotesv2_dcd06b30a5c24f6eb871e8f5edbd44f7/default/dark/2.0", source: http://localhost:53408/emote-rain.js (19)
[0708/123407.222:INFO:CONSOLE(19)] "https://static-cdn.jtvnw.net/emoticons/v2/emotesv2_dcd06b30a5c24f6eb871e8f5edbd44f7/default/dark/2.0", source: http://localhost:53408/emote-rain.js (19)
[0708/123407.222:INFO:CONSOLE(19)] "https://static-cdn.jtvnw.net/emoticons/v2/emotesv2_dcd06b30a5c24f6eb871e8f5edbd44f7/default/dark/2.0", source: http://localhost:53408/emote-rain.js (19)
[0708/123407.222:INFO:CONSOLE(19)] "https://static-cdn.jtvnw.net/emoticons/v2/emotesv2_dcd06b30a5c24f6eb871e8f5edbd44f7/default/dark/2.0", source: http://localhost:53408/emote-rain.js (19)
[0708/123407.222:INFO:CONSOLE(19)] "https://static-cdn.jtvnw.net/emoticons/v2/emotesv2_dcd06b30a5c24f6eb871e8f5edbd44f7/default/dark/2.0", source: http://localhost:53408/emote-rain.js (19)
[0708/123407.222:INFO:CONSOLE(19)] "https://static-cdn.jtvnw.net/emoticons/v2/emotesv2_dcd06b30a5c24f6eb871e8f5edbd44f7/default/dark/2.0", source: http://localhost:53408/emote-rain.js (19)
[0708/162958.102:WARNING:gpu_process_host.cc(1205)] The GPU process has crashed 1 time(s)
[0708/173505.153:INFO:CONSOLE(57)] "[reward-notifications] script loaded", source: http://localhost:58564/reward-notifications.js (57)
[0708/173505.153:INFO:CONSOLE(84)] "[reward-notifications] listener attached", source: http://localhost:58564/reward-notifications.js (84)
[0708/174349.233:INFO:CONSOLE(14)] "emotes: 0", source: http://localhost:58564/emote-rain.js (14)
[0708/174352.001:INFO:CONSOLE(14)] "emotes: 0", source: http://localhost:58564/emote-rain.js (14)
[0708/174435.390:INFO:CONSOLE(14)] "emotes: 0", source: http://localhost:58564/emote-rain.js (14)
[0708/174502.729:INFO:CONSOLE(14)] "emotes: 0", source: http://localhost:58564/emote-rain.js (14)
[0708/174510.561:INFO:CONSOLE(14)] "emotes: 0", source: http://localhost:58564/emote-rain.js (14)
[0708/174544.480:INFO:CONSOLE(14)] "emotes: 0", source: http://localhost:58564/emote-rain.js (14)
[0708/174549.014:INFO:CONSOLE(14)] "emotes: 0", source: http://localhost:58564/emote-rain.js (14)
[0708/174551.330:INFO:CONSOLE(14)] "emotes: 0", source: http://localhost:58564/emote-rain.js (14)
[0708/174553.342:INFO:CONSOLE(14)] "emotes: 0", source: http://localhost:58564/emote-rain.js (14)
[0708/174557.862:INFO:CONSOLE(14)] "emotes: 0", source: http://localhost:58564/emote-rain.js (14)
[0708/174603.040:INFO:CONSOLE(14)] "emotes: 0", source: http://localhost:58564/emote-rain.js (14)
[0708/174622.614:INFO:CONSOLE(14)] "emotes: 0", source: http://localhost:58564/emote-rain.js (14)
[0708/174651.564:INFO:CONSOLE(14)] "emotes: 0", source: http://localhost:58564/emote-rain.js (14)
[0708/174850.047:INFO:CONSOLE(729)] "[reward-notifications] event rewardName=Отвлечь стримера", source: http://localhost:58564/reward-notifications.js (729)
[0708/174850.047:INFO:CONSOLE(729)] "[reward-notifications] reward matched: Отвлечь стримера group: Distract", source: http://localhost:58564/reward-notifications.js (729)
[0708/174850.049:INFO:CONSOLE(729)] "[reward-notifications] selection anchor source=id", source: http://localhost:58564/reward-notifications.js (729)
[0708/174850.052:INFO:CONSOLE(729)] "[reward-notifications] video pick index=0 key=Distract|Отвлечь стримера|d7ab535f-6c3a-417b-8a6f-6700080e4f72", source: http://localhost:58564/reward-notifications.js (729)
[0708/174850.484:INFO:CONSOLE(729)] "[reward-notifications] video loaded: mk2_toasty.webm readyState=4", source: http://localhost:58564/reward-notifications.js (729)
[0708/174850.486:INFO:CONSOLE(729)] "[reward-notifications] video can play: mk2_toasty.webm", source: http://localhost:58564/reward-notifications.js (729)
[0708/174916.817:INFO:CONSOLE(729)] "[reward-notifications] event rewardName=Посмеяться над смертью", source: http://localhost:58564/reward-notifications.js (729)
[0708/174916.817:INFO:CONSOLE(729)] "[reward-notifications] reward matched: Посмеяться над смертью group: GiggleDeath", source: http://localhost:58564/reward-notifications.js (729)
[0708/174916.817:INFO:CONSOLE(729)] "[reward-notifications] selection anchor source=id", source: http://localhost:58564/reward-notifications.js (729)
[0708/174916.817:INFO:CONSOLE(729)] "[reward-notifications] video pick index=5 key=GiggleDeath|Посмеяться над смертью|60fa19e2-d4be-4956-9125-8bada270f24f", source: http://localhost:58564/reward-notifications.js (729)
[0708/174917.160:INFO:CONSOLE(729)] "[reward-notifications] video loaded: gta_wasted.webm readyState=4", source: http://localhost:58564/reward-notifications.js (729)
[0708/174917.160:INFO:CONSOLE(729)] "[reward-notifications] video can play: gta_wasted.webm", source: http://localhost:58564/reward-notifications.js (729)
[0708/174926.808:INFO:CONSOLE(14)] "emotes: 0", source: http://localhost:58564/emote-rain.js (14)
[0708/174931.026:INFO:CONSOLE(14)] "emotes: 0", source: http://localhost:58564/emote-rain.js (14)
[0708/175035.658:INFO:CONSOLE(14)] "emotes: 0", source: http://localhost:58564/emote-rain.js (14)
[0708/175204.827:INFO:CONSOLE(14)] "emotes: 0", source: http://localhost:58564/emote-rain.js (14)
[0708/175222.493:INFO:CONSOLE(14)] "emotes: 0", source: http://localhost:58564/emote-rain.js (14)
[0708/175227.477:INFO:CONSOLE(14)] "emotes: 0", source: http://localhost:58564/emote-rain.js (14)
[0708/175235.092:INFO:CONSOLE(14)] "emotes: 0", source: http://localhost:58564/emote-rain.js (14)
[0708/175323.906:INFO:CONSOLE(729)] "[reward-notifications] event rewardName=Отжимания", source: http://localhost:58564/reward-notifications.js (729)
[0708/175323.906:INFO:CONSOLE(729)] "[reward-notifications] reward matched: Отжимания group: Sport", source: http://localhost:58564/reward-notifications.js (729)
[0708/175323.906:INFO:CONSOLE(729)] "[reward-notifications] selection anchor source=id", source: http://localhost:58564/reward-notifications.js (729)
[0708/175329.108:INFO:CONSOLE(14)] "emotes: 0", source: http://localhost:58564/emote-rain.js (14)
[0708/175417.722:INFO:CONSOLE(14)] "emotes: 0", source: http://localhost:58564/emote-rain.js (14)
[0708/175428.780:INFO:CONSOLE(14)] "emotes: 0", source: http://localhost:58564/emote-rain.js (14)
[0708/175436.365:INFO:CONSOLE(729)] "[reward-notifications] event rewardName=Пресс", source: http://localhost:58564/reward-notifications.js (729)
[0708/175436.365:INFO:CONSOLE(729)] "[reward-notifications] reward matched: Пресс group: Sport", source: http://localhost:58564/reward-notifications.js (729)
[0708/175436.365:INFO:CONSOLE(729)] "[reward-notifications] selection anchor source=id", source: http://localhost:58564/reward-notifications.js (729)
[0708/175721.128:INFO:CONSOLE(14)] "emotes: 0", source: http://localhost:58564/emote-rain.js (14)
[0708/175851.769:INFO:CONSOLE(14)] "emotes: 0", source: http://localhost:58564/emote-rain.js (14)
[0708/180634.588:INFO:CONSOLE(14)] "emotes: 0", source: http://localhost:58564/emote-rain.js (14)
[0708/180646.506:INFO:CONSOLE(729)] "[reward-notifications] event rewardName=Отвлечь стримера", source: http://localhost:58564/reward-notifications.js (729)
[0708/180646.506:INFO:CONSOLE(729)] "[reward-notifications] reward matched: Отвлечь стримера group: Distract", source: http://localhost:58564/reward-notifications.js (729)
[0708/180646.506:INFO:CONSOLE(729)] "[reward-notifications] selection anchor source=id", source: http://localhost:58564/reward-notifications.js (729)
[0708/180646.506:INFO:CONSOLE(729)] "[reward-notifications] video pick index=0 key=Distract|Отвлечь стримера|9c2a4470-dc53-49bc-8b2f-d698f634f347", source: http://localhost:58564/reward-notifications.js (729)
[0708/180646.843:INFO:CONSOLE(729)] "[reward-notifications] video loaded: mk2_toasty.webm readyState=4", source: http://localhost:58564/reward-notifications.js (729)
[0708/180646.843:INFO:CONSOLE(729)] "[reward-notifications] video can play: mk2_toasty.webm", source: http://localhost:58564/reward-notifications.js (729)
[0708/180655.939:INFO:CONSOLE(729)] "[reward-notifications] event rewardName=Водичка!", source: http://localhost:58564/reward-notifications.js (729)
[0708/180655.939:INFO:CONSOLE(729)] "[reward-notifications] reward matched: Водичка! group: Gears", source: http://localhost:58564/reward-notifications.js (729)
[0708/180655.939:INFO:CONSOLE(729)] "[reward-notifications] selection anchor source=id", source: http://localhost:58564/reward-notifications.js (729)
[0708/181445.786:INFO:CONSOLE(14)] "emotes: 0", source: http://localhost:58564/emote-rain.js (14)
[0708/181503.921:INFO:CONSOLE(14)] "emotes: 0", source: http://localhost:58564/emote-rain.js (14)
[0708/182525.605:INFO:CONSOLE(14)] "emotes: 0", source: http://localhost:58564/emote-rain.js (14)
[0708/182625.924:INFO:CONSOLE(14)] "emotes: 0", source: http://localhost:58564/emote-rain.js (14)
[0708/182702.353:INFO:CONSOLE(14)] "emotes: 0", source: http://localhost:58564/emote-rain.js (14)
[0708/182708.509:INFO:CONSOLE(14)] "emotes: 0", source: http://localhost:58564/emote-rain.js (14)
[0708/182818.988:INFO:CONSOLE(729)] "[reward-notifications] event rewardName=Заказ песни", source: http://localhost:58564/reward-notifications.js (729)
[0708/182818.989:INFO:CONSOLE(729)] "[reward-notifications] reward candidates miss for заказ песни: Sport=бицес|планка|приседания|отжимания|пресс; Gears=водичка!|ровнее спинку!|запретить действие в игре или irl; GiggleDeath=посмеяться над смертью; Distract=отвлечь стримера", source: http://localhost:58564/reward-notifications.js (729)
[0708/182818.989:INFO:CONSOLE(729)] "[reward-notifications] reward skipped: Заказ песни", source: http://localhost:58564/reward-notifications.js (729)
[0708/183604.774:INFO:CONSOLE(14)] "emotes: 0", source: http://localhost:58564/emote-rain.js (14)
[0708/183639.764:INFO:CONSOLE(14)] "emotes: 0", source: http://localhost:58564/emote-rain.js (14)
[0708/183659.816:INFO:CONSOLE(14)] "emotes: 0", source: http://localhost:58564/emote-rain.js (14)
[0708/183715.360:INFO:CONSOLE(14)] "emotes: 0", source: http://localhost:58564/emote-rain.js (14)
[0708/183752.159:INFO:CONSOLE(14)] "emotes: 0", source: http://localhost:58564/emote-rain.js (14)
[0708/184014.926:INFO:CONSOLE(14)] "emotes: 0", source: http://localhost:58564/emote-rain.js (14)
[0708/184030.844:INFO:CONSOLE(14)] "emotes: 0", source: http://localhost:58564/emote-rain.js (14)
[0708/184037.116:INFO:CONSOLE(14)] "emotes: 0", source: http://localhost:58564/emote-rain.js (14)
[0708/184120.961:INFO:CONSOLE(14)] "emotes: 0", source: http://localhost:58564/emote-rain.js (14)
[0708/184311.345:INFO:CONSOLE(729)] "[reward-notifications] event rewardName=Отвлечь стримера", source: http://localhost:58564/reward-notifications.js (729)
[0708/184311.345:INFO:CONSOLE(729)] "[reward-notifications] reward matched: Отвлечь стримера group: Distract", source: http://localhost:58564/reward-notifications.js (729)
[0708/184311.346:INFO:CONSOLE(729)] "[reward-notifications] selection anchor source=id", source: http://localhost:58564/reward-notifications.js (729)
[0708/184311.346:INFO:CONSOLE(729)] "[reward-notifications] video pick index=0 key=Distract|Отвлечь стримера|5ba6f429-bd1a-448e-87de-518e5b56a533", source: http://localhost:58564/reward-notifications.js (729)
[0708/184311.696:INFO:CONSOLE(729)] "[reward-notifications] video loaded: mk2_toasty.webm readyState=4", source: http://localhost:58564/reward-notifications.js (729)
[0708/184311.696:INFO:CONSOLE(729)] "[reward-notifications] video can play: mk2_toasty.webm", source: http://localhost:58564/reward-notifications.js (729)
[0708/184348.816:INFO:CONSOLE(729)] "[reward-notifications] event rewardName=Водичка!", source: http://localhost:58564/reward-notifications.js (729)
[0708/184348.816:INFO:CONSOLE(729)] "[reward-notifications] reward matched: Водичка! group: Gears", source: http://localhost:58564/reward-notifications.js (729)
[0708/184348.816:INFO:CONSOLE(729)] "[reward-notifications] selection anchor source=id", source: http://localhost:58564/reward-notifications.js (729)
[0708/184402.244:INFO:CONSOLE(14)] "emotes: 0", source: http://localhost:58564/emote-rain.js (14)
[0708/184414.803:INFO:CONSOLE(14)] "emotes: 0", source: http://localhost:58564/emote-rain.js (14)
[0708/184609.319:INFO:CONSOLE(14)] "emotes: 0", source: http://localhost:58564/emote-rain.js (14)
[0708/184616.439:INFO:CONSOLE(14)] "emotes: 0", source: http://localhost:58564/emote-rain.js (14)
[0708/184756.311:INFO:CONSOLE(14)] "emotes: 0", source: http://localhost:58564/emote-rain.js (14)
[0708/184807.019:INFO:CONSOLE(14)] "emotes: 0", source: http://localhost:58564/emote-rain.js (14)
[0708/184829.313:INFO:CONSOLE(14)] "emotes: 0", source: http://localhost:58564/emote-rain.js (14)
[0708/185121.063:INFO:CONSOLE(14)] "emotes: 0", source: http://localhost:58564/emote-rain.js (14)
[0708/185257.939:INFO:CONSOLE(14)] "emotes: 0", source: http://localhost:58564/emote-rain.js (14)
[0708/185304.346:INFO:CONSOLE(14)] "emotes: 0", source: http://localhost:58564/emote-rain.js (14)
[0708/185321.600:INFO:CONSOLE(14)] "emotes: 0", source: http://localhost:58564/emote-rain.js (14)
[0708/185442.400:INFO:CONSOLE(14)] "emotes: 0", source: http://localhost:58564/emote-rain.js (14)
[0708/185506.409:INFO:CONSOLE(14)] "emotes: 0", source: http://localhost:58564/emote-rain.js (14)
[0708/185609.156:INFO:CONSOLE(729)] "[reward-notifications] event rewardName=Заказ песни", source: http://localhost:58564/reward-notifications.js (729)
[0708/185609.156:INFO:CONSOLE(729)] "[reward-notifications] reward candidates miss for заказ песни: Sport=бицес|планка|приседания|отжимания|пресс; Gears=водичка!|ровнее спинку!|запретить действие в игре или irl; GiggleDeath=посмеяться над смертью; Distract=отвлечь стримера", source: http://localhost:58564/reward-notifications.js (729)
[0708/185609.157:INFO:CONSOLE(729)] "[reward-notifications] reward skipped: Заказ песни", source: http://localhost:58564/reward-notifications.js (729)
[0708/185614.002:INFO:CONSOLE(14)] "emotes: 0", source: http://localhost:58564/emote-rain.js (14)
[0708/185632.608:INFO:CONSOLE(14)] "emotes: 0", source: http://localhost:58564/emote-rain.js (14)
[0708/185641.836:INFO:CONSOLE(14)] "emotes: 0", source: http://localhost:58564/emote-rain.js (14)
[0708/185703.907:INFO:CONSOLE(14)] "emotes: 0", source: http://localhost:58564/emote-rain.js (14)
[0708/185839.952:INFO:CONSOLE(729)] "[reward-notifications] event rewardName=Отвлечь стримера", source: http://localhost:58564/reward-notifications.js (729)
[0708/185839.952:INFO:CONSOLE(729)] "[reward-notifications] reward matched: Отвлечь стримера group: Distract", source: http://localhost:58564/reward-notifications.js (729)
[0708/185839.952:INFO:CONSOLE(729)] "[reward-notifications] selection anchor source=id", source: http://localhost:58564/reward-notifications.js (729)
[0708/185839.952:INFO:CONSOLE(729)] "[reward-notifications] video pick index=0 key=Distract|Отвлечь стримера|ff8ad57e-cf24-4865-88cc-b3df40a00171", source: http://localhost:58564/reward-notifications.js (729)
[0708/185840.310:INFO:CONSOLE(729)] "[reward-notifications] video loaded: mk2_toasty.webm readyState=4", source: http://localhost:58564/reward-notifications.js (729)
[0708/185840.311:INFO:CONSOLE(729)] "[reward-notifications] video can play: mk2_toasty.webm", source: http://localhost:58564/reward-notifications.js (729)
[0708/190011.524:INFO:CONSOLE(176)] "WebSocket connection to 'ws://127.0.0.1:8080/' failed: Error in connection establishment: net::ERR_CONNECTION_REFUSED", source: https://cdn.skypack.dev/-/@streamerbot/client@v1.12.2-9BnWw0CDQ2fH1klZ4JSh/dist=es2019,mode=imports/optimized/@streamerbot/client.js (176)
[0708/190011.527:INFO:CONSOLE(83)] "Failed to reconnect (attempt 1)", source: https://cdn.skypack.dev/-/@streamerbot/client@v1.12.2-9BnWw0CDQ2fH1klZ4JSh/dist=es2019,mode=imports/optimized/@streamerbot/client.js (83)
[0708/190015.572:INFO:CONSOLE(176)] "WebSocket connection to 'ws://127.0.0.1:8080/' failed: Error in connection establishment: net::ERR_CONNECTION_REFUSED", source: https://cdn.skypack.dev/-/@streamerbot/client@v1.12.2-9BnWw0CDQ2fH1klZ4JSh/dist=es2019,mode=imports/optimized/@streamerbot/client.js (176)
[0708/190015.572:INFO:CONSOLE(83)] "Failed to reconnect (attempt 2)", source: https://cdn.skypack.dev/-/@streamerbot/client@v1.12.2-9BnWw0CDQ2fH1klZ4JSh/dist=es2019,mode=imports/optimized/@streamerbot/client.js (83)
[0708/190020.603:INFO:CONSOLE(176)] "WebSocket connection to 'ws://127.0.0.1:8080/' failed: Error in connection establishment: net::ERR_CONNECTION_REFUSED", source: https://cdn.skypack.dev/-/@streamerbot/client@v1.12.2-9BnWw0CDQ2fH1klZ4JSh/dist=es2019,mode=imports/optimized/@streamerbot/client.js (176)
[0708/190020.603:INFO:CONSOLE(83)] "Failed to reconnect (attempt 3)", source: https://cdn.skypack.dev/-/@streamerbot/client@v1.12.2-9BnWw0CDQ2fH1klZ4JSh/dist=es2019,mode=imports/optimized/@streamerbot/client.js (83)
[0708/190026.654:INFO:CONSOLE(176)] "WebSocket connection to 'ws://127.0.0.1:8080/' failed: Error in connection establishment: net::ERR_CONNECTION_REFUSED", source: https://cdn.skypack.dev/-/@streamerbot/client@v1.12.2-9BnWw0CDQ2fH1klZ4JSh/dist=es2019,mode=imports/optimized/@streamerbot/client.js (176)
[0708/190026.654:INFO:CONSOLE(83)] "Failed to reconnect (attempt 4)", source: https://cdn.skypack.dev/-/@streamerbot/client@v1.12.2-9BnWw0CDQ2fH1klZ4JSh/dist=es2019,mode=imports/optimized/@streamerbot/client.js (83)
[0708/190033.687:INFO:CONSOLE(176)] "WebSocket connection to 'ws://127.0.0.1:8080/' failed: Error in connection establishment: net::ERR_CONNECTION_REFUSED", source: https://cdn.skypack.dev/-/@streamerbot/client@v1.12.2-9BnWw0CDQ2fH1klZ4JSh/dist=es2019,mode=imports/optimized/@streamerbot/client.js (176)
[0708/190033.687:INFO:CONSOLE(83)] "Failed to reconnect (attempt 5)", source: https://cdn.skypack.dev/-/@streamerbot/client@v1.12.2-9BnWw0CDQ2fH1klZ4JSh/dist=es2019,mode=imports/optimized/@streamerbot/client.js (83)
[0708/190041.731:INFO:CONSOLE(176)] "WebSocket connection to 'ws://127.0.0.1:8080/' failed: Error in connection establishment: net::ERR_CONNECTION_REFUSED", source: https://cdn.skypack.dev/-/@streamerbot/client@v1.12.2-9BnWw0CDQ2fH1klZ4JSh/dist=es2019,mode=imports/optimized/@streamerbot/client.js (176)
[0708/190041.731:INFO:CONSOLE(83)] "Failed to reconnect (attempt 6)", source: https://cdn.skypack.dev/-/@streamerbot/client@v1.12.2-9BnWw0CDQ2fH1klZ4JSh/dist=es2019,mode=imports/optimized/@streamerbot/client.js (83)
[0708/190050.779:INFO:CONSOLE(176)] "WebSocket connection to 'ws://127.0.0.1:8080/' failed: Error in connection establishment: net::ERR_CONNECTION_REFUSED", source: https://cdn.skypack.dev/-/@streamerbot/client@v1.12.2-9BnWw0CDQ2fH1klZ4JSh/dist=es2019,mode=imports/optimized/@streamerbot/client.js (176)
[0708/190050.779:INFO:CONSOLE(83)] "Failed to reconnect (attempt 7)", source: https://cdn.skypack.dev/-/@streamerbot/client@v1.12.2-9BnWw0CDQ2fH1klZ4JSh/dist=es2019,mode=imports/optimized/@streamerbot/client.js (83)
[0708/190100.836:INFO:CONSOLE(176)] "WebSocket connection to 'ws://127.0.0.1:8080/' failed: Error in connection establishment: net::ERR_CONNECTION_REFUSED", source: https://cdn.skypack.dev/-/@streamerbot/client@v1.12.2-9BnWw0CDQ2fH1klZ4JSh/dist=es2019,mode=imports/optimized/@streamerbot/client.js (176)
[0708/190100.836:INFO:CONSOLE(83)] "Failed to reconnect (attempt 8)", source: https://cdn.skypack.dev/-/@streamerbot/client@v1.12.2-9BnWw0CDQ2fH1klZ4JSh/dist=es2019,mode=imports/optimized/@streamerbot/client.js (83)
[0708/190111.888:INFO:CONSOLE(176)] "WebSocket connection to 'ws://127.0.0.1:8080/' failed: Error in connection establishment: net::ERR_CONNECTION_REFUSED", source: https://cdn.skypack.dev/-/@streamerbot/client@v1.12.2-9BnWw0CDQ2fH1klZ4JSh/dist=es2019,mode=imports/optimized/@streamerbot/client.js (176)
[0708/190111.888:INFO:CONSOLE(83)] "Failed to reconnect (attempt 9)", source: https://cdn.skypack.dev/-/@streamerbot/client@v1.12.2-9BnWw0CDQ2fH1klZ4JSh/dist=es2019,mode=imports/optimized/@streamerbot/client.js (83)
[0708/190123.943:INFO:CONSOLE(176)] "WebSocket connection to 'ws://127.0.0.1:8080/' failed: Error in connection establishment: net::ERR_CONNECTION_REFUSED", source: https://cdn.skypack.dev/-/@streamerbot/client@v1.12.2-9BnWw0CDQ2fH1klZ4JSh/dist=es2019,mode=imports/optimized/@streamerbot/client.js (176)
[0708/190123.943:INFO:CONSOLE(83)] "Failed to reconnect (attempt 10)", source: https://cdn.skypack.dev/-/@streamerbot/client@v1.12.2-9BnWw0CDQ2fH1klZ4JSh/dist=es2019,mode=imports/optimized/@streamerbot/client.js (83)
[0708/190137.008:INFO:CONSOLE(176)] "WebSocket connection to 'ws://127.0.0.1:8080/' failed: Error in connection establishment: net::ERR_CONNECTION_REFUSED", source: https://cdn.skypack.dev/-/@streamerbot/client@v1.12.2-9BnWw0CDQ2fH1klZ4JSh/dist=es2019,mode=imports/optimized/@streamerbot/client.js (176)
[0708/190137.008:INFO:CONSOLE(83)] "Failed to reconnect (attempt 11)", source: https://cdn.skypack.dev/-/@streamerbot/client@v1.12.2-9BnWw0CDQ2fH1klZ4JSh/dist=es2019,mode=imports/optimized/@streamerbot/client.js (83)
[0708/190151.115:INFO:CONSOLE(176)] "WebSocket connection to 'ws://127.0.0.1:8080/' failed: Error in connection establishment: net::ERR_CONNECTION_REFUSED", source: https://cdn.skypack.dev/-/@streamerbot/client@v1.12.2-9BnWw0CDQ2fH1klZ4JSh/dist=es2019,mode=imports/optimized/@streamerbot/client.js (176)
[0708/190151.115:INFO:CONSOLE(83)] "Failed to reconnect (attempt 12)", source: https://cdn.skypack.dev/-/@streamerbot/client@v1.12.2-9BnWw0CDQ2fH1klZ4JSh/dist=es2019,mode=imports/optimized/@streamerbot/client.js (83)
[0708/190206.481:INFO:CONSOLE(176)] "WebSocket connection to 'ws://127.0.0.1:8080/' failed: Error in connection establishment: net::ERR_CONNECTION_REFUSED", source: https://cdn.skypack.dev/-/@streamerbot/client@v1.12.2-9BnWw0CDQ2fH1klZ4JSh/dist=es2019,mode=imports/optimized/@streamerbot/client.js (176)
[0708/190206.481:INFO:CONSOLE(83)] "Failed to reconnect (attempt 13)", source: https://cdn.skypack.dev/-/@streamerbot/client@v1.12.2-9BnWw0CDQ2fH1klZ4JSh/dist=es2019,mode=imports/optimized/@streamerbot/client.js (83)
[0708/190222.510:INFO:CONSOLE(176)] "WebSocket connection to 'ws://127.0.0.1:8080/' failed: Error in connection establishment: net::ERR_CONNECTION_REFUSED", source: https://cdn.skypack.dev/-/@streamerbot/client@v1.12.2-9BnWw0CDQ2fH1klZ4JSh/dist=es2019,mode=imports/optimized/@streamerbot/client.js (176)
[0708/190222.510:INFO:CONSOLE(83)] "Failed to reconnect (attempt 14)", source: https://cdn.skypack.dev/-/@streamerbot/client@v1.12.2-9BnWw0CDQ2fH1klZ4JSh/dist=es2019,mode=imports/optimized/@streamerbot/client.js (83)
[0708/190239.551:INFO:CONSOLE(176)] "WebSocket connection to 'ws://127.0.0.1:8080/' failed: Error in connection establishment: net::ERR_CONNECTION_REFUSED", source: https://cdn.skypack.dev/-/@streamerbot/client@v1.12.2-9BnWw0CDQ2fH1klZ4JSh/dist=es2019,mode=imports/optimized/@streamerbot/client.js (176)
[0708/190239.551:INFO:CONSOLE(83)] "Failed to reconnect (attempt 15)", source: https://cdn.skypack.dev/-/@streamerbot/client@v1.12.2-9BnWw0CDQ2fH1klZ4JSh/dist=es2019,mode=imports/optimized/@streamerbot/client.js (83)
[0708/190257.592:INFO:CONSOLE(176)] "WebSocket connection to 'ws://127.0.0.1:8080/' failed: Error in connection establishment: net::ERR_CONNECTION_REFUSED", source: https://cdn.skypack.dev/-/@streamerbot/client@v1.12.2-9BnWw0CDQ2fH1klZ4JSh/dist=es2019,mode=imports/optimized/@streamerbot/client.js (176)
[0708/190257.592:INFO:CONSOLE(83)] "Failed to reconnect (attempt 16)", source: https://cdn.skypack.dev/-/@streamerbot/client@v1.12.2-9BnWw0CDQ2fH1klZ4JSh/dist=es2019,mode=imports/optimized/@streamerbot/client.js (83)
[0708/190316.629:INFO:CONSOLE(176)] "WebSocket connection to 'ws://127.0.0.1:8080/' failed: Error in connection establishment: net::ERR_CONNECTION_REFUSED", source: https://cdn.skypack.dev/-/@streamerbot/client@v1.12.2-9BnWw0CDQ2fH1klZ4JSh/dist=es2019,mode=imports/optimized/@streamerbot/client.js (176)
[0708/190316.629:INFO:CONSOLE(83)] "Failed to reconnect (attempt 17)", source: https://cdn.skypack.dev/-/@streamerbot/client@v1.12.2-9BnWw0CDQ2fH1klZ4JSh/dist=es2019,mode=imports/optimized/@streamerbot/client.js (83)
[0708/190336.661:INFO:CONSOLE(176)] "WebSocket connection to 'ws://127.0.0.1:8080/' failed: Error in connection establishment: net::ERR_CONNECTION_REFUSED", source: https://cdn.skypack.dev/-/@streamerbot/client@v1.12.2-9BnWw0CDQ2fH1klZ4JSh/dist=es2019,mode=imports/optimized/@streamerbot/client.js (176)
[0708/190336.661:INFO:CONSOLE(83)] "Failed to reconnect (attempt 18)", source: https://cdn.skypack.dev/-/@streamerbot/client@v1.12.2-9BnWw0CDQ2fH1klZ4JSh/dist=es2019,mode=imports/optimized/@streamerbot/client.js (83)
[0708/190357.698:INFO:CONSOLE(176)] "WebSocket connection to 'ws://127.0.0.1:8080/' failed: Error in connection establishment: net::ERR_CONNECTION_REFUSED", source: https://cdn.skypack.dev/-/@streamerbot/client@v1.12.2-9BnWw0CDQ2fH1klZ4JSh/dist=es2019,mode=imports/optimized/@streamerbot/client.js (176)
[0708/190357.698:INFO:CONSOLE(83)] "Failed to reconnect (attempt 19)", source: https://cdn.skypack.dev/-/@streamerbot/client@v1.12.2-9BnWw0CDQ2fH1klZ4JSh/dist=es2019,mode=imports/optimized/@streamerbot/client.js (83)
[0708/190419.740:INFO:CONSOLE(176)] "WebSocket connection to 'ws://127.0.0.1:8080/' failed: Error in connection establishment: net::ERR_CONNECTION_REFUSED", source: https://cdn.skypack.dev/-/@streamerbot/client@v1.12.2-9BnWw0CDQ2fH1klZ4JSh/dist=es2019,mode=imports/optimized/@streamerbot/client.js (176)
[0708/190419.740:INFO:CONSOLE(83)] "Failed to reconnect (attempt 20)", source: https://cdn.skypack.dev/-/@streamerbot/client@v1.12.2-9BnWw0CDQ2fH1klZ4JSh/dist=es2019,mode=imports/optimized/@streamerbot/client.js (83)
[0708/190442.780:INFO:CONSOLE(176)] "WebSocket connection to 'ws://127.0.0.1:8080/' failed: Error in connection establishment: net::ERR_CONNECTION_REFUSED", source: https://cdn.skypack.dev/-/@streamerbot/client@v1.12.2-9BnWw0CDQ2fH1klZ4JSh/dist=es2019,mode=imports/optimized/@streamerbot/client.js (176)
[0708/190442.780:INFO:CONSOLE(83)] "Failed to reconnect (attempt 21)", source: https://cdn.skypack.dev/-/@streamerbot/client@v1.12.2-9BnWw0CDQ2fH1klZ4JSh/dist=es2019,mode=imports/optimized/@streamerbot/client.js (83)
[0708/190506.827:INFO:CONSOLE(176)] "WebSocket connection to 'ws://127.0.0.1:8080/' failed: Error in connection establishment: net::ERR_CONNECTION_REFUSED", source: https://cdn.skypack.dev/-/@streamerbot/client@v1.12.2-9BnWw0CDQ2fH1klZ4JSh/dist=es2019,mode=imports/optimized/@streamerbot/client.js (176)
[0708/190506.827:INFO:CONSOLE(83)] "Failed to reconnect (attempt 22)", source: https://cdn.skypack.dev/-/@streamerbot/client@v1.12.2-9BnWw0CDQ2fH1klZ4JSh/dist=es2019,mode=imports/optimized/@streamerbot/client.js (83)
[0708/190531.868:INFO:CONSOLE(176)] "WebSocket connection to 'ws://127.0.0.1:8080/' failed: Error in connection establishment: net::ERR_CONNECTION_REFUSED", source: https://cdn.skypack.dev/-/@streamerbot/client@v1.12.2-9BnWw0CDQ2fH1klZ4JSh/dist=es2019,mode=imports/optimized/@streamerbot/client.js (176)
[0708/190531.868:INFO:CONSOLE(83)] "Failed to reconnect (attempt 23)", source: https://cdn.skypack.dev/-/@streamerbot/client@v1.12.2-9BnWw0CDQ2fH1klZ4JSh/dist=es2019,mode=imports/optimized/@streamerbot/client.js (83)
[0708/190557.885:INFO:CONSOLE(176)] "WebSocket connection to 'ws://127.0.0.1:8080/' failed: Error in connection establishment: net::ERR_CONNECTION_REFUSED", source: https://cdn.skypack.dev/-/@streamerbot/client@v1.12.2-9BnWw0CDQ2fH1klZ4JSh/dist=es2019,mode=imports/optimized/@streamerbot/client.js (176)
[0708/190557.885:INFO:CONSOLE(83)] "Failed to reconnect (attempt 24)", source: https://cdn.skypack.dev/-/@streamerbot/client@v1.12.2-9BnWw0CDQ2fH1klZ4JSh/dist=es2019,mode=imports/optimized/@streamerbot/client.js (83)
[0708/190624.918:INFO:CONSOLE(176)] "WebSocket connection to 'ws://127.0.0.1:8080/' failed: Error in connection establishment: net::ERR_CONNECTION_REFUSED", source: https://cdn.skypack.dev/-/@streamerbot/client@v1.12.2-9BnWw0CDQ2fH1klZ4JSh/dist=es2019,mode=imports/optimized/@streamerbot/client.js (176)
[0708/190624.918:INFO:CONSOLE(83)] "Failed to reconnect (attempt 25)", source: https://cdn.skypack.dev/-/@streamerbot/client@v1.12.2-9BnWw0CDQ2fH1klZ4JSh/dist=es2019,mode=imports/optimized/@streamerbot/client.js (83)
[0708/190652.961:INFO:CONSOLE(176)] "WebSocket connection to 'ws://127.0.0.1:8080/' failed: Error in connection establishment: net::ERR_CONNECTION_REFUSED", source: https://cdn.skypack.dev/-/@streamerbot/client@v1.12.2-9BnWw0CDQ2fH1klZ4JSh/dist=es2019,mode=imports/optimized/@streamerbot/client.js (176)
[0708/190652.961:INFO:CONSOLE(83)] "Failed to reconnect (attempt 26)", source: https://cdn.skypack.dev/-/@streamerbot/client@v1.12.2-9BnWw0CDQ2fH1klZ4JSh/dist=es2019,mode=imports/optimized/@streamerbot/client.js (83)
[0708/190721.991:INFO:CONSOLE(176)] "WebSocket connection to 'ws://127.0.0.1:8080/' failed: Error in connection establishment: net::ERR_CONNECTION_REFUSED", source: https://cdn.skypack.dev/-/@streamerbot/client@v1.12.2-9BnWw0CDQ2fH1klZ4JSh/dist=es2019,mode=imports/optimized/@streamerbot/client.js (176)
[0708/190721.991:INFO:CONSOLE(83)] "Failed to reconnect (attempt 27)", source: https://cdn.skypack.dev/-/@streamerbot/client@v1.12.2-9BnWw0CDQ2fH1klZ4JSh/dist=es2019,mode=imports/optimized/@streamerbot/client.js (83)
[0708/190752.027:INFO:CONSOLE(176)] "WebSocket connection to 'ws://127.0.0.1:8080/' failed: Error in connection establishment: net::ERR_CONNECTION_REFUSED", source: https://cdn.skypack.dev/-/@streamerbot/client@v1.12.2-9BnWw0CDQ2fH1klZ4JSh/dist=es2019,mode=imports/optimized/@streamerbot/client.js (176)
[0708/190752.027:INFO:CONSOLE(83)] "Failed to reconnect (attempt 28)", source: https://cdn.skypack.dev/-/@streamerbot/client@v1.12.2-9BnWw0CDQ2fH1klZ4JSh/dist=es2019,mode=imports/optimized/@streamerbot/client.js (83)
[0708/190823.062:INFO:CONSOLE(176)] "WebSocket connection to 'ws://127.0.0.1:8080/' failed: Error in connection establishment: net::ERR_CONNECTION_REFUSED", source: https://cdn.skypack.dev/-/@streamerbot/client@v1.12.2-9BnWw0CDQ2fH1klZ4JSh/dist=es2019,mode=imports/optimized/@streamerbot/client.js (176)
[0708/190823.062:INFO:CONSOLE(83)] "Failed to reconnect (attempt 29)", source: https://cdn.skypack.dev/-/@streamerbot/client@v1.12.2-9BnWw0CDQ2fH1klZ4JSh/dist=es2019,mode=imports/optimized/@streamerbot/client.js (83)
[0708/190855.108:INFO:CONSOLE(176)] "WebSocket connection to 'ws://127.0.0.1:8080/' failed: Error in connection establishment: net::ERR_CONNECTION_REFUSED", source: https://cdn.skypack.dev/-/@streamerbot/client@v1.12.2-9BnWw0CDQ2fH1klZ4JSh/dist=es2019,mode=imports/optimized/@streamerbot/client.js (176)
[0708/190855.108:INFO:CONSOLE(83)] "Failed to reconnect (attempt 30)", source: https://cdn.skypack.dev/-/@streamerbot/client@v1.12.2-9BnWw0CDQ2fH1klZ4JSh/dist=es2019,mode=imports/optimized/@streamerbot/client.js (83)
[0708/190927.144:INFO:CONSOLE(176)] "WebSocket connection to 'ws://127.0.0.1:8080/' failed: Error in connection establishment: net::ERR_CONNECTION_REFUSED", source: https://cdn.skypack.dev/-/@streamerbot/client@v1.12.2-9BnWw0CDQ2fH1klZ4JSh/dist=es2019,mode=imports/optimized/@streamerbot/client.js (176)
[0708/190927.144:INFO:CONSOLE(83)] "Failed to reconnect (attempt 31)", source: https://cdn.skypack.dev/-/@streamerbot/client@v1.12.2-9BnWw0CDQ2fH1klZ4JSh/dist=es2019,mode=imports/optimized/@streamerbot/client.js (83)
[0708/190959.183:INFO:CONSOLE(176)] "WebSocket connection to 'ws://127.0.0.1:8080/' failed: Error in connection establishment: net::ERR_CONNECTION_REFUSED", source: https://cdn.skypack.dev/-/@streamerbot/client@v1.12.2-9BnWw0CDQ2fH1klZ4JSh/dist=es2019,mode=imports/optimized/@streamerbot/client.js (176)
[0708/190959.183:INFO:CONSOLE(83)] "Failed to reconnect (attempt 32)", source: https://cdn.skypack.dev/-/@streamerbot/client@v1.12.2-9BnWw0CDQ2fH1klZ4JSh/dist=es2019,mode=imports/optimized/@streamerbot/client.js (83)
[0708/191031.221:INFO:CONSOLE(176)] "WebSocket connection to 'ws://127.0.0.1:8080/' failed: Error in connection establishment: net::ERR_CONNECTION_REFUSED", source: https://cdn.skypack.dev/-/@streamerbot/client@v1.12.2-9BnWw0CDQ2fH1klZ4JSh/dist=es2019,mode=imports/optimized/@streamerbot/client.js (176)
[0708/191031.221:INFO:CONSOLE(83)] "Failed to reconnect (attempt 33)", source: https://cdn.skypack.dev/-/@streamerbot/client@v1.12.2-9BnWw0CDQ2fH1klZ4JSh/dist=es2019,mode=imports/optimized/@streamerbot/client.js (83)
[0708/191103.258:INFO:CONSOLE(176)] "WebSocket connection to 'ws://127.0.0.1:8080/' failed: Error in connection establishment: net::ERR_CONNECTION_REFUSED", source: https://cdn.skypack.dev/-/@streamerbot/client@v1.12.2-9BnWw0CDQ2fH1klZ4JSh/dist=es2019,mode=imports/optimized/@streamerbot/client.js (176)
[0708/191103.258:INFO:CONSOLE(83)] "Failed to reconnect (attempt 34)", source: https://cdn.skypack.dev/-/@streamerbot/client@v1.12.2-9BnWw0CDQ2fH1klZ4JSh/dist=es2019,mode=imports/optimized/@streamerbot/client.js (83)
[0708/191135.308:INFO:CONSOLE(176)] "WebSocket connection to 'ws://127.0.0.1:8080/' failed: Error in connection establishment: net::ERR_CONNECTION_REFUSED", source: https://cdn.skypack.dev/-/@streamerbot/client@v1.12.2-9BnWw0CDQ2fH1klZ4JSh/dist=es2019,mode=imports/optimized/@streamerbot/client.js (176)
[0708/191135.308:INFO:CONSOLE(83)] "Failed to reconnect (attempt 35)", source: https://cdn.skypack.dev/-/@streamerbot/client@v1.12.2-9BnWw0CDQ2fH1klZ4JSh/dist=es2019,mode=imports/optimized/@streamerbot/client.js (83)
[0708/191207.333:INFO:CONSOLE(176)] "WebSocket connection to 'ws://127.0.0.1:8080/' failed: Error in connection establishment: net::ERR_CONNECTION_REFUSED", source: https://cdn.skypack.dev/-/@streamerbot/client@v1.12.2-9BnWw0CDQ2fH1klZ4JSh/dist=es2019,mode=imports/optimized/@streamerbot/client.js (176)
[0708/191207.333:INFO:CONSOLE(83)] "Failed to reconnect (attempt 36)", source: https://cdn.skypack.dev/-/@streamerbot/client@v1.12.2-9BnWw0CDQ2fH1klZ4JSh/dist=es2019,mode=imports/optimized/@streamerbot/client.js (83)
[0708/191239.381:INFO:CONSOLE(176)] "WebSocket connection to 'ws://127.0.0.1:8080/' failed: Error in connection establishment: net::ERR_CONNECTION_REFUSED", source: https://cdn.skypack.dev/-/@streamerbot/client@v1.12.2-9BnWw0CDQ2fH1klZ4JSh/dist=es2019,mode=imports/optimized/@streamerbot/client.js (176)
[0708/191239.381:INFO:CONSOLE(83)] "Failed to reconnect (attempt 37)", source: https://cdn.skypack.dev/-/@streamerbot/client@v1.12.2-9BnWw0CDQ2fH1klZ4JSh/dist=es2019,mode=imports/optimized/@streamerbot/client.js (83)
[0708/191311.429:INFO:CONSOLE(176)] "WebSocket connection to 'ws://127.0.0.1:8080/' failed: Error in connection establishment: net::ERR_CONNECTION_REFUSED", source: https://cdn.skypack.dev/-/@streamerbot/client@v1.12.2-9BnWw0CDQ2fH1klZ4JSh/dist=es2019,mode=imports/optimized/@streamerbot/client.js (176)
[0708/191311.429:INFO:CONSOLE(83)] "Failed to reconnect (attempt 38)", source: https://cdn.skypack.dev/-/@streamerbot/client@v1.12.2-9BnWw0CDQ2fH1klZ4JSh/dist=es2019,mode=imports/optimized/@streamerbot/client.js (83)
[0708/191343.475:INFO:CONSOLE(176)] "WebSocket connection to 'ws://127.0.0.1:8080/' failed: Error in connection establishment: net::ERR_CONNECTION_REFUSED", source: https://cdn.skypack.dev/-/@streamerbot/client@v1.12.2-9BnWw0CDQ2fH1klZ4JSh/dist=es2019,mode=imports/optimized/@streamerbot/client.js (176)
[0708/191343.475:INFO:CONSOLE(83)] "Failed to reconnect (attempt 39)", source: https://cdn.skypack.dev/-/@streamerbot/client@v1.12.2-9BnWw0CDQ2fH1klZ4JSh/dist=es2019,mode=imports/optimized/@streamerbot/client.js (83)
[0708/191415.505:INFO:CONSOLE(176)] "WebSocket connection to 'ws://127.0.0.1:8080/' failed: Error in connection establishment: net::ERR_CONNECTION_REFUSED", source: https://cdn.skypack.dev/-/@streamerbot/client@v1.12.2-9BnWw0CDQ2fH1klZ4JSh/dist=es2019,mode=imports/optimized/@streamerbot/client.js (176)
[0708/191415.505:INFO:CONSOLE(83)] "Failed to reconnect (attempt 40)", source: https://cdn.skypack.dev/-/@streamerbot/client@v1.12.2-9BnWw0CDQ2fH1klZ4JSh/dist=es2019,mode=imports/optimized/@streamerbot/client.js (83)
[0708/191447.545:INFO:CONSOLE(176)] "WebSocket connection to 'ws://127.0.0.1:8080/' failed: Error in connection establishment: net::ERR_CONNECTION_REFUSED", source: https://cdn.skypack.dev/-/@streamerbot/client@v1.12.2-9BnWw0CDQ2fH1klZ4JSh/dist=es2019,mode=imports/optimized/@streamerbot/client.js (176)
[0708/191447.545:INFO:CONSOLE(83)] "Failed to reconnect (attempt 41)", source: https://cdn.skypack.dev/-/@streamerbot/client@v1.12.2-9BnWw0CDQ2fH1klZ4JSh/dist=es2019,mode=imports/optimized/@streamerbot/client.js (83)
[0708/191519.593:INFO:CONSOLE(176)] "WebSocket connection to 'ws://127.0.0.1:8080/' failed: Error in connection establishment: net::ERR_CONNECTION_REFUSED", source: https://cdn.skypack.dev/-/@streamerbot/client@v1.12.2-9BnWw0CDQ2fH1klZ4JSh/dist=es2019,mode=imports/optimized/@streamerbot/client.js (176)
[0708/191519.593:INFO:CONSOLE(83)] "Failed to reconnect (attempt 42)", source: https://cdn.skypack.dev/-/@streamerbot/client@v1.12.2-9BnWw0CDQ2fH1klZ4JSh/dist=es2019,mode=imports/optimized/@streamerbot/client.js (83)
[0708/191551.638:INFO:CONSOLE(176)] "WebSocket connection to 'ws://127.0.0.1:8080/' failed: Error in connection establishment: net::ERR_CONNECTION_REFUSED", source: https://cdn.skypack.dev/-/@streamerbot/client@v1.12.2-9BnWw0CDQ2fH1klZ4JSh/dist=es2019,mode=imports/optimized/@streamerbot/client.js (176)
[0708/191551.638:INFO:CONSOLE(83)] "Failed to reconnect (attempt 43)", source: https://cdn.skypack.dev/-/@streamerbot/client@v1.12.2-9BnWw0CDQ2fH1klZ4JSh/dist=es2019,mode=imports/optimized/@streamerbot/client.js (83)
[0708/191623.674:INFO:CONSOLE(176)] "WebSocket connection to 'ws://127.0.0.1:8080/' failed: Error in connection establishment: net::ERR_CONNECTION_REFUSED", source: https://cdn.skypack.dev/-/@streamerbot/client@v1.12.2-9BnWw0CDQ2fH1klZ4JSh/dist=es2019,mode=imports/optimized/@streamerbot/client.js (176)
[0708/191623.674:INFO:CONSOLE(83)] "Failed to reconnect (attempt 44)", source: https://cdn.skypack.dev/-/@streamerbot/client@v1.12.2-9BnWw0CDQ2fH1klZ4JSh/dist=es2019,mode=imports/optimized/@streamerbot/client.js (83)
[0708/191655.715:INFO:CONSOLE(176)] "WebSocket connection to 'ws://127.0.0.1:8080/' failed: Error in connection establishment: net::ERR_CONNECTION_REFUSED", source: https://cdn.skypack.dev/-/@streamerbot/client@v1.12.2-9BnWw0CDQ2fH1klZ4JSh/dist=es2019,mode=imports/optimized/@streamerbot/client.js (176)
[0708/191655.715:INFO:CONSOLE(83)] "Failed to reconnect (attempt 45)", source: https://cdn.skypack.dev/-/@streamerbot/client@v1.12.2-9BnWw0CDQ2fH1klZ4JSh/dist=es2019,mode=imports/optimized/@streamerbot/client.js (83)
[0708/191727.747:INFO:CONSOLE(176)] "WebSocket connection to 'ws://127.0.0.1:8080/' failed: Error in connection establishment: net::ERR_CONNECTION_REFUSED", source: https://cdn.skypack.dev/-/@streamerbot/client@v1.12.2-9BnWw0CDQ2fH1klZ4JSh/dist=es2019,mode=imports/optimized/@streamerbot/client.js (176)
[0708/191727.747:INFO:CONSOLE(83)] "Failed to reconnect (attempt 46)", source: https://cdn.skypack.dev/-/@streamerbot/client@v1.12.2-9BnWw0CDQ2fH1klZ4JSh/dist=es2019,mode=imports/optimized/@streamerbot/client.js (83)
[0708/191759.776:INFO:CONSOLE(176)] "WebSocket connection to 'ws://127.0.0.1:8080/' failed: Error in connection establishment: net::ERR_CONNECTION_REFUSED", source: https://cdn.skypack.dev/-/@streamerbot/client@v1.12.2-9BnWw0CDQ2fH1klZ4JSh/dist=es2019,mode=imports/optimized/@streamerbot/client.js (176)
[0708/191759.776:INFO:CONSOLE(83)] "Failed to reconnect (attempt 47)", source: https://cdn.skypack.dev/-/@streamerbot/client@v1.12.2-9BnWw0CDQ2fH1klZ4JSh/dist=es2019,mode=imports/optimized/@streamerbot/client.js (83)
[0708/191831.805:INFO:CONSOLE(176)] "WebSocket connection to 'ws://127.0.0.1:8080/' failed: Error in connection establishment: net::ERR_CONNECTION_REFUSED", source: https://cdn.skypack.dev/-/@streamerbot/client@v1.12.2-9BnWw0CDQ2fH1klZ4JSh/dist=es2019,mode=imports/optimized/@streamerbot/client.js (176)
[0708/191831.805:INFO:CONSOLE(83)] "Failed to reconnect (attempt 48)", source: https://cdn.skypack.dev/-/@streamerbot/client@v1.12.2-9BnWw0CDQ2fH1klZ4JSh/dist=es2019,mode=imports/optimized/@streamerbot/client.js (83)
[0708/191903.851:INFO:CONSOLE(176)] "WebSocket connection to 'ws://127.0.0.1:8080/' failed: Error in connection establishment: net::ERR_CONNECTION_REFUSED", source: https://cdn.skypack.dev/-/@streamerbot/client@v1.12.2-9BnWw0CDQ2fH1klZ4JSh/dist=es2019,mode=imports/optimized/@streamerbot/client.js (176)
[0708/191903.851:INFO:CONSOLE(83)] "Failed to reconnect (attempt 49)", source: https://cdn.skypack.dev/-/@streamerbot/client@v1.12.2-9BnWw0CDQ2fH1klZ4JSh/dist=es2019,mode=imports/optimized/@streamerbot/client.js (83)
[0708/191935.895:INFO:CONSOLE(176)] "WebSocket connection to 'ws://127.0.0.1:8080/' failed: Error in connection establishment: net::ERR_CONNECTION_REFUSED", source: https://cdn.skypack.dev/-/@streamerbot/client@v1.12.2-9BnWw0CDQ2fH1klZ4JSh/dist=es2019,mode=imports/optimized/@streamerbot/client.js (176)
[0708/191935.895:INFO:CONSOLE(83)] "Failed to reconnect (attempt 50)", source: https://cdn.skypack.dev/-/@streamerbot/client@v1.12.2-9BnWw0CDQ2fH1klZ4JSh/dist=es2019,mode=imports/optimized/@streamerbot/client.js (83)
[0708/192007.936:INFO:CONSOLE(176)] "WebSocket connection to 'ws://127.0.0.1:8080/' failed: Error in connection establishment: net::ERR_CONNECTION_REFUSED", source: https://cdn.skypack.dev/-/@streamerbot/client@v1.12.2-9BnWw0CDQ2fH1klZ4JSh/dist=es2019,mode=imports/optimized/@streamerbot/client.js (176)
[0708/192007.936:INFO:CONSOLE(83)] "Failed to reconnect (attempt 51)", source: https://cdn.skypack.dev/-/@streamerbot/client@v1.12.2-9BnWw0CDQ2fH1klZ4JSh/dist=es2019,mode=imports/optimized/@streamerbot/client.js (83)
[0708/192039.992:INFO:CONSOLE(176)] "WebSocket connection to 'ws://127.0.0.1:8080/' failed: Error in connection establishment: net::ERR_CONNECTION_REFUSED", source: https://cdn.skypack.dev/-/@streamerbot/client@v1.12.2-9BnWw0CDQ2fH1klZ4JSh/dist=es2019,mode=imports/optimized/@streamerbot/client.js (176)
[0708/192039.992:INFO:CONSOLE(83)] "Failed to reconnect (attempt 52)", source: https://cdn.skypack.dev/-/@streamerbot/client@v1.12.2-9BnWw0CDQ2fH1klZ4JSh/dist=es2019,mode=imports/optimized/@streamerbot/client.js (83)
[0708/192112.039:INFO:CONSOLE(176)] "WebSocket connection to 'ws://127.0.0.1:8080/' failed: Error in connection establishment: net::ERR_CONNECTION_REFUSED", source: https://cdn.skypack.dev/-/@streamerbot/client@v1.12.2-9BnWw0CDQ2fH1klZ4JSh/dist=es2019,mode=imports/optimized/@streamerbot/client.js (176)
[0708/192112.039:INFO:CONSOLE(83)] "Failed to reconnect (attempt 53)", source: https://cdn.skypack.dev/-/@streamerbot/client@v1.12.2-9BnWw0CDQ2fH1klZ4JSh/dist=es2019,mode=imports/optimized/@streamerbot/client.js (83)
[0708/192144.089:INFO:CONSOLE(176)] "WebSocket connection to 'ws://127.0.0.1:8080/' failed: Error in connection establishment: net::ERR_CONNECTION_REFUSED", source: https://cdn.skypack.dev/-/@streamerbot/client@v1.12.2-9BnWw0CDQ2fH1klZ4JSh/dist=es2019,mode=imports/optimized/@streamerbot/client.js (176)
[0708/192144.089:INFO:CONSOLE(83)] "Failed to reconnect (attempt 54)", source: https://cdn.skypack.dev/-/@streamerbot/client@v1.12.2-9BnWw0CDQ2fH1klZ4JSh/dist=es2019,mode=imports/optimized/@streamerbot/client.js (83)
[0708/192216.123:INFO:CONSOLE(176)] "WebSocket connection to 'ws://127.0.0.1:8080/' failed: Error in connection establishment: net::ERR_CONNECTION_REFUSED", source: https://cdn.skypack.dev/-/@streamerbot/client@v1.12.2-9BnWw0CDQ2fH1klZ4JSh/dist=es2019,mode=imports/optimized/@streamerbot/client.js (176)
[0708/192216.123:INFO:CONSOLE(83)] "Failed to reconnect (attempt 55)", source: https://cdn.skypack.dev/-/@streamerbot/client@v1.12.2-9BnWw0CDQ2fH1klZ4JSh/dist=es2019,mode=imports/optimized/@streamerbot/client.js (83)
[0708/192248.167:INFO:CONSOLE(176)] "WebSocket connection to 'ws://127.0.0.1:8080/' failed: Error in connection establishment: net::ERR_CONNECTION_REFUSED", source: https://cdn.skypack.dev/-/@streamerbot/client@v1.12.2-9BnWw0CDQ2fH1klZ4JSh/dist=es2019,mode=imports/optimized/@streamerbot/client.js (176)
[0708/192248.167:INFO:CONSOLE(83)] "Failed to reconnect (attempt 56)", source: https://cdn.skypack.dev/-/@streamerbot/client@v1.12.2-9BnWw0CDQ2fH1klZ4JSh/dist=es2019,mode=imports/optimized/@streamerbot/client.js (83)
[0708/192320.215:INFO:CONSOLE(176)] "WebSocket connection to 'ws://127.0.0.1:8080/' failed: Error in connection establishment: net::ERR_CONNECTION_REFUSED", source: https://cdn.skypack.dev/-/@streamerbot/client@v1.12.2-9BnWw0CDQ2fH1klZ4JSh/dist=es2019,mode=imports/optimized/@streamerbot/client.js (176)
[0708/192320.215:INFO:CONSOLE(83)] "Failed to reconnect (attempt 57)", source: https://cdn.skypack.dev/-/@streamerbot/client@v1.12.2-9BnWw0CDQ2fH1klZ4JSh/dist=es2019,mode=imports/optimized/@streamerbot/client.js (83)
[0708/192352.258:INFO:CONSOLE(176)] "WebSocket connection to 'ws://127.0.0.1:8080/' failed: Error in connection establishment: net::ERR_CONNECTION_REFUSED", source: https://cdn.skypack.dev/-/@streamerbot/client@v1.12.2-9BnWw0CDQ2fH1klZ4JSh/dist=es2019,mode=imports/optimized/@streamerbot/client.js (176)
[0708/192352.258:INFO:CONSOLE(83)] "Failed to reconnect (attempt 58)", source: https://cdn.skypack.dev/-/@streamerbot/client@v1.12.2-9BnWw0CDQ2fH1klZ4JSh/dist=es2019,mode=imports/optimized/@streamerbot/client.js (83)
[0708/192424.311:INFO:CONSOLE(176)] "WebSocket connection to 'ws://127.0.0.1:8080/' failed: Error in connection establishment: net::ERR_CONNECTION_REFUSED", source: https://cdn.skypack.dev/-/@streamerbot/client@v1.12.2-9BnWw0CDQ2fH1klZ4JSh/dist=es2019,mode=imports/optimized/@streamerbot/client.js (176)
[0708/192424.311:INFO:CONSOLE(83)] "Failed to reconnect (attempt 59)", source: https://cdn.skypack.dev/-/@streamerbot/client@v1.12.2-9BnWw0CDQ2fH1klZ4JSh/dist=es2019,mode=imports/optimized/@streamerbot/client.js (83)
[0708/192456.359:INFO:CONSOLE(176)] "WebSocket connection to 'ws://127.0.0.1:8080/' failed: Error in connection establishment: net::ERR_CONNECTION_REFUSED", source: https://cdn.skypack.dev/-/@streamerbot/client@v1.12.2-9BnWw0CDQ2fH1klZ4JSh/dist=es2019,mode=imports/optimized/@streamerbot/client.js (176)
[0708/192456.359:INFO:CONSOLE(83)] "Failed to reconnect (attempt 60)", source: https://cdn.skypack.dev/-/@streamerbot/client@v1.12.2-9BnWw0CDQ2fH1klZ4JSh/dist=es2019,mode=imports/optimized/@streamerbot/client.js (83)
[0708/192528.392:INFO:CONSOLE(176)] "WebSocket connection to 'ws://127.0.0.1:8080/' failed: Error in connection establishment: net::ERR_CONNECTION_REFUSED", source: https://cdn.skypack.dev/-/@streamerbot/client@v1.12.2-9BnWw0CDQ2fH1klZ4JSh/dist=es2019,mode=imports/optimized/@streamerbot/client.js (176)
[0708/192528.392:INFO:CONSOLE(83)] "Failed to reconnect (attempt 61)", source: https://cdn.skypack.dev/-/@streamerbot/client@v1.12.2-9BnWw0CDQ2fH1klZ4JSh/dist=es2019,mode=imports/optimized/@streamerbot/client.js (83)
[0708/192600.428:INFO:CONSOLE(176)] "WebSocket connection to 'ws://127.0.0.1:8080/' failed: Error in connection establishment: net::ERR_CONNECTION_REFUSED", source: https://cdn.skypack.dev/-/@streamerbot/client@v1.12.2-9BnWw0CDQ2fH1klZ4JSh/dist=es2019,mode=imports/optimized/@streamerbot/client.js (176)
[0708/192600.428:INFO:CONSOLE(83)] "Failed to reconnect (attempt 62)", source: https://cdn.skypack.dev/-/@streamerbot/client@v1.12.2-9BnWw0CDQ2fH1klZ4JSh/dist=es2019,mode=imports/optimized/@streamerbot/client.js (83)
[0708/192632.467:INFO:CONSOLE(176)] "WebSocket connection to 'ws://127.0.0.1:8080/' failed: Error in connection establishment: net::ERR_CONNECTION_REFUSED", source: https://cdn.skypack.dev/-/@streamerbot/client@v1.12.2-9BnWw0CDQ2fH1klZ4JSh/dist=es2019,mode=imports/optimized/@streamerbot/client.js (176)
[0708/192632.467:INFO:CONSOLE(83)] "Failed to reconnect (attempt 63)", source: https://cdn.skypack.dev/-/@streamerbot/client@v1.12.2-9BnWw0CDQ2fH1klZ4JSh/dist=es2019,mode=imports/optimized/@streamerbot/client.js (83)
[0708/192704.503:INFO:CONSOLE(176)] "WebSocket connection to 'ws://127.0.0.1:8080/' failed: Error in connection establishment: net::ERR_CONNECTION_REFUSED", source: https://cdn.skypack.dev/-/@streamerbot/client@v1.12.2-9BnWw0CDQ2fH1klZ4JSh/dist=es2019,mode=imports/optimized/@streamerbot/client.js (176)
[0708/192704.503:INFO:CONSOLE(83)] "Failed to reconnect (attempt 64)", source: https://cdn.skypack.dev/-/@streamerbot/client@v1.12.2-9BnWw0CDQ2fH1klZ4JSh/dist=es2019,mode=imports/optimized/@streamerbot/client.js (83)
[0708/192736.555:INFO:CONSOLE(176)] "WebSocket connection to 'ws://127.0.0.1:8080/' failed: Error in connection establishment: net::ERR_CONNECTION_REFUSED", source: https://cdn.skypack.dev/-/@streamerbot/client@v1.12.2-9BnWw0CDQ2fH1klZ4JSh/dist=es2019,mode=imports/optimized/@streamerbot/client.js (176)
[0708/192736.555:INFO:CONSOLE(83)] "Failed to reconnect (attempt 65)", source: https://cdn.skypack.dev/-/@streamerbot/client@v1.12.2-9BnWw0CDQ2fH1klZ4JSh/dist=es2019,mode=imports/optimized/@streamerbot/client.js (83)
[0708/192808.599:INFO:CONSOLE(176)] "WebSocket connection to 'ws://127.0.0.1:8080/' failed: Error in connection establishment: net::ERR_CONNECTION_REFUSED", source: https://cdn.skypack.dev/-/@streamerbot/client@v1.12.2-9BnWw0CDQ2fH1klZ4JSh/dist=es2019,mode=imports/optimized/@streamerbot/client.js (176)
[0708/192808.599:INFO:CONSOLE(83)] "Failed to reconnect (attempt 66)", source: https://cdn.skypack.dev/-/@streamerbot/client@v1.12.2-9BnWw0CDQ2fH1klZ4JSh/dist=es2019,mode=imports/optimized/@streamerbot/client.js (83)
[0708/192840.639:INFO:CONSOLE(176)] "WebSocket connection to 'ws://127.0.0.1:8080/' failed: Error in connection establishment: net::ERR_CONNECTION_REFUSED", source: https://cdn.skypack.dev/-/@streamerbot/client@v1.12.2-9BnWw0CDQ2fH1klZ4JSh/dist=es2019,mode=imports/optimized/@streamerbot/client.js (176)
[0708/192840.639:INFO:CONSOLE(83)] "Failed to reconnect (attempt 67)", source: https://cdn.skypack.dev/-/@streamerbot/client@v1.12.2-9BnWw0CDQ2fH1klZ4JSh/dist=es2019,mode=imports/optimized/@streamerbot/client.js (83)
[0708/192912.691:INFO:CONSOLE(176)] "WebSocket connection to 'ws://127.0.0.1:8080/' failed: Error in connection establishment: net::ERR_CONNECTION_REFUSED", source: https://cdn.skypack.dev/-/@streamerbot/client@v1.12.2-9BnWw0CDQ2fH1klZ4JSh/dist=es2019,mode=imports/optimized/@streamerbot/client.js (176)
[0708/192912.691:INFO:CONSOLE(83)] "Failed to reconnect (attempt 68)", source: https://cdn.skypack.dev/-/@streamerbot/client@v1.12.2-9BnWw0CDQ2fH1klZ4JSh/dist=es2019,mode=imports/optimized/@streamerbot/client.js (83)
[0708/192944.733:INFO:CONSOLE(176)] "WebSocket connection to 'ws://127.0.0.1:8080/' failed: Error in connection establishment: net::ERR_CONNECTION_REFUSED", source: https://cdn.skypack.dev/-/@streamerbot/client@v1.12.2-9BnWw0CDQ2fH1klZ4JSh/dist=es2019,mode=imports/optimized/@streamerbot/client.js (176)
[0708/192944.733:INFO:CONSOLE(83)] "Failed to reconnect (attempt 69)", source: https://cdn.skypack.dev/-/@streamerbot/client@v1.12.2-9BnWw0CDQ2fH1klZ4JSh/dist=es2019,mode=imports/optimized/@streamerbot/client.js (83)
[0708/193016.775:INFO:CONSOLE(176)] "WebSocket connection to 'ws://127.0.0.1:8080/' failed: Error in connection establishment: net::ERR_CONNECTION_REFUSED", source: https://cdn.skypack.dev/-/@streamerbot/client@v1.12.2-9BnWw0CDQ2fH1klZ4JSh/dist=es2019,mode=imports/optimized/@streamerbot/client.js (176)
[0708/193016.775:INFO:CONSOLE(83)] "Failed to reconnect (attempt 70)", source: https://cdn.skypack.dev/-/@streamerbot/client@v1.12.2-9BnWw0CDQ2fH1klZ4JSh/dist=es2019,mode=imports/optimized/@streamerbot/client.js (83)
[0708/193048.812:INFO:CONSOLE(176)] "WebSocket connection to 'ws://127.0.0.1:8080/' failed: Error in connection establishment: net::ERR_CONNECTION_REFUSED", source: https://cdn.skypack.dev/-/@streamerbot/client@v1.12.2-9BnWw0CDQ2fH1klZ4JSh/dist=es2019,mode=imports/optimized/@streamerbot/client.js (176)
[0708/193048.812:INFO:CONSOLE(83)] "Failed to reconnect (attempt 71)", source: https://cdn.skypack.dev/-/@streamerbot/client@v1.12.2-9BnWw0CDQ2fH1klZ4JSh/dist=es2019,mode=imports/optimized/@streamerbot/client.js (83)
[0708/193120.849:INFO:CONSOLE(176)] "WebSocket connection to 'ws://127.0.0.1:8080/' failed: Error in connection establishment: net::ERR_CONNECTION_REFUSED", source: https://cdn.skypack.dev/-/@streamerbot/client@v1.12.2-9BnWw0CDQ2fH1klZ4JSh/dist=es2019,mode=imports/optimized/@streamerbot/client.js (176)
[0708/193120.849:INFO:CONSOLE(83)] "Failed to reconnect (attempt 72)", source: https://cdn.skypack.dev/-/@streamerbot/client@v1.12.2-9BnWw0CDQ2fH1klZ4JSh/dist=es2019,mode=imports/optimized/@streamerbot/client.js (83)
[0708/193152.890:INFO:CONSOLE(176)] "WebSocket connection to 'ws://127.0.0.1:8080/' failed: Error in connection establishment: net::ERR_CONNECTION_REFUSED", source: https://cdn.skypack.dev/-/@streamerbot/client@v1.12.2-9BnWw0CDQ2fH1klZ4JSh/dist=es2019,mode=imports/optimized/@streamerbot/client.js (176)
[0708/193152.890:INFO:CONSOLE(83)] "Failed to reconnect (attempt 73)", source: https://cdn.skypack.dev/-/@streamerbot/client@v1.12.2-9BnWw0CDQ2fH1klZ4JSh/dist=es2019,mode=imports/optimized/@streamerbot/client.js (83)
[0708/193224.940:INFO:CONSOLE(176)] "WebSocket connection to 'ws://127.0.0.1:8080/' failed: Error in connection establishment: net::ERR_CONNECTION_REFUSED", source: https://cdn.skypack.dev/-/@streamerbot/client@v1.12.2-9BnWw0CDQ2fH1klZ4JSh/dist=es2019,mode=imports/optimized/@streamerbot/client.js (176)
[0708/193224.940:INFO:CONSOLE(83)] "Failed to reconnect (attempt 74)", source: https://cdn.skypack.dev/-/@streamerbot/client@v1.12.2-9BnWw0CDQ2fH1klZ4JSh/dist=es2019,mode=imports/optimized/@streamerbot/client.js (83)
[0708/193256.983:INFO:CONSOLE(176)] "WebSocket connection to 'ws://127.0.0.1:8080/' failed: Error in connection establishment: net::ERR_CONNECTION_REFUSED", source: https://cdn.skypack.dev/-/@streamerbot/client@v1.12.2-9BnWw0CDQ2fH1klZ4JSh/dist=es2019,mode=imports/optimized/@streamerbot/client.js (176)
[0708/193256.983:INFO:CONSOLE(83)] "Failed to reconnect (attempt 75)", source: https://cdn.skypack.dev/-/@streamerbot/client@v1.12.2-9BnWw0CDQ2fH1klZ4JSh/dist=es2019,mode=imports/optimized/@streamerbot/client.js (83)
[0708/193329.034:INFO:CONSOLE(176)] "WebSocket connection to 'ws://127.0.0.1:8080/' failed: Error in connection establishment: net::ERR_CONNECTION_REFUSED", source: https://cdn.skypack.dev/-/@streamerbot/client@v1.12.2-9BnWw0CDQ2fH1klZ4JSh/dist=es2019,mode=imports/optimized/@streamerbot/client.js (176)
[0708/193329.034:INFO:CONSOLE(83)] "Failed to reconnect (attempt 76)", source: https://cdn.skypack.dev/-/@streamerbot/client@v1.12.2-9BnWw0CDQ2fH1klZ4JSh/dist=es2019,mode=imports/optimized/@streamerbot/client.js (83)
[0708/193401.079:INFO:CONSOLE(176)] "WebSocket connection to 'ws://127.0.0.1:8080/' failed: Error in connection establishment: net::ERR_CONNECTION_REFUSED", source: https://cdn.skypack.dev/-/@streamerbot/client@v1.12.2-9BnWw0CDQ2fH1klZ4JSh/dist=es2019,mode=imports/optimized/@streamerbot/client.js (176)
[0708/193401.079:INFO:CONSOLE(83)] "Failed to reconnect (attempt 77)", source: https://cdn.skypack.dev/-/@streamerbot/client@v1.12.2-9BnWw0CDQ2fH1klZ4JSh/dist=es2019,mode=imports/optimized/@streamerbot/client.js (83)
[0708/193433.120:INFO:CONSOLE(176)] "WebSocket connection to 'ws://127.0.0.1:8080/' failed: Error in connection establishment: net::ERR_CONNECTION_REFUSED", source: https://cdn.skypack.dev/-/@streamerbot/client@v1.12.2-9BnWw0CDQ2fH1klZ4JSh/dist=es2019,mode=imports/optimized/@streamerbot/client.js (176)
[0708/193433.120:INFO:CONSOLE(83)] "Failed to reconnect (attempt 78)", source: https://cdn.skypack.dev/-/@streamerbot/client@v1.12.2-9BnWw0CDQ2fH1klZ4JSh/dist=es2019,mode=imports/optimized/@streamerbot/client.js (83)
[0708/193505.159:INFO:CONSOLE(176)] "WebSocket connection to 'ws://127.0.0.1:8080/' failed: Error in connection establishment: net::ERR_CONNECTION_REFUSED", source: https://cdn.skypack.dev/-/@streamerbot/client@v1.12.2-9BnWw0CDQ2fH1klZ4JSh/dist=es2019,mode=imports/optimized/@streamerbot/client.js (176)
[0708/193505.159:INFO:CONSOLE(83)] "Failed to reconnect (attempt 79)", source: https://cdn.skypack.dev/-/@streamerbot/client@v1.12.2-9BnWw0CDQ2fH1klZ4JSh/dist=es2019,mode=imports/optimized/@streamerbot/client.js (83)
[0708/193537.197:INFO:CONSOLE(176)] "WebSocket connection to 'ws://127.0.0.1:8080/' failed: Error in connection establishment: net::ERR_CONNECTION_REFUSED", source: https://cdn.skypack.dev/-/@streamerbot/client@v1.12.2-9BnWw0CDQ2fH1klZ4JSh/dist=es2019,mode=imports/optimized/@streamerbot/client.js (176)
[0708/193537.197:INFO:CONSOLE(83)] "Failed to reconnect (attempt 80)", source: https://cdn.skypack.dev/-/@streamerbot/client@v1.12.2-9BnWw0CDQ2fH1klZ4JSh/dist=es2019,mode=imports/optimized/@streamerbot/client.js (83)
[0708/193609.244:INFO:CONSOLE(176)] "WebSocket connection to 'ws://127.0.0.1:8080/' failed: Error in connection establishment: net::ERR_CONNECTION_REFUSED", source: https://cdn.skypack.dev/-/@streamerbot/client@v1.12.2-9BnWw0CDQ2fH1klZ4JSh/dist=es2019,mode=imports/optimized/@streamerbot/client.js (176)
[0708/193609.244:INFO:CONSOLE(83)] "Failed to reconnect (attempt 81)", source: https://cdn.skypack.dev/-/@streamerbot/client@v1.12.2-9BnWw0CDQ2fH1klZ4JSh/dist=es2019,mode=imports/optimized/@streamerbot/client.js (83)
[0708/193641.294:INFO:CONSOLE(176)] "WebSocket connection to 'ws://127.0.0.1:8080/' failed: Error in connection establishment: net::ERR_CONNECTION_REFUSED", source: https://cdn.skypack.dev/-/@streamerbot/client@v1.12.2-9BnWw0CDQ2fH1klZ4JSh/dist=es2019,mode=imports/optimized/@streamerbot/client.js (176)
[0708/193641.294:INFO:CONSOLE(83)] "Failed to reconnect (attempt 82)", source: https://cdn.skypack.dev/-/@streamerbot/client@v1.12.2-9BnWw0CDQ2fH1klZ4JSh/dist=es2019,mode=imports/optimized/@streamerbot/client.js (83)
[0708/193713.328:INFO:CONSOLE(176)] "WebSocket connection to 'ws://127.0.0.1:8080/' failed: Error in connection establishment: net::ERR_CONNECTION_REFUSED", source: https://cdn.skypack.dev/-/@streamerbot/client@v1.12.2-9BnWw0CDQ2fH1klZ4JSh/dist=es2019,mode=imports/optimized/@streamerbot/client.js (176)
[0708/193713.328:INFO:CONSOLE(83)] "Failed to reconnect (attempt 83)", source: https://cdn.skypack.dev/-/@streamerbot/client@v1.12.2-9BnWw0CDQ2fH1klZ4JSh/dist=es2019,mode=imports/optimized/@streamerbot/client.js (83)
[0708/193745.361:INFO:CONSOLE(176)] "WebSocket connection to 'ws://127.0.0.1:8080/' failed: Error in connection establishment: net::ERR_CONNECTION_REFUSED", source: https://cdn.skypack.dev/-/@streamerbot/client@v1.12.2-9BnWw0CDQ2fH1klZ4JSh/dist=es2019,mode=imports/optimized/@streamerbot/client.js (176)
[0708/193745.361:INFO:CONSOLE(83)] "Failed to reconnect (attempt 84)", source: https://cdn.skypack.dev/-/@streamerbot/client@v1.12.2-9BnWw0CDQ2fH1klZ4JSh/dist=es2019,mode=imports/optimized/@streamerbot/client.js (83)
[0708/193817.414:INFO:CONSOLE(176)] "WebSocket connection to 'ws://127.0.0.1:8080/' failed: Error in connection establishment: net::ERR_CONNECTION_REFUSED", source: https://cdn.skypack.dev/-/@streamerbot/client@v1.12.2-9BnWw0CDQ2fH1klZ4JSh/dist=es2019,mode=imports/optimized/@streamerbot/client.js (176)
[0708/193817.414:INFO:CONSOLE(83)] "Failed to reconnect (attempt 85)", source: https://cdn.skypack.dev/-/@streamerbot/client@v1.12.2-9BnWw0CDQ2fH1klZ4JSh/dist=es2019,mode=imports/optimized/@streamerbot/client.js (83)
[0708/193849.458:INFO:CONSOLE(176)] "WebSocket connection to 'ws://127.0.0.1:8080/' failed: Error in connection establishment: net::ERR_CONNECTION_REFUSED", source: https://cdn.skypack.dev/-/@streamerbot/client@v1.12.2-9BnWw0CDQ2fH1klZ4JSh/dist=es2019,mode=imports/optimized/@streamerbot/client.js (176)
[0708/193849.458:INFO:CONSOLE(83)] "Failed to reconnect (attempt 86)", source: https://cdn.skypack.dev/-/@streamerbot/client@v1.12.2-9BnWw0CDQ2fH1klZ4JSh/dist=es2019,mode=imports/optimized/@streamerbot/client.js (83)
[0708/193921.500:INFO:CONSOLE(176)] "WebSocket connection to 'ws://127.0.0.1:8080/' failed: Error in connection establishment: net::ERR_CONNECTION_REFUSED", source: https://cdn.skypack.dev/-/@streamerbot/client@v1.12.2-9BnWw0CDQ2fH1klZ4JSh/dist=es2019,mode=imports/optimized/@streamerbot/client.js (176)
[0708/193921.500:INFO:CONSOLE(83)] "Failed to reconnect (attempt 87)", source: https://cdn.skypack.dev/-/@streamerbot/client@v1.12.2-9BnWw0CDQ2fH1klZ4JSh/dist=es2019,mode=imports/optimized/@streamerbot/client.js (83)
[0708/193953.549:INFO:CONSOLE(176)] "WebSocket connection to 'ws://127.0.0.1:8080/' failed: Error in connection establishment: net::ERR_CONNECTION_REFUSED", source: https://cdn.skypack.dev/-/@streamerbot/client@v1.12.2-9BnWw0CDQ2fH1klZ4JSh/dist=es2019,mode=imports/optimized/@streamerbot/client.js (176)
[0708/193953.550:INFO:CONSOLE(83)] "Failed to reconnect (attempt 88)", source: https://cdn.skypack.dev/-/@streamerbot/client@v1.12.2-9BnWw0CDQ2fH1klZ4JSh/dist=es2019,mode=imports/optimized/@streamerbot/client.js (83)
[0708/194025.598:INFO:CONSOLE(176)] "WebSocket connection to 'ws://127.0.0.1:8080/' failed: Error in connection establishment: net::ERR_CONNECTION_REFUSED", source: https://cdn.skypack.dev/-/@streamerbot/client@v1.12.2-9BnWw0CDQ2fH1klZ4JSh/dist=es2019,mode=imports/optimized/@streamerbot/client.js (176)
[0708/194025.598:INFO:CONSOLE(83)] "Failed to reconnect (attempt 89)", source: https://cdn.skypack.dev/-/@streamerbot/client@v1.12.2-9BnWw0CDQ2fH1klZ4JSh/dist=es2019,mode=imports/optimized/@streamerbot/client.js (83)
[0708/194057.631:INFO:CONSOLE(176)] "WebSocket connection to 'ws://127.0.0.1:8080/' failed: Error in connection establishment: net::ERR_CONNECTION_REFUSED", source: https://cdn.skypack.dev/-/@streamerbot/client@v1.12.2-9BnWw0CDQ2fH1klZ4JSh/dist=es2019,mode=imports/optimized/@streamerbot/client.js (176)
[0708/194057.631:INFO:CONSOLE(83)] "Failed to reconnect (attempt 90)", source: https://cdn.skypack.dev/-/@streamerbot/client@v1.12.2-9BnWw0CDQ2fH1klZ4JSh/dist=es2019,mode=imports/optimized/@streamerbot/client.js (83)
[0708/194129.674:INFO:CONSOLE(176)] "WebSocket connection to 'ws://127.0.0.1:8080/' failed: Error in connection establishment: net::ERR_CONNECTION_REFUSED", source: https://cdn.skypack.dev/-/@streamerbot/client@v1.12.2-9BnWw0CDQ2fH1klZ4JSh/dist=es2019,mode=imports/optimized/@streamerbot/client.js (176)
[0708/194129.674:INFO:CONSOLE(83)] "Failed to reconnect (attempt 91)", source: https://cdn.skypack.dev/-/@streamerbot/client@v1.12.2-9BnWw0CDQ2fH1klZ4JSh/dist=es2019,mode=imports/optimized/@streamerbot/client.js (83)
[0708/194201.719:INFO:CONSOLE(176)] "WebSocket connection to 'ws://127.0.0.1:8080/' failed: Error in connection establishment: net::ERR_CONNECTION_REFUSED", source: https://cdn.skypack.dev/-/@streamerbot/client@v1.12.2-9BnWw0CDQ2fH1klZ4JSh/dist=es2019,mode=imports/optimized/@streamerbot/client.js (176)
[0708/194201.719:INFO:CONSOLE(83)] "Failed to reconnect (attempt 92)", source: https://cdn.skypack.dev/-/@streamerbot/client@v1.12.2-9BnWw0CDQ2fH1klZ4JSh/dist=es2019,mode=imports/optimized/@streamerbot/client.js (83)
[0708/194233.753:INFO:CONSOLE(176)] "WebSocket connection to 'ws://127.0.0.1:8080/' failed: Error in connection establishment: net::ERR_CONNECTION_REFUSED", source: https://cdn.skypack.dev/-/@streamerbot/client@v1.12.2-9BnWw0CDQ2fH1klZ4JSh/dist=es2019,mode=imports/optimized/@streamerbot/client.js (176)
[0708/194233.753:INFO:CONSOLE(83)] "Failed to reconnect (attempt 93)", source: https://cdn.skypack.dev/-/@streamerbot/client@v1.12.2-9BnWw0CDQ2fH1klZ4JSh/dist=es2019,mode=imports/optimized/@streamerbot/client.js (83)
[0708/194305.795:INFO:CONSOLE(176)] "WebSocket connection to 'ws://127.0.0.1:8080/' failed: Error in connection establishment: net::ERR_CONNECTION_REFUSED", source: https://cdn.skypack.dev/-/@streamerbot/client@v1.12.2-9BnWw0CDQ2fH1klZ4JSh/dist=es2019,mode=imports/optimized/@streamerbot/client.js (176)
[0708/194305.797:INFO:CONSOLE(83)] "Failed to reconnect (attempt 94)", source: https://cdn.skypack.dev/-/@streamerbot/client@v1.12.2-9BnWw0CDQ2fH1klZ4JSh/dist=es2019,mode=imports/optimized/@streamerbot/client.js (83)
[0708/194337.832:INFO:CONSOLE(176)] "WebSocket connection to 'ws://127.0.0.1:8080/' failed: Error in connection establishment: net::ERR_CONNECTION_REFUSED", source: https://cdn.skypack.dev/-/@streamerbot/client@v1.12.2-9BnWw0CDQ2fH1klZ4JSh/dist=es2019,mode=imports/optimized/@streamerbot/client.js (176)
[0708/194337.832:INFO:CONSOLE(83)] "Failed to reconnect (attempt 95)", source: https://cdn.skypack.dev/-/@streamerbot/client@v1.12.2-9BnWw0CDQ2fH1klZ4JSh/dist=es2019,mode=imports/optimized/@streamerbot/client.js (83)
[0708/194413.823:INFO:CONSOLE(57)] "[reward-notifications] script loaded", source: http://localhost:53486/reward-notifications.js (57)
[0708/194413.823:INFO:CONSOLE(84)] "[reward-notifications] listener attached", source: http://localhost:53486/reward-notifications.js (84)
[0708/194916.648:INFO:CONSOLE(729)] "[reward-notifications] event rewardName=Отжимания", source: http://localhost:58564/reward-notifications.js (729)
[0708/194916.648:INFO:CONSOLE(729)] "[reward-notifications] reward matched: Отжимания group: Sport", source: http://localhost:58564/reward-notifications.js (729)
[0708/194916.648:INFO:CONSOLE(729)] "[reward-notifications] selection anchor source=id", source: http://localhost:58564/reward-notifications.js (729)
[0708/194916.648:INFO:CONSOLE(729)] "[reward-notifications] event rewardName=Отжимания", source: http://localhost:53486/reward-notifications.js (729)
[0708/194916.648:INFO:CONSOLE(729)] "[reward-notifications] reward matched: Отжимания group: Sport", source: http://localhost:53486/reward-notifications.js (729)
[0708/194916.649:INFO:CONSOLE(729)] "[reward-notifications] selection anchor source=id", source: http://localhost:53486/reward-notifications.js (729)
[0708/194917.862:INFO:CONSOLE(14)] "emotes: 0", source: http://localhost:53486/emote-rain.js (14)
[0708/194917.862:INFO:CONSOLE(14)] "emotes: 0", source: http://localhost:58564/emote-rain.js (14)
[0708/194928.463:INFO:CONSOLE(14)] "emotes: 2", source: http://localhost:53486/emote-rain.js (14)
[0708/194928.463:INFO:CONSOLE(14)] "emotes: 2", source: http://localhost:58564/emote-rain.js (14)
[0708/194928.463:INFO:CONSOLE(19)] "https://static-cdn.jtvnw.net/emoticons/v2/emotesv2_b18b35b31cb54ce5983631f2958000b5/default/dark/2.0", source: http://localhost:53486/emote-rain.js (19)
[0708/194928.463:INFO:CONSOLE(19)] "https://static-cdn.jtvnw.net/emoticons/v2/emotesv2_b18b35b31cb54ce5983631f2958000b5/default/dark/2.0", source: http://localhost:58564/emote-rain.js (19)
[0708/194928.463:INFO:CONSOLE(19)] "https://static-cdn.jtvnw.net/emoticons/v2/emotesv2_b18b35b31cb54ce5983631f2958000b5/default/dark/2.0", source: http://localhost:53486/emote-rain.js (19)
[0708/194928.463:INFO:CONSOLE(19)] "https://static-cdn.jtvnw.net/emoticons/v2/emotesv2_b18b35b31cb54ce5983631f2958000b5/default/dark/2.0", source: http://localhost:58564/emote-rain.js (19)
[0708/194929.635:INFO:CONSOLE(14)] "emotes: 0", source: http://localhost:53486/emote-rain.js (14)
[0708/194929.635:INFO:CONSOLE(14)] "emotes: 0", source: http://localhost:58564/emote-rain.js (14)
[0708/194931.475:INFO:CONSOLE(729)] "[reward-notifications] event rewardName=Планка", source: http://localhost:53486/reward-notifications.js (729)
[0708/194931.475:INFO:CONSOLE(729)] "[reward-notifications] event rewardName=Планка", source: http://localhost:58564/reward-notifications.js (729)
[0708/194931.475:INFO:CONSOLE(729)] "[reward-notifications] reward matched: Планка group: Sport", source: http://localhost:53486/reward-notifications.js (729)
[0708/194931.475:INFO:CONSOLE(729)] "[reward-notifications] selection anchor source=id", source: http://localhost:53486/reward-notifications.js (729)
[0708/194931.475:INFO:CONSOLE(729)] "[reward-notifications] reward matched: Планка group: Sport", source: http://localhost:58564/reward-notifications.js (729)
[0708/194931.475:INFO:CONSOLE(729)] "[reward-notifications] selection anchor source=id", source: http://localhost:58564/reward-notifications.js (729)
[0708/194937.599:INFO:CONSOLE(729)] "[reward-notifications] event rewardName=Отвлечь стримера", source: http://localhost:53486/reward-notifications.js (729)
[0708/194937.599:INFO:CONSOLE(729)] "[reward-notifications] event rewardName=Отвлечь стримера", source: http://localhost:58564/reward-notifications.js (729)
[0708/194937.599:INFO:CONSOLE(729)] "[reward-notifications] reward matched: Отвлечь стримера group: Distract", source: http://localhost:58564/reward-notifications.js (729)
[0708/194937.599:INFO:CONSOLE(729)] "[reward-notifications] reward matched: Отвлечь стримера group: Distract", source: http://localhost:53486/reward-notifications.js (729)
[0708/194937.599:INFO:CONSOLE(729)] "[reward-notifications] selection anchor source=id", source: http://localhost:53486/reward-notifications.js (729)
[0708/194937.599:INFO:CONSOLE(729)] "[reward-notifications] selection anchor source=id", source: http://localhost:58564/reward-notifications.js (729)
[0708/194937.599:INFO:CONSOLE(729)] "[reward-notifications] video pick index=0 key=Distract|Отвлечь стримера|d0aef9f0-534d-4d32-82f3-6632b34db444", source: http://localhost:58564/reward-notifications.js (729)
[0708/194937.600:INFO:CONSOLE(729)] "[reward-notifications] video pick index=0 key=Distract|Отвлечь стримера|d0aef9f0-534d-4d32-82f3-6632b34db444", source: http://localhost:53486/reward-notifications.js (729)
[0708/194937.655:INFO:CONSOLE(729)] "[reward-notifications] video loaded: mk2_toasty.webm readyState=4", source: http://localhost:53486/reward-notifications.js (729)
[0708/194937.655:INFO:CONSOLE(729)] "[reward-notifications] video can play: mk2_toasty.webm", source: http://localhost:53486/reward-notifications.js (729)
[0708/194937.677:INFO:CONSOLE(729)] "[reward-notifications] video loaded: mk2_toasty.webm readyState=4", source: http://localhost:58564/reward-notifications.js (729)
[0708/194937.678:INFO:CONSOLE(729)] "[reward-notifications] video can play: mk2_toasty.webm", source: http://localhost:58564/reward-notifications.js (729)
[0708/194947.332:INFO:CONSOLE(14)] "emotes: 0", source: http://localhost:53486/emote-rain.js (14)
[0708/194947.332:INFO:CONSOLE(14)] "emotes: 0", source: http://localhost:58564/emote-rain.js (14)
[0708/194949.086:INFO:CONSOLE(729)] "[reward-notifications] event rewardName=Отвлечь стримера", source: http://localhost:53486/reward-notifications.js (729)
[0708/194949.086:INFO:CONSOLE(729)] "[reward-notifications] reward matched: Отвлечь стримера group: Distract", source: http://localhost:53486/reward-notifications.js (729)
[0708/194949.086:INFO:CONSOLE(729)] "[reward-notifications] selection anchor source=id", source: http://localhost:53486/reward-notifications.js (729)
[0708/194949.086:INFO:CONSOLE(729)] "[reward-notifications] video pick index=0 key=Distract|Отвлечь стримера|bc3efcd7-989f-4317-8b01-9e1439b0f80a", source: http://localhost:53486/reward-notifications.js (729)
[0708/194949.086:INFO:CONSOLE(729)] "[reward-notifications] event rewardName=Отвлечь стримера", source: http://localhost:58564/reward-notifications.js (729)
[0708/194949.086:INFO:CONSOLE(729)] "[reward-notifications] reward matched: Отвлечь стримера group: Distract", source: http://localhost:58564/reward-notifications.js (729)
[0708/194949.087:INFO:CONSOLE(729)] "[reward-notifications] selection anchor source=id", source: http://localhost:58564/reward-notifications.js (729)
[0708/194949.087:INFO:CONSOLE(729)] "[reward-notifications] video pick index=0 key=Distract|Отвлечь стримера|bc3efcd7-989f-4317-8b01-9e1439b0f80a", source: http://localhost:58564/reward-notifications.js (729)
[0708/194949.446:INFO:CONSOLE(729)] "[reward-notifications] video loaded: mk2_toasty.webm readyState=4", source: http://localhost:53486/reward-notifications.js (729)
[0708/194949.447:INFO:CONSOLE(729)] "[reward-notifications] video loaded: mk2_toasty.webm readyState=4", source: http://localhost:58564/reward-notifications.js (729)
[0708/194949.447:INFO:CONSOLE(729)] "[reward-notifications] video can play: mk2_toasty.webm", source: http://localhost:53486/reward-notifications.js (729)
[0708/194949.447:INFO:CONSOLE(729)] "[reward-notifications] video can play: mk2_toasty.webm", source: http://localhost:58564/reward-notifications.js (729)
[0708/194956.087:INFO:CONSOLE(729)] "[reward-notifications] event rewardName=Отвлечь стримера", source: http://localhost:53486/reward-notifications.js (729)
[0708/194956.087:INFO:CONSOLE(729)] "[reward-notifications] reward matched: Отвлечь стримера group: Distract", source: http://localhost:53486/reward-notifications.js (729)
[0708/194956.087:INFO:CONSOLE(729)] "[reward-notifications] selection anchor source=id", source: http://localhost:53486/reward-notifications.js (729)
[0708/194956.087:INFO:CONSOLE(729)] "[reward-notifications] event rewardName=Отвлечь стримера", source: http://localhost:58564/reward-notifications.js (729)
[0708/194956.087:INFO:CONSOLE(729)] "[reward-notifications] video pick index=0 key=Distract|Отвлечь стримера|474b69dd-4f57-419a-a5c1-ba0cc9b98dac", source: http://localhost:53486/reward-notifications.js (729)
[0708/194956.087:INFO:CONSOLE(729)] "[reward-notifications] reward matched: Отвлечь стримера group: Distract", source: http://localhost:58564/reward-notifications.js (729)
[0708/194956.087:INFO:CONSOLE(729)] "[reward-notifications] selection anchor source=id", source: http://localhost:58564/reward-notifications.js (729)
[0708/194956.087:INFO:CONSOLE(729)] "[reward-notifications] video pick index=0 key=Distract|Отвлечь стримера|474b69dd-4f57-419a-a5c1-ba0cc9b98dac", source: http://localhost:58564/reward-notifications.js (729)
[0708/194956.153:INFO:CONSOLE(729)] "[reward-notifications] video loaded: mk2_toasty.webm readyState=4", source: http://localhost:58564/reward-notifications.js (729)
[0708/194956.153:INFO:CONSOLE(729)] "[reward-notifications] video loaded: mk2_toasty.webm readyState=4", source: http://localhost:53486/reward-notifications.js (729)
[0708/194956.153:INFO:CONSOLE(729)] "[reward-notifications] video can play: mk2_toasty.webm", source: http://localhost:58564/reward-notifications.js (729)
[0708/194956.153:INFO:CONSOLE(729)] "[reward-notifications] video can play: mk2_toasty.webm", source: http://localhost:53486/reward-notifications.js (729)
[0708/194957.512:INFO:CONSOLE(14)] "emotes: 0", source: http://localhost:53486/emote-rain.js (14)
[0708/194957.515:INFO:CONSOLE(14)] "emotes: 0", source: http://localhost:58564/emote-rain.js (14)
[0708/195006.780:INFO:CONSOLE(14)] "emotes: 0", source: http://localhost:53486/emote-rain.js (14)
[0708/195006.780:INFO:CONSOLE(14)] "emotes: 0", source: http://localhost:58564/emote-rain.js (14)
[0708/195009.940:INFO:CONSOLE(14)] "emotes: 0", source: http://localhost:53486/emote-rain.js (14)
[0708/195009.940:INFO:CONSOLE(14)] "emotes: 0", source: http://localhost:58564/emote-rain.js (14)
[0708/195026.984:INFO:CONSOLE(729)] "[reward-notifications] event rewardName=Посмеяться над смертью", source: http://localhost:53486/reward-notifications.js (729)
[0708/195026.984:INFO:CONSOLE(729)] "[reward-notifications] event rewardName=Посмеяться над смертью", source: http://localhost:58564/reward-notifications.js (729)
[0708/195026.984:INFO:CONSOLE(729)] "[reward-notifications] reward matched: Посмеяться над смертью group: GiggleDeath", source: http://localhost:53486/reward-notifications.js (729)
[0708/195026.984:INFO:CONSOLE(729)] "[reward-notifications] selection anchor source=id", source: http://localhost:53486/reward-notifications.js (729)
[0708/195026.984:INFO:CONSOLE(729)] "[reward-notifications] reward matched: Посмеяться над смертью group: GiggleDeath", source: http://localhost:58564/reward-notifications.js (729)
[0708/195026.986:INFO:CONSOLE(729)] "[reward-notifications] selection anchor source=id", source: http://localhost:58564/reward-notifications.js (729)
[0708/195026.986:INFO:CONSOLE(729)] "[reward-notifications] video pick index=1 key=GiggleDeath|Посмеяться над смертью|bb41a976-8c2e-4773-8bcd-c11913ea053b", source: http://localhost:58564/reward-notifications.js (729)
[0708/195026.987:INFO:CONSOLE(729)] "[reward-notifications] video pick index=1 key=GiggleDeath|Посмеяться над смертью|bb41a976-8c2e-4773-8bcd-c11913ea053b", source: http://localhost:53486/reward-notifications.js (729)
[0708/195027.425:WARNING:angle_platform_impl.cc(52)] compileToBinary(259): 
C:\fakepath(70,9-59): warning X3571: pow(f, e) will not work for negative f, use abs(f) or conditionally handle negative values if you expect them
C:\fakepath(82,10-44): warning X3571: pow(f, e) will not work for negative f, use abs(f) or conditionally handle negative values if you expect them

[0708/195027.429:WARNING:angle_platform_impl.cc(52)] compileToBinary(259): 
C:\fakepath(70,9-59): warning X3571: pow(f, e) will not work for negative f, use abs(f) or conditionally handle negative values if you expect them
C:\fakepath(82,10-44): warning X3571: pow(f, e) will not work for negative f, use abs(f) or conditionally handle negative values if you expect them

[0708/195027.432:INFO:CONSOLE(729)] "[reward-notifications] video loaded: directed.webm readyState=4", source: http://localhost:53486/reward-notifications.js (729)
[0708/195027.432:INFO:CONSOLE(729)] "[reward-notifications] video loaded: directed.webm readyState=4", source: http://localhost:58564/reward-notifications.js (729)
[0708/195027.432:INFO:CONSOLE(729)] "[reward-notifications] video can play: directed.webm", source: http://localhost:53486/reward-notifications.js (729)
[0708/195027.432:INFO:CONSOLE(729)] "[reward-notifications] video can play: directed.webm", source: http://localhost:58564/reward-notifications.js (729)
[0708/195033.279:INFO:CONSOLE(729)] "[reward-notifications] event rewardName=Посмеяться над смертью", source: http://localhost:58564/reward-notifications.js (729)
[0708/195033.279:INFO:CONSOLE(729)] "[reward-notifications] event rewardName=Посмеяться над смертью", source: http://localhost:53486/reward-notifications.js (729)
[0708/195033.279:INFO:CONSOLE(729)] "[reward-notifications] reward matched: Посмеяться над смертью group: GiggleDeath", source: http://localhost:53486/reward-notifications.js (729)
[0708/195033.279:INFO:CONSOLE(729)] "[reward-notifications] reward matched: Посмеяться над смертью group: GiggleDeath", source: http://localhost:58564/reward-notifications.js (729)
[0708/195033.279:INFO:CONSOLE(729)] "[reward-notifications] selection anchor source=id", source: http://localhost:53486/reward-notifications.js (729)
[0708/195033.279:INFO:CONSOLE(729)] "[reward-notifications] selection anchor source=id", source: http://localhost:58564/reward-notifications.js (729)
[0708/195033.279:INFO:CONSOLE(729)] "[reward-notifications] video pick index=1 key=GiggleDeath|Посмеяться над смертью|043bfb60-cd70-4eb6-9516-c08b9a5645c4", source: http://localhost:53486/reward-notifications.js (729)
[0708/195033.279:INFO:CONSOLE(729)] "[reward-notifications] video pick index=1 key=GiggleDeath|Посмеяться над смертью|043bfb60-cd70-4eb6-9516-c08b9a5645c4", source: http://localhost:58564/reward-notifications.js (729)
[0708/195033.318:INFO:CONSOLE(729)] "[reward-notifications] video loaded: directed.webm readyState=4", source: http://localhost:53486/reward-notifications.js (729)
[0708/195033.318:INFO:CONSOLE(729)] "[reward-notifications] video can play: directed.webm", source: http://localhost:53486/reward-notifications.js (729)
[0708/195033.320:INFO:CONSOLE(729)] "[reward-notifications] video loaded: directed.webm readyState=4", source: http://localhost:58564/reward-notifications.js (729)
[0708/195033.321:INFO:CONSOLE(729)] "[reward-notifications] video can play: directed.webm", source: http://localhost:58564/reward-notifications.js (729)
[0708/195042.052:INFO:CONSOLE(14)] "emotes: 0", source: http://localhost:58564/emote-rain.js (14)
[0708/195042.053:INFO:CONSOLE(14)] "emotes: 0", source: http://localhost:53486/emote-rain.js (14)
[0708/195047.516:INFO:CONSOLE(729)] "[reward-notifications] event rewardName=Пресс", source: http://localhost:53486/reward-notifications.js (729)
[0708/195047.516:INFO:CONSOLE(729)] "[reward-notifications] reward matched: Пресс group: Sport", source: http://localhost:53486/reward-notifications.js (729)
[0708/195047.516:INFO:CONSOLE(729)] "[reward-notifications] selection anchor source=id", source: http://localhost:53486/reward-notifications.js (729)
[0708/195047.518:INFO:CONSOLE(729)] "[reward-notifications] event rewardName=Пресс", source: http://localhost:58564/reward-notifications.js (729)
[0708/195047.518:INFO:CONSOLE(729)] "[reward-notifications] reward matched: Пресс group: Sport", source: http://localhost:58564/reward-notifications.js (729)
[0708/195047.518:INFO:CONSOLE(729)] "[reward-notifications] selection anchor source=id", source: http://localhost:58564/reward-notifications.js (729)
[0708/195051.389:INFO:CONSOLE(729)] "[reward-notifications] event rewardName=Приседания", source: http://localhost:58564/reward-notifications.js (729)
[0708/195051.389:INFO:CONSOLE(729)] "[reward-notifications] event rewardName=Приседания", source: http://localhost:53486/reward-notifications.js (729)
[0708/195051.389:INFO:CONSOLE(729)] "[reward-notifications] reward matched: Приседания group: Sport", source: http://localhost:58564/reward-notifications.js (729)
[0708/195051.389:INFO:CONSOLE(729)] "[reward-notifications] selection anchor source=id", source: http://localhost:58564/reward-notifications.js (729)
[0708/195051.389:INFO:CONSOLE(729)] "[reward-notifications] reward matched: Приседания group: Sport", source: http://localhost:53486/reward-notifications.js (729)
[0708/195051.389:INFO:CONSOLE(729)] "[reward-notifications] selection anchor source=id", source: http://localhost:53486/reward-notifications.js (729)
[0708/195055.645:INFO:CONSOLE(729)] "[reward-notifications] event rewardName=Бицепс", source: http://localhost:53486/reward-notifications.js (729)
[0708/195055.645:INFO:CONSOLE(729)] "[reward-notifications] event rewardName=Бицепс", source: http://localhost:58564/reward-notifications.js (729)
[0708/195055.645:INFO:CONSOLE(729)] "[reward-notifications] reward candidates miss for бицепс: Sport=бицес|планка|приседания|отжимания|пресс; Gears=водичка!|ровнее спинку!|запретить действие в игре или irl; GiggleDeath=посмеяться над смертью; Distract=отвлечь стримера", source: http://localhost:58564/reward-notifications.js (729)
[0708/195055.645:INFO:CONSOLE(729)] "[reward-notifications] reward skipped: Бицепс", source: http://localhost:58564/reward-notifications.js (729)
[0708/195055.645:INFO:CONSOLE(729)] "[reward-notifications] reward candidates miss for бицепс: Sport=бицес|планка|приседания|отжимания|пресс; Gears=водичка!|ровнее спинку!|запретить действие в игре или irl; GiggleDeath=посмеяться над смертью; Distract=отвлечь стримера", source: http://localhost:53486/reward-notifications.js (729)
[0708/195055.645:INFO:CONSOLE(729)] "[reward-notifications] reward skipped: Бицепс", source: http://localhost:53486/reward-notifications.js (729)
[0708/195108.735:INFO:CONSOLE(14)] "emotes: 0", source: http://localhost:53486/emote-rain.js (14)
[0708/195108.735:INFO:CONSOLE(14)] "emotes: 0", source: http://localhost:58564/emote-rain.js (14)
[0708/195116.216:INFO:CONSOLE(14)] "emotes: 0", source: http://localhost:53486/emote-rain.js (14)
[0708/195116.217:INFO:CONSOLE(14)] "emotes: 0", source: http://localhost:58564/emote-rain.js (14)
[0708/195118.898:INFO:CONSOLE(14)] "emotes: 0", source: http://localhost:53486/emote-rain.js (14)
[0708/195118.902:INFO:CONSOLE(14)] "emotes: 0", source: http://localhost:58564/emote-rain.js (14)
[0708/195123.620:INFO:CONSOLE(14)] "emotes: 0", source: http://localhost:53486/emote-rain.js (14)
[0708/195123.621:INFO:CONSOLE(14)] "emotes: 0", source: http://localhost:58564/emote-rain.js (14)
[0708/195129.994:INFO:CONSOLE(14)] "emotes: 0", source: http://localhost:53486/emote-rain.js (14)
[0708/195129.994:INFO:CONSOLE(14)] "emotes: 0", source: http://localhost:58564/emote-rain.js (14)
[0708/195145.534:INFO:CONSOLE(14)] "emotes: 0", source: http://localhost:53486/emote-rain.js (14)
[0708/195145.534:INFO:CONSOLE(14)] "emotes: 0", source: http://localhost:58564/emote-rain.js (14)
[0708/195200.816:INFO:CONSOLE(14)] "emotes: 0", source: http://localhost:53486/emote-rain.js (14)
[0708/195200.816:INFO:CONSOLE(14)] "emotes: 0", source: http://localhost:58564/emote-rain.js (14)
[0708/195208.394:INFO:CONSOLE(14)] "emotes: 0", source: http://localhost:58564/emote-rain.js (14)
[0708/195208.394:INFO:CONSOLE(14)] "emotes: 0", source: http://localhost:53486/emote-rain.js (14)
[0708/195215.424:INFO:CONSOLE(14)] "emotes: 0", source: http://localhost:53486/emote-rain.js (14)
[0708/195215.424:INFO:CONSOLE(14)] "emotes: 0", source: http://localhost:58564/emote-rain.js (14)
[0708/195220.160:INFO:CONSOLE(14)] "emotes: 0", source: http://localhost:58564/emote-rain.js (14)
[0708/195220.161:INFO:CONSOLE(14)] "emotes: 0", source: http://localhost:53486/emote-rain.js (14)
[0708/195419.230:INFO:CONSOLE(14)] "emotes: 0", source: http://localhost:53486/emote-rain.js (14)
[0708/195419.231:INFO:CONSOLE(14)] "emotes: 0", source: http://localhost:58564/emote-rain.js (14)
[0708/195518.818:INFO:CONSOLE(14)] "emotes: 0", source: http://localhost:53486/emote-rain.js (14)
[0708/195518.818:INFO:CONSOLE(14)] "emotes: 0", source: http://localhost:58564/emote-rain.js (14)
[0708/195532.542:INFO:CONSOLE(14)] "emotes: 0", source: http://localhost:53486/emote-rain.js (14)
[0708/195532.542:INFO:CONSOLE(14)] "emotes: 0", source: http://localhost:58564/emote-rain.js (14)
[0708/195617.066:INFO:CONSOLE(14)] "emotes: 0", source: http://localhost:53486/emote-rain.js (14)
[0708/195617.066:INFO:CONSOLE(14)] "emotes: 0", source: http://localhost:58564/emote-rain.js (14)
[0708/195620.963:INFO:CONSOLE(14)] "emotes: 1", source: http://localhost:53486/emote-rain.js (14)
[0708/195620.963:INFO:CONSOLE(14)] "emotes: 1", source: http://localhost:58564/emote-rain.js (14)
[0708/195620.963:INFO:CONSOLE(19)] "https://static-cdn.jtvnw.net/emoticons/v2/emotesv2_851f3e8feca745ee9964e1f1a1f17a63/default/dark/2.0", source: http://localhost:53486/emote-rain.js (19)
[0708/195620.963:INFO:CONSOLE(19)] "https://static-cdn.jtvnw.net/emoticons/v2/emotesv2_851f3e8feca745ee9964e1f1a1f17a63/default/dark/2.0", source: http://localhost:58564/emote-rain.js (19)
[0708/195625.240:INFO:CONSOLE(14)] "emotes: 0", source: http://localhost:53486/emote-rain.js (14)
[0708/195625.241:INFO:CONSOLE(14)] "emotes: 0", source: http://localhost:58564/emote-rain.js (14)
[0708/195635.866:INFO:CONSOLE(14)] "emotes: 0", source: http://localhost:53486/emote-rain.js (14)
[0708/195635.866:INFO:CONSOLE(14)] "emotes: 0", source: http://localhost:58564/emote-rain.js (14)
[0708/195637.076:INFO:CONSOLE(14)] "emotes: 0", source: http://localhost:53486/emote-rain.js (14)
[0708/195637.076:INFO:CONSOLE(14)] "emotes: 0", source: http://localhost:58564/emote-rain.js (14)
[0708/195641.000:INFO:CONSOLE(14)] "emotes: 1", source: http://localhost:53486/emote-rain.js (14)
[0708/195641.000:INFO:CONSOLE(19)] "https://static-cdn.jtvnw.net/emoticons/v2/emotesv2_adab3ac82fa84ca7b2f1c2614cfc5e5c/default/dark/2.0", source: http://localhost:53486/emote-rain.js (19)
[0708/195641.004:INFO:CONSOLE(14)] "emotes: 1", source: http://localhost:58564/emote-rain.js (14)
[0708/195641.004:INFO:CONSOLE(19)] "https://static-cdn.jtvnw.net/emoticons/v2/emotesv2_adab3ac82fa84ca7b2f1c2614cfc5e5c/default/dark/2.0", source: http://localhost:58564/emote-rain.js (19)
[0708/195650.122:INFO:CONSOLE(14)] "emotes: 0", source: http://localhost:53486/emote-rain.js (14)
[0708/195650.122:INFO:CONSOLE(14)] "emotes: 0", source: http://localhost:58564/emote-rain.js (14)
[0708/195653.825:INFO:CONSOLE(14)] "emotes: 0", source: http://localhost:53486/emote-rain.js (14)
[0708/195653.825:INFO:CONSOLE(14)] "emotes: 0", source: http://localhost:58564/emote-rain.js (14)
[0708/195706.443:INFO:CONSOLE(14)] "emotes: 0", source: http://localhost:53486/emote-rain.js (14)
[0708/195706.443:INFO:CONSOLE(14)] "emotes: 0", source: http://localhost:58564/emote-rain.js (14)
[0708/195734.471:INFO:CONSOLE(14)] "emotes: 0", source: http://localhost:58564/emote-rain.js (14)
[0708/195734.471:INFO:CONSOLE(14)] "emotes: 0", source: http://localhost:53486/emote-rain.js (14)
[0708/195745.298:INFO:CONSOLE(14)] "emotes: 0", source: http://localhost:53486/emote-rain.js (14)
[0708/195745.298:INFO:CONSOLE(14)] "emotes: 0", source: http://localhost:58564/emote-rain.js (14)
[0708/195804.598:INFO:CONSOLE(14)] "emotes: 0", source: http://localhost:53486/emote-rain.js (14)
[0708/195804.598:INFO:CONSOLE(14)] "emotes: 0", source: http://localhost:58564/emote-rain.js (14)
[0708/195952.852:INFO:CONSOLE(14)] "emotes: 0", source: http://localhost:53486/emote-rain.js (14)
[0708/195952.852:INFO:CONSOLE(14)] "emotes: 0", source: http://localhost:58564/emote-rain.js (14)
[0708/200000.166:INFO:CONSOLE(14)] "emotes: 0", source: http://localhost:53486/emote-rain.js (14)
[0708/200000.166:INFO:CONSOLE(14)] "emotes: 0", source: http://localhost:58564/emote-rain.js (14)
[0708/200053.928:INFO:CONSOLE(729)] "[reward-notifications] event rewardName=Посмеяться над смертью", source: http://localhost:58564/reward-notifications.js (729)
[0708/200053.928:INFO:CONSOLE(729)] "[reward-notifications] event rewardName=Посмеяться над смертью", source: http://localhost:53486/reward-notifications.js (729)
[0708/200053.928:INFO:CONSOLE(729)] "[reward-notifications] reward matched: Посмеяться над смертью group: GiggleDeath", source: http://localhost:58564/reward-notifications.js (729)
[0708/200053.928:INFO:CONSOLE(729)] "[reward-notifications] reward matched: Посмеяться над смертью group: GiggleDeath", source: http://localhost:53486/reward-notifications.js (729)
[0708/200053.928:INFO:CONSOLE(729)] "[reward-notifications] selection anchor source=id", source: http://localhost:58564/reward-notifications.js (729)
[0708/200053.928:INFO:CONSOLE(729)] "[reward-notifications] selection anchor source=id", source: http://localhost:53486/reward-notifications.js (729)
[0708/200053.928:INFO:CONSOLE(729)] "[reward-notifications] video pick index=6 key=GiggleDeath|Посмеяться над смертью|e71153b0-8d1a-4a4f-b103-a0301287569f", source: http://localhost:58564/reward-notifications.js (729)
[0708/200053.928:INFO:CONSOLE(729)] "[reward-notifications] video pick index=6 key=GiggleDeath|Посмеяться над смертью|e71153b0-8d1a-4a4f-b103-a0301287569f", source: http://localhost:53486/reward-notifications.js (729)
[0708/200054.286:INFO:CONSOLE(729)] "[reward-notifications] video loaded: skyrim_awake.webm readyState=4", source: http://localhost:58564/reward-notifications.js (729)
[0708/200054.287:INFO:CONSOLE(729)] "[reward-notifications] video can play: skyrim_awake.webm", source: http://localhost:58564/reward-notifications.js (729)
[0708/200054.295:INFO:CONSOLE(729)] "[reward-notifications] video loaded: skyrim_awake.webm readyState=4", source: http://localhost:53486/reward-notifications.js (729)
[0708/200054.296:INFO:CONSOLE(729)] "[reward-notifications] video can play: skyrim_awake.webm", source: http://localhost:53486/reward-notifications.js (729)
[0708/200054.468:INFO:CONSOLE(14)] "emotes: 0", source: http://localhost:58564/emote-rain.js (14)
[0708/200054.470:INFO:CONSOLE(14)] "emotes: 0", source: http://localhost:53486/emote-rain.js (14)
[0708/200121.378:INFO:CONSOLE(14)] "emotes: 0", source: http://localhost:53486/emote-rain.js (14)
[0708/200121.380:INFO:CONSOLE(14)] "emotes: 0", source: http://localhost:58564/emote-rain.js (14)
[0708/200130.927:INFO:CONSOLE(14)] "emotes: 0", source: http://localhost:53486/emote-rain.js (14)
[0708/200130.928:INFO:CONSOLE(14)] "emotes: 0", source: http://localhost:58564/emote-rain.js (14)
[0708/200143.345:INFO:CONSOLE(14)] "emotes: 0", source: http://localhost:53486/emote-rain.js (14)
[0708/200143.345:INFO:CONSOLE(14)] "emotes: 0", source: http://localhost:58564/emote-rain.js (14)
[0708/200253.331:INFO:CONSOLE(14)] "emotes: 0", source: http://localhost:53486/emote-rain.js (14)
[0708/200253.331:INFO:CONSOLE(14)] "emotes: 0", source: http://localhost:58564/emote-rain.js (14)
[0708/200306.027:INFO:CONSOLE(14)] "emotes: 0", source: http://localhost:58564/emote-rain.js (14)
[0708/200306.027:INFO:CONSOLE(14)] "emotes: 0", source: http://localhost:53486/emote-rain.js (14)
[0708/200335.602:INFO:CONSOLE(14)] "emotes: 0", source: http://localhost:53486/emote-rain.js (14)
[0708/200335.604:INFO:CONSOLE(14)] "emotes: 0", source: http://localhost:58564/emote-rain.js (14)
[0708/200342.298:INFO:CONSOLE(14)] "emotes: 0", source: http://localhost:53486/emote-rain.js (14)
[0708/200342.299:INFO:CONSOLE(14)] "emotes: 0", source: http://localhost:58564/emote-rain.js (14)
[0708/200350.685:INFO:CONSOLE(14)] "emotes: 0", source: http://localhost:53486/emote-rain.js (14)
[0708/200350.685:INFO:CONSOLE(14)] "emotes: 0", source: http://localhost:58564/emote-rain.js (14)
[0708/200419.281:INFO:CONSOLE(14)] "emotes: 0", source: http://localhost:53486/emote-rain.js (14)
[0708/200419.281:INFO:CONSOLE(14)] "emotes: 0", source: http://localhost:58564/emote-rain.js (14)
[0708/200426.317:INFO:CONSOLE(14)] "emotes: 0", source: http://localhost:58564/emote-rain.js (14)
[0708/200426.317:INFO:CONSOLE(14)] "emotes: 0", source: http://localhost:53486/emote-rain.js (14)
[0708/200658.459:INFO:CONSOLE(729)] "[reward-notifications] event rewardName=Отвлечь стримера", source: http://localhost:53486/reward-notifications.js (729)
[0708/200658.461:INFO:CONSOLE(729)] "[reward-notifications] reward matched: Отвлечь стримера group: Distract", source: http://localhost:53486/reward-notifications.js (729)
[0708/200658.461:INFO:CONSOLE(729)] "[reward-notifications] selection anchor source=id", source: http://localhost:53486/reward-notifications.js (729)
[0708/200658.461:INFO:CONSOLE(729)] "[reward-notifications] video pick index=0 key=Distract|Отвлечь стримера|4f84df8c-badd-4dfb-a86b-daf578433de6", source: http://localhost:53486/reward-notifications.js (729)
[0708/200658.461:INFO:CONSOLE(729)] "[reward-notifications] event rewardName=Отвлечь стримера", source: http://localhost:58564/reward-notifications.js (729)
[0708/200658.461:INFO:CONSOLE(729)] "[reward-notifications] reward matched: Отвлечь стримера group: Distract", source: http://localhost:58564/reward-notifications.js (729)
[0708/200658.461:INFO:CONSOLE(729)] "[reward-notifications] selection anchor source=id", source: http://localhost:58564/reward-notifications.js (729)
[0708/200658.461:INFO:CONSOLE(729)] "[reward-notifications] video pick index=0 key=Distract|Отвлечь стримера|4f84df8c-badd-4dfb-a86b-daf578433de6", source: http://localhost:58564/reward-notifications.js (729)
[0708/200658.817:INFO:CONSOLE(729)] "[reward-notifications] video loaded: mk2_toasty.webm readyState=4", source: http://localhost:58564/reward-notifications.js (729)
[0708/200658.817:INFO:CONSOLE(729)] "[reward-notifications] video can play: mk2_toasty.webm", source: http://localhost:58564/reward-notifications.js (729)
[0708/200658.818:INFO:CONSOLE(729)] "[reward-notifications] video loaded: mk2_toasty.webm readyState=4", source: http://localhost:53486/reward-notifications.js (729)
[0708/200658.818:INFO:CONSOLE(729)] "[reward-notifications] video can play: mk2_toasty.webm", source: http://localhost:53486/reward-notifications.js (729)
[0708/200857.301:INFO:CONSOLE(14)] "emotes: 0", source: http://localhost:58564/emote-rain.js (14)
[0708/200857.301:INFO:CONSOLE(14)] "emotes: 0", source: http://localhost:53486/emote-rain.js (14)
[0708/201909.220:INFO:CONSOLE(14)] "emotes: 0", source: http://localhost:53486/emote-rain.js (14)
[0708/201909.221:INFO:CONSOLE(14)] "emotes: 0", source: http://localhost:58564/emote-rain.js (14)
[0708/203256.397:INFO:CONSOLE(14)] "emotes: 0", source: http://localhost:53486/emote-rain.js (14)
[0708/203256.397:INFO:CONSOLE(14)] "emotes: 0", source: http://localhost:58564/emote-rain.js (14)
[0708/203316.265:INFO:CONSOLE(14)] "emotes: 0", source: http://localhost:53486/emote-rain.js (14)
[0708/203316.265:INFO:CONSOLE(14)] "emotes: 0", source: http://localhost:58564/emote-rain.js (14)
[0708/203320.973:INFO:CONSOLE(14)] "emotes: 0", source: http://localhost:53486/emote-rain.js (14)
[0708/203320.973:INFO:CONSOLE(14)] "emotes: 0", source: http://localhost:58564/emote-rain.js (14)
[0708/203628.236:INFO:CONSOLE(729)] "[reward-notifications] event rewardName=Заказ песни", source: http://localhost:53486/reward-notifications.js (729)
[0708/203628.236:INFO:CONSOLE(729)] "[reward-notifications] reward candidates miss for заказ песни: Sport=бицес|планка|приседания|отжимания|пресс; Gears=водичка!|ровнее спинку!|запретить действие в игре или irl; GiggleDeath=посмеяться над смертью; Distract=отвлечь стримера", source: http://localhost:53486/reward-notifications.js (729)
[0708/203628.237:INFO:CONSOLE(729)] "[reward-notifications] reward skipped: Заказ песни", source: http://localhost:53486/reward-notifications.js (729)
[0708/203628.237:INFO:CONSOLE(729)] "[reward-notifications] event rewardName=Заказ песни", source: http://localhost:58564/reward-notifications.js (729)
[0708/203628.237:INFO:CONSOLE(729)] "[reward-notifications] reward candidates miss for заказ песни: Sport=бицес|планка|приседания|отжимания|пресс; Gears=водичка!|ровнее спинку!|запретить действие в игре или irl; GiggleDeath=посмеяться над смертью; Distract=отвлечь стримера", source: http://localhost:58564/reward-notifications.js (729)
[0708/203628.237:INFO:CONSOLE(729)] "[reward-notifications] reward skipped: Заказ песни", source: http://localhost:58564/reward-notifications.js (729)
[0708/204743.927:INFO:CONSOLE(729)] "[reward-notifications] event rewardName=Отвлечь стримера", source: http://localhost:53486/reward-notifications.js (729)
[0708/204743.927:INFO:CONSOLE(729)] "[reward-notifications] event rewardName=Отвлечь стримера", source: http://localhost:58564/reward-notifications.js (729)
[0708/204743.927:INFO:CONSOLE(729)] "[reward-notifications] reward matched: Отвлечь стримера group: Distract", source: http://localhost:58564/reward-notifications.js (729)
[0708/204743.927:INFO:CONSOLE(729)] "[reward-notifications] reward matched: Отвлечь стримера group: Distract", source: http://localhost:53486/reward-notifications.js (729)
[0708/204743.927:INFO:CONSOLE(729)] "[reward-notifications] selection anchor source=id", source: http://localhost:58564/reward-notifications.js (729)
[0708/204743.927:INFO:CONSOLE(729)] "[reward-notifications] selection anchor source=id", source: http://localhost:53486/reward-notifications.js (729)
[0708/204743.927:INFO:CONSOLE(729)] "[reward-notifications] video pick index=0 key=Distract|Отвлечь стримера|238cca68-3274-4aed-929b-3901b20f6c4c", source: http://localhost:58564/reward-notifications.js (729)
[0708/204743.929:INFO:CONSOLE(729)] "[reward-notifications] video pick index=0 key=Distract|Отвлечь стримера|238cca68-3274-4aed-929b-3901b20f6c4c", source: http://localhost:53486/reward-notifications.js (729)
[0708/204744.289:INFO:CONSOLE(729)] "[reward-notifications] video loaded: mk2_toasty.webm readyState=4", source: http://localhost:53486/reward-notifications.js (729)
[0708/204744.290:INFO:CONSOLE(729)] "[reward-notifications] video can play: mk2_toasty.webm", source: http://localhost:53486/reward-notifications.js (729)
[0708/204744.304:INFO:CONSOLE(729)] "[reward-notifications] video loaded: mk2_toasty.webm readyState=4", source: http://localhost:58564/reward-notifications.js (729)
[0708/204744.305:INFO:CONSOLE(729)] "[reward-notifications] video can play: mk2_toasty.webm", source: http://localhost:58564/reward-notifications.js (729)
[0708/212143.380:INFO:CONSOLE(176)] "WebSocket connection to 'ws://127.0.0.1:8080/' failed: Error in connection establishment: net::ERR_CONNECTION_REFUSED", source: https://cdn.skypack.dev/-/@streamerbot/client@v1.12.2-9BnWw0CDQ2fH1klZ4JSh/dist=es2019,mode=imports/optimized/@streamerbot/client.js (176)
[0708/212143.380:INFO:CONSOLE(176)] "WebSocket connection to 'ws://127.0.0.1:8080/' failed: Error in connection establishment: net::ERR_CONNECTION_REFUSED", source: https://cdn.skypack.dev/-/@streamerbot/client@v1.12.2-9BnWw0CDQ2fH1klZ4JSh/dist=es2019,mode=imports/optimized/@streamerbot/client.js (176)
[0708/212143.380:INFO:CONSOLE(83)] "Failed to reconnect (attempt 1)", source: https://cdn.skypack.dev/-/@streamerbot/client@v1.12.2-9BnWw0CDQ2fH1klZ4JSh/dist=es2019,mode=imports/optimized/@streamerbot/client.js (83)
[0708/212143.380:INFO:CONSOLE(83)] "Failed to reconnect (attempt 1)", source: https://cdn.skypack.dev/-/@streamerbot/client@v1.12.2-9BnWw0CDQ2fH1klZ4JSh/dist=es2019,mode=imports/optimized/@streamerbot/client.js (83)
[0708/212147.419:INFO:CONSOLE(176)] "WebSocket connection to 'ws://127.0.0.1:8080/' failed: Error in connection establishment: net::ERR_CONNECTION_REFUSED", source: https://cdn.skypack.dev/-/@streamerbot/client@v1.12.2-9BnWw0CDQ2fH1klZ4JSh/dist=es2019,mode=imports/optimized/@streamerbot/client.js (176)
[0708/212147.419:INFO:CONSOLE(83)] "Failed to reconnect (attempt 2)", source: https://cdn.skypack.dev/-/@streamerbot/client@v1.12.2-9BnWw0CDQ2fH1klZ4JSh/dist=es2019,mode=imports/optimized/@streamerbot/client.js (83)
[0708/212151.079:ERROR:browser_process_sub_thread.cc(221)] Waited 14 ms for network service
[0709/003541.593:INFO:CONSOLE(57)] "[reward-notifications] script loaded", source: http://localhost:56475/reward-notifications.js (57)
[0709/003541.594:INFO:CONSOLE(84)] "[reward-notifications] listener attached", source: http://localhost:56475/reward-notifications.js (84)
[0709/003559.780:ERROR:browser_process_sub_thread.cc(221)] Waited 16 ms for network service
[0709/010929.744:INFO:CONSOLE(57)] "[reward-notifications] script loaded", source: http://localhost:64897/reward-notifications.js (57)
[0709/010929.744:INFO:CONSOLE(84)] "[reward-notifications] listener attached", source: http://localhost:64897/reward-notifications.js (84)
[0709/010939.549:INFO:CONSOLE(729)] "[reward-notifications] event rewardName=Отвлечь стримера", source: http://localhost:64897/reward-notifications.js (729)
[0709/010939.550:INFO:CONSOLE(729)] "[reward-notifications] reward matched: Отвлечь стримера group: Distract", source: http://localhost:64897/reward-notifications.js (729)
[0709/010939.551:INFO:CONSOLE(729)] "[reward-notifications] selection anchor source=id", source: http://localhost:64897/reward-notifications.js (729)
[0709/010939.555:INFO:CONSOLE(729)] "[reward-notifications] video pick index=3 key=Distract|Отвлечь стримера|0c4c164f-6904-4dbf-bf48-aaec2f80f8b7", source: http://localhost:64897/reward-notifications.js (729)
[0709/010939.981:INFO:CONSOLE(729)] "[reward-notifications] video loaded: here_we_go_again.webm readyState=4", source: http://localhost:64897/reward-notifications.js (729)
[0709/010939.981:INFO:CONSOLE(729)] "[reward-notifications] video can play: here_we_go_again.webm", source: http://localhost:64897/reward-notifications.js (729)
[0709/010948.018:INFO:CONSOLE(729)] "[reward-notifications] event rewardName=Отвлечь стримера", source: http://localhost:64897/reward-notifications.js (729)
[0709/010948.018:INFO:CONSOLE(729)] "[reward-notifications] reward matched: Отвлечь стримера group: Distract", source: http://localhost:64897/reward-notifications.js (729)
[0709/010948.018:INFO:CONSOLE(729)] "[reward-notifications] selection anchor source=id", source: http://localhost:64897/reward-notifications.js (729)
[0709/010948.018:INFO:CONSOLE(729)] "[reward-notifications] video pick index=4 key=Distract|Отвлечь стримера|044a3fee-64f5-4a9b-a933-16772b95bd06", source: http://localhost:64897/reward-notifications.js (729)
[0709/010948.062:INFO:CONSOLE(729)] "[reward-notifications] video loaded: xp_error.webm readyState=4", source: http://localhost:64897/reward-notifications.js (729)
[0709/010948.062:INFO:CONSOLE(729)] "[reward-notifications] video can play: xp_error.webm", source: http://localhost:64897/reward-notifications.js (729)
[0709/011000.081:INFO:CONSOLE(729)] "[reward-notifications] event rewardName=Отвлечь стримера", source: http://localhost:64897/reward-notifications.js (729)
[0709/011000.082:INFO:CONSOLE(729)] "[reward-notifications] reward matched: Отвлечь стримера group: Distract", source: http://localhost:64897/reward-notifications.js (729)
[0709/011000.082:INFO:CONSOLE(729)] "[reward-notifications] selection anchor source=id", source: http://localhost:64897/reward-notifications.js (729)
[0709/011000.082:INFO:CONSOLE(729)] "[reward-notifications] video pick index=1 key=Distract|Отвлечь стримера|bf09a26a-0c44-4149-9c60-568305e89341", source: http://localhost:64897/reward-notifications.js (729)
[0709/011000.424:INFO:CONSOLE(729)] "[reward-notifications] video loaded: BSOD.webm readyState=4", source: http://localhost:64897/reward-notifications.js (729)
[0709/011000.424:INFO:CONSOLE(729)] "[reward-notifications] video can play: BSOD.webm", source: http://localhost:64897/reward-notifications.js (729)
[0709/011013.442:INFO:CONSOLE(729)] "[reward-notifications] event rewardName=Отвлечь стримера", source: http://localhost:64897/reward-notifications.js (729)
[0709/011013.442:INFO:CONSOLE(729)] "[reward-notifications] reward matched: Отвлечь стримера group: Distract", source: http://localhost:64897/reward-notifications.js (729)
[0709/011013.442:INFO:CONSOLE(729)] "[reward-notifications] selection anchor source=id", source: http://localhost:64897/reward-notifications.js (729)
[0709/011013.442:INFO:CONSOLE(729)] "[reward-notifications] video pick index=3 key=Distract|Отвлечь стримера|2919f958-f39b-4b5d-a2c5-f34e6108a3c2", source: http://localhost:64897/reward-notifications.js (729)
[0709/011013.789:INFO:CONSOLE(729)] "[reward-notifications] video loaded: here_we_go_again.webm readyState=4", source: http://localhost:64897/reward-notifications.js (729)
[0709/011013.789:INFO:CONSOLE(729)] "[reward-notifications] video can play: here_we_go_again.webm", source: http://localhost:64897/reward-notifications.js (729)
[0709/011017.888:INFO:CONSOLE(729)] "[reward-notifications] event rewardName=Отвлечь стримера", source: http://localhost:64897/reward-notifications.js (729)
[0709/011017.888:INFO:CONSOLE(729)] "[reward-notifications] reward matched: Отвлечь стримера group: Distract", source: http://localhost:64897/reward-notifications.js (729)
[0709/011017.888:INFO:CONSOLE(729)] "[reward-notifications] selection anchor source=id", source: http://localhost:64897/reward-notifications.js (729)
[0709/011017.888:INFO:CONSOLE(729)] "[reward-notifications] video pick index=1 key=Distract|Отвлечь стримера|9ec6c148-e146-4a84-9aca-f60950f34046", source: http://localhost:64897/reward-notifications.js (729)
[0709/011017.933:INFO:CONSOLE(729)] "[reward-notifications] video loaded: BSOD.webm readyState=4", source: http://localhost:64897/reward-notifications.js (729)
[0709/011017.935:INFO:CONSOLE(729)] "[reward-notifications] video can play: BSOD.webm", source: http://localhost:64897/reward-notifications.js (729)
[0709/011021.899:INFO:CONSOLE(729)] "[reward-notifications] event rewardName=Отвлечь стримера", source: http://localhost:64897/reward-notifications.js (729)
[0709/011021.899:INFO:CONSOLE(729)] "[reward-notifications] reward matched: Отвлечь стримера group: Distract", source: http://localhost:64897/reward-notifications.js (729)
[0709/011021.900:INFO:CONSOLE(729)] "[reward-notifications] selection anchor source=id", source: http://localhost:64897/reward-notifications.js (729)
[0709/011021.900:INFO:CONSOLE(729)] "[reward-notifications] video pick index=3 key=Distract|Отвлечь стримера|4e1b6523-3195-49e3-af2c-54faba6c698c", source: http://localhost:64897/reward-notifications.js (729)
[0709/011022.254:INFO:CONSOLE(729)] "[reward-notifications] video loaded: here_we_go_again.webm readyState=4", source: http://localhost:64897/reward-notifications.js (729)
[0709/011022.254:INFO:CONSOLE(729)] "[reward-notifications] video can play: here_we_go_again.webm", source: http://localhost:64897/reward-notifications.js (729)
[0709/011029.019:INFO:CONSOLE(729)] "[reward-notifications] event rewardName=Отвлечь стримера", source: http://localhost:64897/reward-notifications.js (729)
[0709/011029.019:INFO:CONSOLE(729)] "[reward-notifications] reward matched: Отвлечь стримера group: Distract", source: http://localhost:64897/reward-notifications.js (729)
[0709/011029.019:INFO:CONSOLE(729)] "[reward-notifications] selection anchor source=id", source: http://localhost:64897/reward-notifications.js (729)
[0709/011029.019:INFO:CONSOLE(729)] "[reward-notifications] video pick index=2 key=Distract|Отвлечь стримера|75d62c7d-90c4-4693-afa3-b786373fff3d", source: http://localhost:64897/reward-notifications.js (729)
[0709/011029.068:INFO:CONSOLE(729)] "[reward-notifications] video loaded: time_to_stop.webm readyState=4", source: http://localhost:64897/reward-notifications.js (729)
[0709/011029.068:INFO:CONSOLE(729)] "[reward-notifications] video can play: time_to_stop.webm", source: http://localhost:64897/reward-notifications.js (729)
[0709/011048.587:INFO:CONSOLE(729)] "[reward-notifications] event rewardName=Отвлечь стримера", source: http://localhost:64897/reward-notifications.js (729)
[0709/011048.587:INFO:CONSOLE(729)] "[reward-notifications] reward matched: Отвлечь стримера group: Distract", source: http://localhost:64897/reward-notifications.js (729)
[0709/011048.587:INFO:CONSOLE(729)] "[reward-notifications] selection anchor source=id", source: http://localhost:64897/reward-notifications.js (729)
[0709/011048.588:INFO:CONSOLE(729)] "[reward-notifications] video pick index=5 key=Distract|Отвлечь стримера|84f21457-fae2-4019-90fd-c424d707116d", source: http://localhost:64897/reward-notifications.js (729)
[0709/011048.944:INFO:CONSOLE(729)] "[reward-notifications] video loaded: spongebob_a_few_moments_later.webm readyState=4", source: http://localhost:64897/reward-notifications.js (729)
[0709/011048.944:INFO:CONSOLE(729)] "[reward-notifications] video can play: spongebob_a_few_moments_later.webm", source: http://localhost:64897/reward-notifications.js (729)
[0709/011053.898:INFO:CONSOLE(729)] "[reward-notifications] event rewardName=Отвлечь стримера", source: http://localhost:64897/reward-notifications.js (729)
[0709/011053.899:INFO:CONSOLE(729)] "[reward-notifications] reward matched: Отвлечь стримера group: Distract", source: http://localhost:64897/reward-notifications.js (729)
[0709/011053.899:INFO:CONSOLE(729)] "[reward-notifications] selection anchor source=id", source: http://localhost:64897/reward-notifications.js (729)
[0709/011053.899:INFO:CONSOLE(729)] "[reward-notifications] video pick index=0 key=Distract|Отвлечь стримера|39c39aa9-f0de-4f3a-b4d2-d75533d16df5", source: http://localhost:64897/reward-notifications.js (729)
[0709/011053.935:INFO:CONSOLE(729)] "[reward-notifications] video loaded: mk2_toasty.webm readyState=4", source: http://localhost:64897/reward-notifications.js (729)
[0709/011053.937:INFO:CONSOLE(729)] "[reward-notifications] video can play: mk2_toasty.webm", source: http://localhost:64897/reward-notifications.js (729)
[0709/011058.839:INFO:CONSOLE(729)] "[reward-notifications] event rewardName=Отвлечь стримера", source: http://localhost:64897/reward-notifications.js (729)
[0709/011058.839:INFO:CONSOLE(729)] "[reward-notifications] reward matched: Отвлечь стримера group: Distract", source: http://localhost:64897/reward-notifications.js (729)
[0709/011058.839:INFO:CONSOLE(729)] "[reward-notifications] selection anchor source=id", source: http://localhost:64897/reward-notifications.js (729)
[0709/011058.839:INFO:CONSOLE(729)] "[reward-notifications] video pick index=4 key=Distract|Отвлечь стримера|69984f52-9c4f-412d-9974-1e65782c1aff", source: http://localhost:64897/reward-notifications.js (729)
[0709/011059.163:INFO:CONSOLE(729)] "[reward-notifications] video loaded: xp_error.webm readyState=4", source: http://localhost:64897/reward-notifications.js (729)
[0709/011059.163:INFO:CONSOLE(729)] "[reward-notifications] video can play: xp_error.webm", source: http://localhost:64897/reward-notifications.js (729)
[0709/011105.525:INFO:CONSOLE(729)] "[reward-notifications] event rewardName=Отвлечь стримера", source: http://localhost:64897/reward-notifications.js (729)
[0709/011105.525:INFO:CONSOLE(729)] "[reward-notifications] reward matched: Отвлечь стримера group: Distract", source: http://localhost:64897/reward-notifications.js (729)
[0709/011105.525:INFO:CONSOLE(729)] "[reward-notifications] selection anchor source=id", source: http://localhost:64897/reward-notifications.js (729)
[0709/011105.525:INFO:CONSOLE(729)] "[reward-notifications] video pick index=4 key=Distract|Отвлечь стримера|9dafe658-1be0-4c2c-b05d-15f51627011f", source: http://localhost:64897/reward-notifications.js (729)
[0709/011105.560:INFO:CONSOLE(729)] "[reward-notifications] video loaded: xp_error.webm readyState=4", source: http://localhost:64897/reward-notifications.js (729)
[0709/011105.560:INFO:CONSOLE(729)] "[reward-notifications] video can play: xp_error.webm", source: http://localhost:64897/reward-notifications.js (729)
[0709/012052.776:INFO:CONSOLE(57)] "[reward-notifications] script loaded", source: http://localhost:60450/reward-notifications.js (57)
[0709/012052.776:INFO:CONSOLE(84)] "[reward-notifications] listener attached", source: http://localhost:60450/reward-notifications.js (84)
[0709/012058.997:INFO:CONSOLE(729)] "[reward-notifications] event rewardName=Отвлечь стримера", source: http://localhost:60450/reward-notifications.js (729)
[0709/012058.997:INFO:CONSOLE(729)] "[reward-notifications] reward matched: Отвлечь стримера group: Distract", source: http://localhost:60450/reward-notifications.js (729)
[0709/012058.997:INFO:CONSOLE(729)] "[reward-notifications] selection anchor source=id", source: http://localhost:60450/reward-notifications.js (729)
[0709/012058.998:INFO:CONSOLE(729)] "[reward-notifications] video pick index=5 key=Distract|Отвлечь стримера|29e6c904-90d5-4d32-b89b-18fba9d19cb4", source: http://localhost:60450/reward-notifications.js (729)
[0709/012059.092:INFO:CONSOLE(729)] "[reward-notifications] video loaded: spongebob_a_few_moments_later.webm readyState=4", source: http://localhost:60450/reward-notifications.js (729)
[0709/012059.093:INFO:CONSOLE(729)] "[reward-notifications] video can play: spongebob_a_few_moments_later.webm", source: http://localhost:60450/reward-notifications.js (729)
[0709/012103.822:INFO:CONSOLE(729)] "[reward-notifications] event rewardName=Отвлечь стримера", source: http://localhost:60450/reward-notifications.js (729)
[0709/012103.822:INFO:CONSOLE(729)] "[reward-notifications] reward matched: Отвлечь стримера group: Distract", source: http://localhost:60450/reward-notifications.js (729)
[0709/012103.822:INFO:CONSOLE(729)] "[reward-notifications] selection anchor source=id", source: http://localhost:60450/reward-notifications.js (729)
[0709/012103.823:INFO:CONSOLE(729)] "[reward-notifications] video pick index=6 key=Distract|Отвлечь стримера|52fef749-c9c3-45cc-9bdd-ad8972f8bdd2", source: http://localhost:60450/reward-notifications.js (729)
[0709/012104.165:INFO:CONSOLE(729)] "[reward-notifications] video loaded: flashbang.webm readyState=4", source: http://localhost:60450/reward-notifications.js (729)
[0709/012104.165:INFO:CONSOLE(729)] "[reward-notifications] video can play: flashbang.webm", source: http://localhost:60450/reward-notifications.js (729)
[0709/012307.247:ERROR:browser_process_sub_thread.cc(221)] Waited 11 ms for network service
[0709/012312.011:INFO:CONSOLE(57)] "[reward-notifications] script loaded", source: http://localhost:64225/reward-notifications.js (57)
[0709/012312.011:INFO:CONSOLE(84)] "[reward-notifications] listener attached", source: http://localhost:64225/reward-notifications.js (84)
[0709/012323.225:INFO:CONSOLE(729)] "[reward-notifications] event rewardName=Посмеяться над смертью", source: http://localhost:64225/reward-notifications.js (729)
[0709/012323.225:INFO:CONSOLE(729)] "[reward-notifications] reward matched: Посмеяться над смертью group: GiggleDeath", source: http://localhost:64225/reward-notifications.js (729)
[0709/012323.226:INFO:CONSOLE(729)] "[reward-notifications] selection anchor source=id", source: http://localhost:64225/reward-notifications.js (729)
[0709/012323.227:INFO:CONSOLE(729)] "[reward-notifications] video pick index=0 key=GiggleDeath|Посмеяться над смертью|61f21ba9-4379-4fa0-8d3e-1371fd8fb3d0", source: http://localhost:64225/reward-notifications.js (729)
[0709/012323.575:INFO:CONSOLE(729)] "[reward-notifications] video loaded: mario_game_over.webm readyState=4", source: http://localhost:64225/reward-notifications.js (729)
[0709/012323.576:INFO:CONSOLE(729)] "[reward-notifications] video can play: mario_game_over.webm", source: http://localhost:64225/reward-notifications.js (729)
[0709/012337.815:INFO:CONSOLE(729)] "[reward-notifications] event rewardName=Отвлечь стримера", source: http://localhost:64225/reward-notifications.js (729)
[0709/012337.815:INFO:CONSOLE(729)] "[reward-notifications] reward matched: Отвлечь стримера group: Distract", source: http://localhost:64225/reward-notifications.js (729)
[0709/012337.815:INFO:CONSOLE(729)] "[reward-notifications] selection anchor source=id", source: http://localhost:64225/reward-notifications.js (729)
[0709/012337.815:INFO:CONSOLE(729)] "[reward-notifications] video pick index=6 key=Distract|Отвлечь стримера|7194d239-fc24-4c3f-b6d7-3710608b0c89", source: http://localhost:64225/reward-notifications.js (729)
[0709/012338.144:INFO:CONSOLE(729)] "[reward-notifications] video loaded: flashbang.webm readyState=4", source: http://localhost:64225/reward-notifications.js (729)
[0709/012338.144:INFO:CONSOLE(729)] "[reward-notifications] video can play: flashbang.webm", source: http://localhost:64225/reward-notifications.js (729)
[0709/012407.838:INFO:CONSOLE(729)] "[reward-notifications] event rewardName=Отвлечь стримера", source: http://localhost:64225/reward-notifications.js (729)
[0709/012407.838:INFO:CONSOLE(729)] "[reward-notifications] reward matched: Отвлечь стримера group: Distract", source: http://localhost:64225/reward-notifications.js (729)
[0709/012407.838:INFO:CONSOLE(729)] "[reward-notifications] selection anchor source=id", source: http://localhost:64225/reward-notifications.js (729)
[0709/012407.838:INFO:CONSOLE(729)] "[reward-notifications] video pick index=2 key=Distract|Отвлечь стримера|9a8e4bb5-8374-4d36-85cb-68ceafe5dc51", source: http://localhost:64225/reward-notifications.js (729)
[0709/012408.172:INFO:CONSOLE(729)] "[reward-notifications] video loaded: time_to_stop.webm readyState=4", source: http://localhost:64225/reward-notifications.js (729)
[0709/012408.173:INFO:CONSOLE(729)] "[reward-notifications] video can play: time_to_stop.webm", source: http://localhost:64225/reward-notifications.js (729)
[0709/012431.184:INFO:CONSOLE(729)] "[reward-notifications] event rewardName=Отвлечь стримера", source: http://localhost:64225/reward-notifications.js (729)
[0709/012431.184:INFO:CONSOLE(729)] "[reward-notifications] reward matched: Отвлечь стримера group: Distract", source: http://localhost:64225/reward-notifications.js (729)
[0709/012431.185:INFO:CONSOLE(729)] "[reward-notifications] selection anchor source=id", source: http://localhost:64225/reward-notifications.js (729)
[0709/012431.185:INFO:CONSOLE(729)] "[reward-notifications] video pick index=0 key=Distract|Отвлечь стримера|a55b4173-4747-4640-a1c1-47a8ddaa7233", source: http://localhost:64225/reward-notifications.js (729)
[0709/012431.517:INFO:CONSOLE(729)] "[reward-notifications] video loaded: mk2_toasty.webm readyState=4", source: http://localhost:64225/reward-notifications.js (729)
[0709/012431.517:INFO:CONSOLE(729)] "[reward-notifications] video can play: mk2_toasty.webm", source: http://localhost:64225/reward-notifications.js (729)
[0709/012435.838:INFO:CONSOLE(729)] "[reward-notifications] event rewardName=Отвлечь стримера", source: http://localhost:64225/reward-notifications.js (729)
[0709/012435.838:INFO:CONSOLE(729)] "[reward-notifications] reward matched: Отвлечь стримера group: Distract", source: http://localhost:64225/reward-notifications.js (729)
[0709/012435.838:INFO:CONSOLE(729)] "[reward-notifications] selection anchor source=id", source: http://localhost:64225/reward-notifications.js (729)
[0709/012435.838:INFO:CONSOLE(729)] "[reward-notifications] video pick index=0 key=Distract|Отвлечь стримера|3d0212e5-d7c6-4324-9492-fd9895e252ac", source: http://localhost:64225/reward-notifications.js (729)
[0709/012435.872:INFO:CONSOLE(729)] "[reward-notifications] video loaded: mk2_toasty.webm readyState=4", source: http://localhost:64225/reward-notifications.js (729)
[0709/012435.872:INFO:CONSOLE(729)] "[reward-notifications] video can play: mk2_toasty.webm", source: http://localhost:64225/reward-notifications.js (729)
[0709/012439.447:INFO:CONSOLE(729)] "[reward-notifications] event rewardName=Отвлечь стримера", source: http://localhost:64225/reward-notifications.js (729)
[0709/012439.447:INFO:CONSOLE(729)] "[reward-notifications] reward matched: Отвлечь стримера group: Distract", source: http://localhost:64225/reward-notifications.js (729)
[0709/012439.447:INFO:CONSOLE(729)] "[reward-notifications] selection anchor source=id", source: http://localhost:64225/reward-notifications.js (729)
[0709/012439.447:INFO:CONSOLE(729)] "[reward-notifications] video pick index=0 key=Distract|Отвлечь стримера|f62f774a-f8a7-4a39-9e4a-03848fdef190", source: http://localhost:64225/reward-notifications.js (729)
[0709/012439.781:INFO:CONSOLE(729)] "[reward-notifications] video loaded: mk2_toasty.webm readyState=4", source: http://localhost:64225/reward-notifications.js (729)
[0709/012439.781:INFO:CONSOLE(729)] "[reward-notifications] video can play: mk2_toasty.webm", source: http://localhost:64225/reward-notifications.js (729)
[0709/012443.712:INFO:CONSOLE(729)] "[reward-notifications] event rewardName=Отвлечь стримера", source: http://localhost:64225/reward-notifications.js (729)
[0709/012443.712:INFO:CONSOLE(729)] "[reward-notifications] reward matched: Отвлечь стримера group: Distract", source: http://localhost:64225/reward-notifications.js (729)
[0709/012443.713:INFO:CONSOLE(729)] "[reward-notifications] selection anchor source=id", source: http://localhost:64225/reward-notifications.js (729)
[0709/012443.713:INFO:CONSOLE(729)] "[reward-notifications] video pick index=6 key=Distract|Отвлечь стримера|a3bba4d8-47ca-4cd0-ad2a-2dfd06717e82", source: http://localhost:64225/reward-notifications.js (729)
[0709/012443.745:INFO:CONSOLE(729)] "[reward-notifications] video loaded: flashbang.webm readyState=4", source: http://localhost:64225/reward-notifications.js (729)
[0709/012443.745:INFO:CONSOLE(729)] "[reward-notifications] video can play: flashbang.webm", source: http://localhost:64225/reward-notifications.js (729)
[0709/012451.035:INFO:CONSOLE(729)] "[reward-notifications] event rewardName=Отвлечь стримера", source: http://localhost:64225/reward-notifications.js (729)
[0709/012451.036:INFO:CONSOLE(729)] "[reward-notifications] reward matched: Отвлечь стримера group: Distract", source: http://localhost:64225/reward-notifications.js (729)
[0709/012451.036:INFO:CONSOLE(729)] "[reward-notifications] selection anchor source=id", source: http://localhost:64225/reward-notifications.js (729)
[0709/012451.036:INFO:CONSOLE(729)] "[reward-notifications] video pick index=0 key=Distract|Отвлечь стримера|391ff8b9-573a-4a5b-acd1-e87aabb69d5b", source: http://localhost:64225/reward-notifications.js (729)
[0709/012451.368:INFO:CONSOLE(729)] "[reward-notifications] video loaded: mk2_toasty.webm readyState=4", source: http://localhost:64225/reward-notifications.js (729)
[0709/012451.369:INFO:CONSOLE(729)] "[reward-notifications] video can play: mk2_toasty.webm", source: http://localhost:64225/reward-notifications.js (729)
[0709/012454.938:INFO:CONSOLE(729)] "[reward-notifications] event rewardName=Отвлечь стримера", source: http://localhost:64225/reward-notifications.js (729)
[0709/012454.939:INFO:CONSOLE(729)] "[reward-notifications] reward matched: Отвлечь стримера group: Distract", source: http://localhost:64225/reward-notifications.js (729)
[0709/012454.939:INFO:CONSOLE(729)] "[reward-notifications] selection anchor source=id", source: http://localhost:64225/reward-notifications.js (729)
[0709/012454.939:INFO:CONSOLE(729)] "[reward-notifications] video pick index=4 key=Distract|Отвлечь стримера|7f57a05c-fb93-4e14-a67c-00d3e6e083d6", source: http://localhost:64225/reward-notifications.js (729)
[0709/012454.982:INFO:CONSOLE(729)] "[reward-notifications] video loaded: xp_error.webm readyState=4", source: http://localhost:64225/reward-notifications.js (729)
[0709/012454.982:INFO:CONSOLE(729)] "[reward-notifications] video can play: xp_error.webm", source: http://localhost:64225/reward-notifications.js (729)
[0709/012501.924:INFO:CONSOLE(729)] "[reward-notifications] event rewardName=Отвлечь стримера", source: http://localhost:64225/reward-notifications.js (729)
[0709/012501.924:INFO:CONSOLE(729)] "[reward-notifications] reward matched: Отвлечь стримера group: Distract", source: http://localhost:64225/reward-notifications.js (729)
[0709/012501.924:INFO:CONSOLE(729)] "[reward-notifications] selection anchor source=id", source: http://localhost:64225/reward-notifications.js (729)
[0709/012501.924:INFO:CONSOLE(729)] "[reward-notifications] video pick index=3 key=Distract|Отвлечь стримера|0cf65fd3-5f98-408c-af19-e20dc889a281", source: http://localhost:64225/reward-notifications.js (729)
[0709/012502.271:INFO:CONSOLE(729)] "[reward-notifications] video loaded: here_we_go_again.webm readyState=4", source: http://localhost:64225/reward-notifications.js (729)
[0709/012502.271:INFO:CONSOLE(729)] "[reward-notifications] video can play: here_we_go_again.webm", source: http://localhost:64225/reward-notifications.js (729)
[0709/012508.340:INFO:CONSOLE(729)] "[reward-notifications] event rewardName=Отвлечь стримера", source: http://localhost:64225/reward-notifications.js (729)
[0709/012508.340:INFO:CONSOLE(729)] "[reward-notifications] reward matched: Отвлечь стримера group: Distract", source: http://localhost:64225/reward-notifications.js (729)
[0709/012508.340:INFO:CONSOLE(729)] "[reward-notifications] selection anchor source=id", source: http://localhost:64225/reward-notifications.js (729)
[0709/012508.340:INFO:CONSOLE(729)] "[reward-notifications] video pick index=6 key=Distract|Отвлечь стримера|8be115d8-ad59-4596-a4eb-53b75932039b", source: http://localhost:64225/reward-notifications.js (729)
[0709/012508.369:INFO:CONSOLE(729)] "[reward-notifications] video loaded: flashbang.webm readyState=4", source: http://localhost:64225/reward-notifications.js (729)
[0709/012508.369:INFO:CONSOLE(729)] "[reward-notifications] video can play: flashbang.webm", source: http://localhost:64225/reward-notifications.js (729)
[0709/012514.525:INFO:CONSOLE(729)] "[reward-notifications] event rewardName=Отвлечь стримера", source: http://localhost:64225/reward-notifications.js (729)
[0709/012514.525:INFO:CONSOLE(729)] "[reward-notifications] reward matched: Отвлечь стримера group: Distract", source: http://localhost:64225/reward-notifications.js (729)
[0709/012514.525:INFO:CONSOLE(729)] "[reward-notifications] selection anchor source=id", source: http://localhost:64225/reward-notifications.js (729)
[0709/012514.525:INFO:CONSOLE(729)] "[reward-notifications] video pick index=4 key=Distract|Отвлечь стримера|e93f0414-68f1-4c9a-8dcc-0d6999d3460a", source: http://localhost:64225/reward-notifications.js (729)
[0709/012514.847:INFO:CONSOLE(729)] "[reward-notifications] video loaded: xp_error.webm readyState=4", source: http://localhost:64225/reward-notifications.js (729)
[0709/012514.848:INFO:CONSOLE(729)] "[reward-notifications] video can play: xp_error.webm", source: http://localhost:64225/reward-notifications.js (729)
[0709/012519.917:INFO:CONSOLE(729)] "[reward-notifications] event rewardName=Отвлечь стримера", source: http://localhost:64225/reward-notifications.js (729)
[0709/012519.917:INFO:CONSOLE(729)] "[reward-notifications] reward matched: Отвлечь стримера group: Distract", source: http://localhost:64225/reward-notifications.js (729)
[0709/012519.917:INFO:CONSOLE(729)] "[reward-notifications] selection anchor source=id", source: http://localhost:64225/reward-notifications.js (729)
[0709/012519.917:INFO:CONSOLE(729)] "[reward-notifications] video pick index=1 key=Distract|Отвлечь стримера|53f02572-40db-48d1-b4a6-e237d8f1aef4", source: http://localhost:64225/reward-notifications.js (729)
[0709/012519.960:INFO:CONSOLE(729)] "[reward-notifications] video loaded: BSOD.webm readyState=4", source: http://localhost:64225/reward-notifications.js (729)
[0709/012519.960:INFO:CONSOLE(729)] "[reward-notifications] video can play: BSOD.webm", source: http://localhost:64225/reward-notifications.js (729)
[0709/012531.485:INFO:CONSOLE(729)] "[reward-notifications] event rewardName=Отвлечь стримера", source: http://localhost:64225/reward-notifications.js (729)
[0709/012531.485:INFO:CONSOLE(729)] "[reward-notifications] reward matched: Отвлечь стримера group: Distract", source: http://localhost:64225/reward-notifications.js (729)
[0709/012531.485:INFO:CONSOLE(729)] "[reward-notifications] selection anchor source=id", source: http://localhost:64225/reward-notifications.js (729)
[0709/012531.486:INFO:CONSOLE(729)] "[reward-notifications] video pick index=5 key=Distract|Отвлечь стримера|b8259234-9348-4246-a619-74254a3bbea5", source: http://localhost:64225/reward-notifications.js (729)
[0709/012531.828:INFO:CONSOLE(729)] "[reward-notifications] video loaded: spongebob_a_few_moments_later.webm readyState=4", source: http://localhost:64225/reward-notifications.js (729)
[0709/012531.829:INFO:CONSOLE(729)] "[reward-notifications] video can play: spongebob_a_few_moments_later.webm", source: http://localhost:64225/reward-notifications.js (729)
[0709/012536.769:INFO:CONSOLE(729)] "[reward-notifications] event rewardName=Отвлечь стримера", source: http://localhost:64225/reward-notifications.js (729)
[0709/012536.770:INFO:CONSOLE(729)] "[reward-notifications] reward matched: Отвлечь стримера group: Distract", source: http://localhost:64225/reward-notifications.js (729)
[0709/012536.770:INFO:CONSOLE(729)] "[reward-notifications] selection anchor source=id", source: http://localhost:64225/reward-notifications.js (729)
[0709/012536.770:INFO:CONSOLE(729)] "[reward-notifications] video pick index=4 key=Distract|Отвлечь стримера|cf2f0720-5324-4a2f-b341-d22dc4c46b1f", source: http://localhost:64225/reward-notifications.js (729)
[0709/012536.813:INFO:CONSOLE(729)] "[reward-notifications] video loaded: xp_error.webm readyState=4", source: http://localhost:64225/reward-notifications.js (729)
[0709/012536.813:INFO:CONSOLE(729)] "[reward-notifications] video can play: xp_error.webm", source: http://localhost:64225/reward-notifications.js (729)
[0709/015521.414:INFO:CONSOLE(57)] "[reward-notifications] script loaded", source: http://localhost:49694/reward-notifications.js (57)
[0709/015521.414:INFO:CONSOLE(84)] "[reward-notifications] listener attached", source: http://localhost:49694/reward-notifications.js (84)
[0709/015525.612:INFO:CONSOLE(729)] "[reward-notifications] event rewardName=Отвлечь стримера", source: http://localhost:49694/reward-notifications.js (729)
[0709/015525.612:INFO:CONSOLE(729)] "[reward-notifications] reward matched: Отвлечь стримера group: Distract", source: http://localhost:49694/reward-notifications.js (729)
[0709/015525.613:INFO:CONSOLE(729)] "[reward-notifications] selection anchor source=id", source: http://localhost:49694/reward-notifications.js (729)
[0709/015525.613:INFO:CONSOLE(729)] "[reward-notifications] video pick index=1 key=Distract|Отвлечь стримера|7cd0942e-d41e-4326-a562-501a5ddbcf76", source: http://localhost:49694/reward-notifications.js (729)
[0709/015525.709:INFO:CONSOLE(729)] "[reward-notifications] video loaded: BSOD.webm readyState=4", source: http://localhost:49694/reward-notifications.js (729)
[0709/015525.709:INFO:CONSOLE(729)] "[reward-notifications] video can play: BSOD.webm", source: http://localhost:49694/reward-notifications.js (729)
[0709/015538.044:INFO:CONSOLE(729)] "[reward-notifications] event rewardName=Отвлечь стримера", source: http://localhost:49694/reward-notifications.js (729)
[0709/015538.044:INFO:CONSOLE(729)] "[reward-notifications] reward matched: Отвлечь стримера group: Distract", source: http://localhost:49694/reward-notifications.js (729)
[0709/015538.044:INFO:CONSOLE(729)] "[reward-notifications] selection anchor source=id", source: http://localhost:49694/reward-notifications.js (729)
[0709/015538.046:INFO:CONSOLE(729)] "[reward-notifications] video pick index=7 key=Distract|Отвлечь стримера|f0471757-1530-447c-9fdb-c5a6a3a78391", source: http://localhost:49694/reward-notifications.js (729)
[0709/015538.366:INFO:CONSOLE(729)] "[reward-notifications] video load failed: subway_surf networkState=3 readyState=0", source: http://localhost:49694/reward-notifications.js (729)
[0709/015538.367:INFO:CONSOLE(408)] "Reward video playback failed:", source: http://localhost:49694/reward-notifications.js (408)
[0709/015538.367:INFO:CONSOLE(729)] "[reward-notifications] video play failed: subway_surf", source: http://localhost:49694/reward-notifications.js (729)
[0709/015555.674:INFO:CONSOLE(729)] "[reward-notifications] event rewardName=Отвлечь стримера", source: http://localhost:49694/reward-notifications.js (729)
[0709/015555.674:INFO:CONSOLE(729)] "[reward-notifications] reward matched: Отвлечь стримера group: Distract", source: http://localhost:49694/reward-notifications.js (729)
[0709/015555.674:INFO:CONSOLE(729)] "[reward-notifications] selection anchor source=id", source: http://localhost:49694/reward-notifications.js (729)
[0709/015555.675:INFO:CONSOLE(729)] "[reward-notifications] video pick index=0 key=Distract|Отвлечь стримера|ce976169-7c6c-4a81-9038-30a3f8ebd267", source: http://localhost:49694/reward-notifications.js (729)
[0709/015555.999:INFO:CONSOLE(729)] "[reward-notifications] video loaded: mk2_toasty.webm readyState=4", source: http://localhost:49694/reward-notifications.js (729)
[0709/015555.999:INFO:CONSOLE(729)] "[reward-notifications] video can play: mk2_toasty.webm", source: http://localhost:49694/reward-notifications.js (729)
[0709/015559.716:INFO:CONSOLE(729)] "[reward-notifications] event rewardName=Отвлечь стримера", source: http://localhost:49694/reward-notifications.js (729)
[0709/015559.716:INFO:CONSOLE(729)] "[reward-notifications] reward matched: Отвлечь стримера group: Distract", source: http://localhost:49694/reward-notifications.js (729)
[0709/015559.717:INFO:CONSOLE(729)] "[reward-notifications] selection anchor source=id", source: http://localhost:49694/reward-notifications.js (729)
[0709/015559.717:INFO:CONSOLE(729)] "[reward-notifications] video pick index=1 key=Distract|Отвлечь стримера|25a6886b-dc21-4cd8-bec3-bd648d6bc033", source: http://localhost:49694/reward-notifications.js (729)
[0709/015559.760:INFO:CONSOLE(729)] "[reward-notifications] video loaded: BSOD.webm readyState=4", source: http://localhost:49694/reward-notifications.js (729)
[0709/015559.760:INFO:CONSOLE(729)] "[reward-notifications] video can play: BSOD.webm", source: http://localhost:49694/reward-notifications.js (729)
[0709/015620.798:INFO:CONSOLE(729)] "[reward-notifications] event rewardName=Отвлечь стримера", source: http://localhost:49694/reward-notifications.js (729)
[0709/015620.798:INFO:CONSOLE(729)] "[reward-notifications] reward matched: Отвлечь стримера group: Distract", source: http://localhost:49694/reward-notifications.js (729)
[0709/015620.798:INFO:CONSOLE(729)] "[reward-notifications] selection anchor source=id", source: http://localhost:49694/reward-notifications.js (729)
[0709/015620.798:INFO:CONSOLE(729)] "[reward-notifications] video pick index=5 key=Distract|Отвлечь стримера|7e4c3d83-1503-4a55-98f7-871db69800e2", source: http://localhost:49694/reward-notifications.js (729)
[0709/015621.142:INFO:CONSOLE(729)] "[reward-notifications] video loaded: spongebob_a_few_moments_later.webm readyState=4", source: http://localhost:49694/reward-notifications.js (729)
[0709/015621.142:INFO:CONSOLE(729)] "[reward-notifications] video can play: spongebob_a_few_moments_later.webm", source: http://localhost:49694/reward-notifications.js (729)
[0709/015625.379:INFO:CONSOLE(729)] "[reward-notifications] event rewardName=Отвлечь стримера", source: http://localhost:49694/reward-notifications.js (729)
[0709/015625.379:INFO:CONSOLE(729)] "[reward-notifications] reward matched: Отвлечь стримера group: Distract", source: http://localhost:49694/reward-notifications.js (729)
[0709/015625.379:INFO:CONSOLE(729)] "[reward-notifications] selection anchor source=id", source: http://localhost:49694/reward-notifications.js (729)
[0709/015625.379:INFO:CONSOLE(729)] "[reward-notifications] video pick index=7 key=Distract|Отвлечь стримера|1579a55b-18a9-4a27-b038-47d8645273fd", source: http://localhost:49694/reward-notifications.js (729)
[0709/015625.384:INFO:CONSOLE(729)] "[reward-notifications] video load failed: subway_surf networkState=3 readyState=0", source: http://localhost:49694/reward-notifications.js (729)
[0709/015625.384:INFO:CONSOLE(408)] "Reward video playback failed:", source: http://localhost:49694/reward-notifications.js (408)
[0709/015625.384:INFO:CONSOLE(729)] "[reward-notifications] video play failed: subway_surf", source: http://localhost:49694/reward-notifications.js (729)
[0709/020015.629:ERROR:browser_process_sub_thread.cc(221)] Waited 14 ms for network service
[0709/020022.562:INFO:CONSOLE(57)] "[reward-notifications] script loaded", source: http://localhost:59681/reward-notifications.js (57)
[0709/020022.562:INFO:CONSOLE(84)] "[reward-notifications] listener attached", source: http://localhost:59681/reward-notifications.js (84)
[0709/020024.975:INFO:CONSOLE(729)] "[reward-notifications] event rewardName=Отвлечь стримера", source: http://localhost:59681/reward-notifications.js (729)
[0709/020024.975:INFO:CONSOLE(729)] "[reward-notifications] reward matched: Отвлечь стримера group: Distract", source: http://localhost:59681/reward-notifications.js (729)
[0709/020024.975:INFO:CONSOLE(729)] "[reward-notifications] selection anchor source=id", source: http://localhost:59681/reward-notifications.js (729)
[0709/020024.976:INFO:CONSOLE(729)] "[reward-notifications] video pick index=1 key=Distract|Отвлечь стримера|6a0e14ee-e12e-4549-986c-f7941bbece54", source: http://localhost:59681/reward-notifications.js (729)
[0709/020025.066:INFO:CONSOLE(729)] "[reward-notifications] video loaded: BSOD.webm readyState=4", source: http://localhost:59681/reward-notifications.js (729)
[0709/020025.066:INFO:CONSOLE(729)] "[reward-notifications] video can play: BSOD.webm", source: http://localhost:59681/reward-notifications.js (729)
[0709/020029.203:INFO:CONSOLE(729)] "[reward-notifications] event rewardName=Отвлечь стримера", source: http://localhost:59681/reward-notifications.js (729)
[0709/020029.203:INFO:CONSOLE(729)] "[reward-notifications] reward matched: Отвлечь стримера group: Distract", source: http://localhost:59681/reward-notifications.js (729)
[0709/020029.203:INFO:CONSOLE(729)] "[reward-notifications] selection anchor source=id", source: http://localhost:59681/reward-notifications.js (729)
[0709/020029.203:INFO:CONSOLE(729)] "[reward-notifications] video pick index=2 key=Distract|Отвлечь стримера|aec728d2-7603-4785-867a-abcadff9204f", source: http://localhost:59681/reward-notifications.js (729)
[0709/020029.535:INFO:CONSOLE(729)] "[reward-notifications] video loaded: time_to_stop.webm readyState=4", source: http://localhost:59681/reward-notifications.js (729)
[0709/020029.535:INFO:CONSOLE(729)] "[reward-notifications] video can play: time_to_stop.webm", source: http://localhost:59681/reward-notifications.js (729)
[0709/020040.960:INFO:CONSOLE(729)] "[reward-notifications] event rewardName=Отвлечь стримера", source: http://localhost:59681/reward-notifications.js (729)
[0709/020040.960:INFO:CONSOLE(729)] "[reward-notifications] reward matched: Отвлечь стримера group: Distract", source: http://localhost:59681/reward-notifications.js (729)
[0709/020040.960:INFO:CONSOLE(729)] "[reward-notifications] selection anchor source=id", source: http://localhost:59681/reward-notifications.js (729)
[0709/020040.960:INFO:CONSOLE(729)] "[reward-notifications] video pick index=6 key=Distract|Отвлечь стримера|5069a056-6076-4615-a8af-7cfbb475ed04", source: http://localhost:59681/reward-notifications.js (729)
[0709/020041.293:INFO:CONSOLE(729)] "[reward-notifications] video loaded: flashbang.webm readyState=4", source: http://localhost:59681/reward-notifications.js (729)
[0709/020041.293:INFO:CONSOLE(729)] "[reward-notifications] video can play: flashbang.webm", source: http://localhost:59681/reward-notifications.js (729)
[0709/020049.425:INFO:CONSOLE(729)] "[reward-notifications] event rewardName=Отвлечь стримера", source: http://localhost:59681/reward-notifications.js (729)
[0709/020049.425:INFO:CONSOLE(729)] "[reward-notifications] reward matched: Отвлечь стримера group: Distract", source: http://localhost:59681/reward-notifications.js (729)
[0709/020049.425:INFO:CONSOLE(729)] "[reward-notifications] selection anchor source=id", source: http://localhost:59681/reward-notifications.js (729)
[0709/020049.425:INFO:CONSOLE(729)] "[reward-notifications] video pick index=6 key=Distract|Отвлечь стримера|821d09ca-e7cb-4c3b-8ab4-7c388a14225f", source: http://localhost:59681/reward-notifications.js (729)
[0709/020049.459:INFO:CONSOLE(729)] "[reward-notifications] video loaded: flashbang.webm readyState=4", source: http://localhost:59681/reward-notifications.js (729)
[0709/020049.459:INFO:CONSOLE(729)] "[reward-notifications] video can play: flashbang.webm", source: http://localhost:59681/reward-notifications.js (729)
[0709/020054.816:INFO:CONSOLE(729)] "[reward-notifications] event rewardName=Отвлечь стримера", source: http://localhost:59681/reward-notifications.js (729)
[0709/020054.816:INFO:CONSOLE(729)] "[reward-notifications] reward matched: Отвлечь стримера group: Distract", source: http://localhost:59681/reward-notifications.js (729)
[0709/020054.816:INFO:CONSOLE(729)] "[reward-notifications] selection anchor source=id", source: http://localhost:59681/reward-notifications.js (729)
[0709/020054.816:INFO:CONSOLE(729)] "[reward-notifications] video pick index=4 key=Distract|Отвлечь стримера|0bbe8fc8-80bd-43d0-94fd-18df16fee3cd", source: http://localhost:59681/reward-notifications.js (729)
[0709/020055.149:INFO:CONSOLE(729)] "[reward-notifications] video loaded: xp_error.webm readyState=4", source: http://localhost:59681/reward-notifications.js (729)
[0709/020055.149:INFO:CONSOLE(729)] "[reward-notifications] video can play: xp_error.webm", source: http://localhost:59681/reward-notifications.js (729)
[0709/020102.806:INFO:CONSOLE(729)] "[reward-notifications] event rewardName=Отвлечь стримера", source: http://localhost:59681/reward-notifications.js (729)
[0709/020102.806:INFO:CONSOLE(729)] "[reward-notifications] reward matched: Отвлечь стримера group: Distract", source: http://localhost:59681/reward-notifications.js (729)
[0709/020102.806:INFO:CONSOLE(729)] "[reward-notifications] selection anchor source=id", source: http://localhost:59681/reward-notifications.js (729)
[0709/020102.806:INFO:CONSOLE(729)] "[reward-notifications] video pick index=6 key=Distract|Отвлечь стримера|881ee165-dac8-4b4d-8d04-db8d9e42c378", source: http://localhost:59681/reward-notifications.js (729)
[0709/020102.836:INFO:CONSOLE(729)] "[reward-notifications] video loaded: flashbang.webm readyState=4", source: http://localhost:59681/reward-notifications.js (729)
[0709/020102.836:INFO:CONSOLE(729)] "[reward-notifications] video can play: flashbang.webm", source: http://localhost:59681/reward-notifications.js (729)
[0709/020111.624:INFO:CONSOLE(729)] "[reward-notifications] event rewardName=Отвлечь стримера", source: http://localhost:59681/reward-notifications.js (729)
[0709/020111.626:INFO:CONSOLE(729)] "[reward-notifications] reward matched: Отвлечь стримера group: Distract", source: http://localhost:59681/reward-notifications.js (729)
[0709/020111.626:INFO:CONSOLE(729)] "[reward-notifications] selection anchor source=id", source: http://localhost:59681/reward-notifications.js (729)
[0709/020111.626:INFO:CONSOLE(729)] "[reward-notifications] video pick index=3 key=Distract|Отвлечь стримера|b1195057-5cd7-4c53-bb77-a56effa5da07", source: http://localhost:59681/reward-notifications.js (729)
[0709/020111.963:INFO:CONSOLE(729)] "[reward-notifications] video loaded: here_we_go_again.webm readyState=4", source: http://localhost:59681/reward-notifications.js (729)
[0709/020111.963:INFO:CONSOLE(729)] "[reward-notifications] video can play: here_we_go_again.webm", source: http://localhost:59681/reward-notifications.js (729)
[0709/020117.439:INFO:CONSOLE(729)] "[reward-notifications] event rewardName=Отвлечь стримера", source: http://localhost:59681/reward-notifications.js (729)
[0709/020117.439:INFO:CONSOLE(729)] "[reward-notifications] reward matched: Отвлечь стримера group: Distract", source: http://localhost:59681/reward-notifications.js (729)
[0709/020117.439:INFO:CONSOLE(729)] "[reward-notifications] selection anchor source=id", source: http://localhost:59681/reward-notifications.js (729)
[0709/020117.439:INFO:CONSOLE(729)] "[reward-notifications] video pick index=4 key=Distract|Отвлечь стримера|0a56492f-bf91-417d-bcad-4092876c4cfe", source: http://localhost:59681/reward-notifications.js (729)
[0709/020117.479:INFO:CONSOLE(729)] "[reward-notifications] video loaded: xp_error.webm readyState=4", source: http://localhost:59681/reward-notifications.js (729)
[0709/020117.479:INFO:CONSOLE(729)] "[reward-notifications] video can play: xp_error.webm", source: http://localhost:59681/reward-notifications.js (729)
[0709/020120.994:INFO:CONSOLE(729)] "[reward-notifications] event rewardName=Отвлечь стримера", source: http://localhost:59681/reward-notifications.js (729)
[0709/020120.994:INFO:CONSOLE(729)] "[reward-notifications] reward matched: Отвлечь стримера group: Distract", source: http://localhost:59681/reward-notifications.js (729)
[0709/020120.994:INFO:CONSOLE(729)] "[reward-notifications] selection anchor source=id", source: http://localhost:59681/reward-notifications.js (729)
[0709/020120.994:INFO:CONSOLE(729)] "[reward-notifications] video pick index=2 key=Distract|Отвлечь стримера|9183934c-0302-425a-a4e3-149836ba7399", source: http://localhost:59681/reward-notifications.js (729)
[0709/020121.324:INFO:CONSOLE(729)] "[reward-notifications] video loaded: time_to_stop.webm readyState=4", source: http://localhost:59681/reward-notifications.js (729)
[0709/020121.324:INFO:CONSOLE(729)] "[reward-notifications] video can play: time_to_stop.webm", source: http://localhost:59681/reward-notifications.js (729)
[0709/020125.638:INFO:CONSOLE(729)] "[reward-notifications] event rewardName=Отвлечь стримера", source: http://localhost:59681/reward-notifications.js (729)
[0709/020125.638:INFO:CONSOLE(729)] "[reward-notifications] reward matched: Отвлечь стримера group: Distract", source: http://localhost:59681/reward-notifications.js (729)
[0709/020125.638:INFO:CONSOLE(729)] "[reward-notifications] selection anchor source=id", source: http://localhost:59681/reward-notifications.js (729)
[0709/020125.638:INFO:CONSOLE(729)] "[reward-notifications] video pick index=7 key=Distract|Отвлечь стримера|16ccb816-658f-48c3-a337-99b5a4d5f64c", source: http://localhost:59681/reward-notifications.js (729)
[0709/020125.685:INFO:CONSOLE(729)] "[reward-notifications] video loaded: subway_surf.webm readyState=4", source: http://localhost:59681/reward-notifications.js (729)
[0709/020125.686:INFO:CONSOLE(729)] "[reward-notifications] video can play: subway_surf.webm", source: http://localhost:59681/reward-notifications.js (729)
[0709/020145.544:INFO:CONSOLE(729)] "[reward-notifications] event rewardName=Отвлечь стримера", source: http://localhost:59681/reward-notifications.js (729)
[0709/020145.545:INFO:CONSOLE(729)] "[reward-notifications] reward matched: Отвлечь стримера group: Distract", source: http://localhost:59681/reward-notifications.js (729)
[0709/020145.545:INFO:CONSOLE(729)] "[reward-notifications] selection anchor source=id", source: http://localhost:59681/reward-notifications.js (729)
[0709/020145.545:INFO:CONSOLE(729)] "[reward-notifications] video pick index=7 key=Distract|Отвлечь стримера|4f2857ae-c06f-4175-a629-9aaf098c9bc4", source: http://localhost:59681/reward-notifications.js (729)
[0709/020145.879:INFO:CONSOLE(729)] "[reward-notifications] video loaded: subway_surf.webm readyState=4", source: http://localhost:59681/reward-notifications.js (729)
[0709/020145.879:INFO:CONSOLE(729)] "[reward-notifications] video can play: subway_surf.webm", source: http://localhost:59681/reward-notifications.js (729)
[0709/020151.657:INFO:CONSOLE(729)] "[reward-notifications] event rewardName=Отвлечь стримера", source: http://localhost:59681/reward-notifications.js (729)
[0709/020151.657:INFO:CONSOLE(729)] "[reward-notifications] reward matched: Отвлечь стримера group: Distract", source: http://localhost:59681/reward-notifications.js (729)
[0709/020151.657:INFO:CONSOLE(729)] "[reward-notifications] selection anchor source=id", source: http://localhost:59681/reward-notifications.js (729)
[0709/020151.657:INFO:CONSOLE(729)] "[reward-notifications] video pick index=5 key=Distract|Отвлечь стримера|57bf32f5-8b4e-4439-92d3-d86b4a2c72da", source: http://localhost:59681/reward-notifications.js (729)
[0709/020151.710:INFO:CONSOLE(729)] "[reward-notifications] video loaded: spongebob_a_few_moments_later.webm readyState=4", source: http://localhost:59681/reward-notifications.js (729)
[0709/020151.710:INFO:CONSOLE(729)] "[reward-notifications] video can play: spongebob_a_few_moments_later.webm", source: http://localhost:59681/reward-notifications.js (729)
[0709/020157.450:INFO:CONSOLE(729)] "[reward-notifications] event rewardName=Отвлечь стримера", source: http://localhost:59681/reward-notifications.js (729)
[0709/020157.450:INFO:CONSOLE(729)] "[reward-notifications] reward matched: Отвлечь стримера group: Distract", source: http://localhost:59681/reward-notifications.js (729)
[0709/020157.450:INFO:CONSOLE(729)] "[reward-notifications] selection anchor source=id", source: http://localhost:59681/reward-notifications.js (729)
[0709/020157.450:INFO:CONSOLE(729)] "[reward-notifications] video pick index=6 key=Distract|Отвлечь стримера|7bb7db89-be8d-453d-ba54-5b1b7ea1aa8d", source: http://localhost:59681/reward-notifications.js (729)
[0709/020157.786:INFO:CONSOLE(729)] "[reward-notifications] video loaded: flashbang.webm readyState=4", source: http://localhost:59681/reward-notifications.js (729)
[0709/020157.786:INFO:CONSOLE(729)] "[reward-notifications] video can play: flashbang.webm", source: http://localhost:59681/reward-notifications.js (729)
[0709/020206.823:INFO:CONSOLE(729)] "[reward-notifications] event rewardName=Отвлечь стримера", source: http://localhost:59681/reward-notifications.js (729)
[0709/020206.824:INFO:CONSOLE(729)] "[reward-notifications] reward matched: Отвлечь стримера group: Distract", source: http://localhost:59681/reward-notifications.js (729)
[0709/020206.824:INFO:CONSOLE(729)] "[reward-notifications] selection anchor source=id", source: http://localhost:59681/reward-notifications.js (729)
[0709/020206.824:INFO:CONSOLE(729)] "[reward-notifications] video pick index=1 key=Distract|Отвлечь стримера|685e9fba-f527-4c51-acb4-90921da73ee4", source: http://localhost:59681/reward-notifications.js (729)
[0709/020206.864:INFO:CONSOLE(729)] "[reward-notifications] video loaded: BSOD.webm readyState=4", source: http://localhost:59681/reward-notifications.js (729)
[0709/020206.864:INFO:CONSOLE(729)] "[reward-notifications] video can play: BSOD.webm", source: http://localhost:59681/reward-notifications.js (729)
[0709/024343.981:WARNING:gpu_process_host.cc(1205)] The GPU process has crashed 1 time(s)
[0709/105517.059:INFO:CONSOLE(59)] "[reward-notifications] script loaded", source: http://localhost:63235/reward-notifications.js (59)
[0709/105517.059:INFO:CONSOLE(86)] "[reward-notifications] listener attached", source: http://localhost:63235/reward-notifications.js (86)
[0709/105606.652:ERROR:browser_process_sub_thread.cc(221)] Waited 10 ms for network service
[0709/105625.546:INFO:CONSOLE(59)] "[reward-notifications] script loaded", source: http://localhost:62647/reward-notifications.js (59)
[0709/105625.546:INFO:CONSOLE(86)] "[reward-notifications] listener attached", source: http://localhost:62647/reward-notifications.js (86)
[0709/105658.379:INFO:CONSOLE(731)] "[reward-notifications] event rewardName=Тест", source: http://localhost:62647/reward-notifications.js (731)
[0709/105658.380:INFO:CONSOLE(731)] "[reward-notifications] reward matched: Тест group: Distract", source: http://localhost:62647/reward-notifications.js (731)
[0709/105658.381:INFO:CONSOLE(731)] "[reward-notifications] selection anchor source=id", source: http://localhost:62647/reward-notifications.js (731)
[0709/105658.384:INFO:CONSOLE(731)] "[reward-notifications] video pick index=3 key=Distract|Тест|aeec7f07-27e3-47ab-92a8-adf80655022d", source: http://localhost:62647/reward-notifications.js (731)
[0709/105658.773:INFO:CONSOLE(731)] "[reward-notifications] video loaded: here_we_go_again.webm readyState=4", source: http://localhost:62647/reward-notifications.js (731)
[0709/105658.773:INFO:CONSOLE(731)] "[reward-notifications] video can play: here_we_go_again.webm", source: http://localhost:62647/reward-notifications.js (731)
[0709/105707.120:INFO:CONSOLE(731)] "[reward-notifications] event rewardName=Тест", source: http://localhost:62647/reward-notifications.js (731)
[0709/105707.120:INFO:CONSOLE(731)] "[reward-notifications] reward matched: Тест group: Distract", source: http://localhost:62647/reward-notifications.js (731)
[0709/105707.120:INFO:CONSOLE(731)] "[reward-notifications] selection anchor source=id", source: http://localhost:62647/reward-notifications.js (731)
[0709/105707.121:INFO:CONSOLE(731)] "[reward-notifications] video pick index=4 key=Distract|Тест|fd71b584-86ad-4385-9bec-bd753dc43f66", source: http://localhost:62647/reward-notifications.js (731)
[0709/105707.152:INFO:CONSOLE(731)] "[reward-notifications] video loaded: xp_error.webm readyState=4", source: http://localhost:62647/reward-notifications.js (731)
[0709/105707.152:INFO:CONSOLE(731)] "[reward-notifications] video can play: xp_error.webm", source: http://localhost:62647/reward-notifications.js (731)
[0709/105712.062:INFO:CONSOLE(731)] "[reward-notifications] event rewardName=Тест", source: http://localhost:62647/reward-notifications.js (731)
[0709/105712.062:INFO:CONSOLE(731)] "[reward-notifications] reward matched: Тест group: Distract", source: http://localhost:62647/reward-notifications.js (731)
[0709/105712.062:INFO:CONSOLE(731)] "[reward-notifications] selection anchor source=id", source: http://localhost:62647/reward-notifications.js (731)
[0709/105712.062:INFO:CONSOLE(731)] "[reward-notifications] video pick index=1 key=Distract|Тест|67810133-1cc2-4995-b1e2-0dd070d76589", source: http://localhost:62647/reward-notifications.js (731)
[0709/105712.394:INFO:CONSOLE(731)] "[reward-notifications] video loaded: BSOD.webm readyState=4", source: http://localhost:62647/reward-notifications.js (731)
[0709/105712.395:INFO:CONSOLE(731)] "[reward-notifications] video can play: BSOD.webm", source: http://localhost:62647/reward-notifications.js (731)
[0709/105725.095:ERROR:browser_process_sub_thread.cc(221)] Waited 11 ms for network service
[0709/105727.863:INFO:CONSOLE(58)] "[reward-notifications] script loaded", source: http://localhost:64868/reward-notifications.js (58)
[0709/105727.863:INFO:CONSOLE(85)] "[reward-notifications] listener attached", source: http://localhost:64868/reward-notifications.js (85)
[0709/105730.445:INFO:CONSOLE(730)] "[reward-notifications] event rewardName=Тест", source: http://localhost:64868/reward-notifications.js (730)
[0709/105730.445:INFO:CONSOLE(730)] "[reward-notifications] reward matched: Тест group: Distract", source: http://localhost:64868/reward-notifications.js (730)
[0709/105730.446:INFO:CONSOLE(730)] "[reward-notifications] selection anchor source=id", source: http://localhost:64868/reward-notifications.js (730)
[0709/105730.447:INFO:CONSOLE(730)] "[reward-notifications] video pick index=0 key=Distract|Тест|0c6c7ebe-9985-4a60-877c-f154af9f674a", source: http://localhost:64868/reward-notifications.js (730)
[0709/105730.532:INFO:CONSOLE(730)] "[reward-notifications] video loaded: do_it.webm readyState=4", source: http://localhost:64868/reward-notifications.js (730)
[0709/105730.533:INFO:CONSOLE(730)] "[reward-notifications] video can play: do_it.webm", source: http://localhost:64868/reward-notifications.js (730)
[0709/135852.636:WARNING:gpu_process_host.cc(1205)] The GPU process has crashed 1 time(s)
[0709/165225.475:INFO:CONSOLE(59)] "[reward-notifications] script loaded", source: http://localhost:56695/reward-notifications.js (59)
[0709/165225.475:INFO:CONSOLE(86)] "[reward-notifications] listener attached", source: http://localhost:56695/reward-notifications.js (86)
[0709/172713.122:INFO:CONSOLE(14)] "emotes: 0", source: http://localhost:56695/emote-rain.js (14)
[0709/172802.044:INFO:CONSOLE(731)] "[reward-notifications] event rewardName=Отвлечь стримера", source: http://localhost:56695/reward-notifications.js (731)
[0709/172802.045:INFO:CONSOLE(731)] "[reward-notifications] reward matched: Отвлечь стримера group: Distract", source: http://localhost:56695/reward-notifications.js (731)
[0709/172802.045:INFO:CONSOLE(731)] "[reward-notifications] selection anchor source=id", source: http://localhost:56695/reward-notifications.js (731)
[0709/172802.050:INFO:CONSOLE(731)] "[reward-notifications] video pick index=3 key=Distract|Отвлечь стримера|2afc4f87-92c9-431b-84d0-f412b53fcf37", source: http://localhost:56695/reward-notifications.js (731)
[0709/172802.489:INFO:CONSOLE(731)] "[reward-notifications] video loaded: here_we_go_again.webm readyState=4", source: http://localhost:56695/reward-notifications.js (731)
[0709/172802.490:INFO:CONSOLE(731)] "[reward-notifications] video can play: here_we_go_again.webm", source: http://localhost:56695/reward-notifications.js (731)
[0709/172833.684:INFO:CONSOLE(14)] "emotes: 0", source: http://localhost:56695/emote-rain.js (14)
[0709/172846.344:INFO:CONSOLE(14)] "emotes: 0", source: http://localhost:56695/emote-rain.js (14)
[0709/172916.540:INFO:CONSOLE(14)] "emotes: 0", source: http://localhost:56695/emote-rain.js (14)
[0709/172947.609:INFO:CONSOLE(731)] "[reward-notifications] event rewardName=Приседания", source: http://localhost:56695/reward-notifications.js (731)
[0709/172947.609:INFO:CONSOLE(731)] "[reward-notifications] reward matched: Приседания group: Sport", source: http://localhost:56695/reward-notifications.js (731)
[0709/172947.610:INFO:CONSOLE(731)] "[reward-notifications] selection anchor source=id", source: http://localhost:56695/reward-notifications.js (731)
[0709/173142.624:INFO:CONSOLE(14)] "emotes: 0", source: http://localhost:56695/emote-rain.js (14)
[0709/173148.146:INFO:CONSOLE(14)] "emotes: 0", source: http://localhost:56695/emote-rain.js (14)
[0709/173210.508:INFO:CONSOLE(14)] "emotes: 0", source: http://localhost:56695/emote-rain.js (14)
[0709/173244.201:INFO:CONSOLE(14)] "emotes: 0", source: http://localhost:56695/emote-rain.js (14)
[0709/173528.552:INFO:CONSOLE(14)] "emotes: 0", source: http://localhost:56695/emote-rain.js (14)
[0709/173636.806:INFO:CONSOLE(14)] "emotes: 0", source: http://localhost:56695/emote-rain.js (14)
[0709/173655.512:INFO:CONSOLE(14)] "emotes: 0", source: http://localhost:56695/emote-rain.js (14)
[0709/173700.895:INFO:CONSOLE(14)] "emotes: 0", source: http://localhost:56695/emote-rain.js (14)
[0709/173711.376:INFO:CONSOLE(14)] "emotes: 0", source: http://localhost:56695/emote-rain.js (14)
[0709/173803.965:INFO:CONSOLE(14)] "emotes: 0", source: http://localhost:56695/emote-rain.js (14)
[0709/174947.087:INFO:CONSOLE(14)] "emotes: 0", source: http://localhost:56695/emote-rain.js (14)
[0710/033622.665:WARNING:gpu_process_host.cc(1205)] The GPU process has crashed 1 time(s)
[0710/121554.552:INFO:CONSOLE(59)] "[reward-notifications] script loaded", source: http://localhost:50695/reward-notifications.js (59)
[0710/121554.552:INFO:CONSOLE(86)] "[reward-notifications] listener attached", source: http://localhost:50695/reward-notifications.js (86)
[0710/121721.061:INFO:CONSOLE(14)] "emotes: 0", source: http://localhost:50695/emote-rain.js (14)
[0710/121727.908:INFO:CONSOLE(14)] "emotes: 0", source: http://localhost:50695/emote-rain.js (14)
[0710/121737.219:INFO:CONSOLE(14)] "emotes: 0", source: http://localhost:50695/emote-rain.js (14)
[0710/123923.030:INFO:CONSOLE(14)] "emotes: 0", source: http://localhost:50695/emote-rain.js (14)
[0710/124120.627:INFO:CONSOLE(14)] "emotes: 0", source: http://localhost:50695/emote-rain.js (14)
[0710/124122.321:INFO:CONSOLE(14)] "emotes: 2", source: http://localhost:50695/emote-rain.js (14)
[0710/124122.321:INFO:CONSOLE(19)] "https://static-cdn.jtvnw.net/emoticons/v2/emotesv2_1b6dfd8935db4aab8a5d727a96c9fd0f/default/dark/2.0", source: http://localhost:50695/emote-rain.js (19)
[0710/124122.321:INFO:CONSOLE(19)] "https://static-cdn.jtvnw.net/emoticons/v2/emotesv2_1b6dfd8935db4aab8a5d727a96c9fd0f/default/dark/2.0", source: http://localhost:50695/emote-rain.js (19)
[0710/124138.739:INFO:CONSOLE(14)] "emotes: 0", source: http://localhost:50695/emote-rain.js (14)
[0710/124149.642:INFO:CONSOLE(14)] "emotes: 0", source: http://localhost:50695/emote-rain.js (14)
[0710/124200.331:INFO:CONSOLE(731)] "[reward-notifications] event rewardName=Планка", source: http://localhost:50695/reward-notifications.js (731)
[0710/124200.332:INFO:CONSOLE(731)] "[reward-notifications] reward matched: Планка group: Sport", source: http://localhost:50695/reward-notifications.js (731)
[0710/124200.333:INFO:CONSOLE(731)] "[reward-notifications] selection anchor source=id", source: http://localhost:50695/reward-notifications.js (731)
[0710/124301.927:INFO:CONSOLE(14)] "emotes: 3", source: http://localhost:50695/emote-rain.js (14)
[0710/124301.927:INFO:CONSOLE(19)] "https://static-cdn.jtvnw.net/emoticons/v2/emotesv2_006eb66033c4445887f53be648035551/default/dark/2.0", source: http://localhost:50695/emote-rain.js (19)
[0710/124301.927:INFO:CONSOLE(19)] "https://static-cdn.jtvnw.net/emoticons/v2/emotesv2_006eb66033c4445887f53be648035551/default/dark/2.0", source: http://localhost:50695/emote-rain.js (19)
[0710/124301.927:INFO:CONSOLE(19)] "https://static-cdn.jtvnw.net/emoticons/v2/emotesv2_006eb66033c4445887f53be648035551/default/dark/2.0", source: http://localhost:50695/emote-rain.js (19)
[0710/124450.630:INFO:CONSOLE(14)] "emotes: 0", source: http://localhost:50695/emote-rain.js (14)
[0710/124502.764:INFO:CONSOLE(14)] "emotes: 0", source: http://localhost:50695/emote-rain.js (14)
[0710/124536.969:INFO:CONSOLE(14)] "emotes: 0", source: http://localhost:50695/emote-rain.js (14)
[0710/124617.810:INFO:CONSOLE(14)] "emotes: 0", source: http://localhost:50695/emote-rain.js (14)
[0710/124629.445:INFO:CONSOLE(731)] "[reward-notifications] event rewardName=Отжимания", source: http://localhost:50695/reward-notifications.js (731)
[0710/124629.445:INFO:CONSOLE(731)] "[reward-notifications] reward matched: Отжимания group: Sport", source: http://localhost:50695/reward-notifications.js (731)
[0710/124629.445:INFO:CONSOLE(731)] "[reward-notifications] selection anchor source=id", source: http://localhost:50695/reward-notifications.js (731)
[0710/124803.933:INFO:CONSOLE(14)] "emotes: 0", source: http://localhost:50695/emote-rain.js (14)
[0710/125129.630:INFO:CONSOLE(14)] "emotes: 0", source: http://localhost:50695/emote-rain.js (14)
[0710/130002.585:INFO:CONSOLE(14)] "emotes: 0", source: http://localhost:50695/emote-rain.js (14)
[0710/130027.499:INFO:CONSOLE(14)] "emotes: 1", source: http://localhost:50695/emote-rain.js (14)
[0710/130027.499:INFO:CONSOLE(19)] "https://static-cdn.jtvnw.net/emoticons/v2/emotesv2_1aca565e82324eeab6298082a8d5e203/default/dark/2.0", source: http://localhost:50695/emote-rain.js (19)
[0710/130045.069:INFO:CONSOLE(14)] "emotes: 0", source: http://localhost:50695/emote-rain.js (14)
[0710/130050.257:INFO:CONSOLE(14)] "emotes: 0", source: http://localhost:50695/emote-rain.js (14)
[0710/130059.340:INFO:CONSOLE(14)] "emotes: 0", source: http://localhost:50695/emote-rain.js (14)
[0710/130136.464:INFO:CONSOLE(14)] "emotes: 0", source: http://localhost:50695/emote-rain.js (14)
[0710/132510.097:INFO:CONSOLE(14)] "emotes: 0", source: http://localhost:50695/emote-rain.js (14)
[0710/132522.274:INFO:CONSOLE(14)] "emotes: 0", source: http://localhost:50695/emote-rain.js (14)
[0710/132525.259:INFO:CONSOLE(14)] "emotes: 0", source: http://localhost:50695/emote-rain.js (14)
[0710/135448.179:INFO:CONSOLE(14)] "emotes: 0", source: http://localhost:50695/emote-rain.js (14)
[0710/163843.458:INFO:CONSOLE(14)] "emotes: 0", source: http://localhost:50695/emote-rain.js (14)
[0710/163855.260:INFO:CONSOLE(14)] "emotes: 0", source: http://localhost:50695/emote-rain.js (14)
[0710/164029.444:INFO:CONSOLE(14)] "emotes: 0", source: http://localhost:50695/emote-rain.js (14)
[0710/173934.553:INFO:CONSOLE(14)] "emotes: 0", source: http://localhost:50695/emote-rain.js (14)
[0710/174139.061:INFO:CONSOLE(14)] "emotes: 0", source: http://localhost:50695/emote-rain.js (14)
[0710/174145.361:INFO:CONSOLE(14)] "emotes: 0", source: http://localhost:50695/emote-rain.js (14)
[0710/174208.844:INFO:CONSOLE(14)] "emotes: 0", source: http://localhost:50695/emote-rain.js (14)
[0710/174222.855:INFO:CONSOLE(14)] "emotes: 0", source: http://localhost:50695/emote-rain.js (14)
[0710/174305.414:INFO:CONSOLE(14)] "emotes: 0", source: http://localhost:50695/emote-rain.js (14)
[0710/174311.180:INFO:CONSOLE(14)] "emotes: 0", source: http://localhost:50695/emote-rain.js (14)
[0710/174319.035:INFO:CONSOLE(14)] "emotes: 0", source: http://localhost:50695/emote-rain.js (14)
[0710/174325.587:INFO:CONSOLE(14)] "emotes: 0", source: http://localhost:50695/emote-rain.js (14)
[0710/174403.345:INFO:CONSOLE(14)] "emotes: 0", source: http://localhost:50695/emote-rain.js (14)
[0710/174446.173:INFO:CONSOLE(14)] "emotes: 0", source: http://localhost:50695/emote-rain.js (14)
[0710/174458.821:INFO:CONSOLE(14)] "emotes: 0", source: http://localhost:50695/emote-rain.js (14)
[0710/174500.156:INFO:CONSOLE(14)] "emotes: 0", source: http://localhost:50695/emote-rain.js (14)
[0710/174508.651:INFO:CONSOLE(14)] "emotes: 0", source: http://localhost:50695/emote-rain.js (14)
[0710/174515.376:INFO:CONSOLE(14)] "emotes: 0", source: http://localhost:50695/emote-rain.js (14)
[0710/174652.784:INFO:CONSOLE(14)] "emotes: 0", source: http://localhost:50695/emote-rain.js (14)
[0710/174658.264:INFO:CONSOLE(14)] "emotes: 0", source: http://localhost:50695/emote-rain.js (14)
[0710/174705.338:INFO:CONSOLE(14)] "emotes: 0", source: http://localhost:50695/emote-rain.js (14)
[0710/180002.708:INFO:CONSOLE(14)] "emotes: 1", source: http://localhost:50695/emote-rain.js (14)
[0710/180002.708:INFO:CONSOLE(19)] "https://static-cdn.jtvnw.net/emoticons/v2/emotesv2_d63fa138c51549729888a7d61c2c3944/default/dark/2.0", source: http://localhost:50695/emote-rain.js (19)
[0710/180015.849:INFO:CONSOLE(14)] "emotes: 1", source: http://localhost:50695/emote-rain.js (14)
[0710/180015.849:INFO:CONSOLE(19)] "https://static-cdn.jtvnw.net/emoticons/v2/160402/default/dark/2.0", source: http://localhost:50695/emote-rain.js (19)
[0710/180554.853:INFO:CONSOLE(14)] "emotes: 0", source: http://localhost:50695/emote-rain.js (14)
[0710/180609.284:INFO:CONSOLE(14)] "emotes: 0", source: http://localhost:50695/emote-rain.js (14)
[0710/180610.906:INFO:CONSOLE(14)] "emotes: 0", source: http://localhost:50695/emote-rain.js (14)
[0710/180625.996:INFO:CONSOLE(731)] "[reward-notifications] event rewardName=ЛОТ 2000", source: http://localhost:50695/reward-notifications.js (731)
[0710/180625.997:INFO:CONSOLE(731)] "[reward-notifications] reward candidates miss for лот 2000: Sport=бицес|планка|приседания|отжимания|пресс; Gears=водичка!|ровнее спинку!|запретить действие в игре или irl; GiggleDeath=посмеяться над смертью; Distract=отвлечь стримера", source: http://localhost:50695/reward-notifications.js (731)
[0710/180625.997:INFO:CONSOLE(731)] "[reward-notifications] reward skipped: ЛОТ 2000", source: http://localhost:50695/reward-notifications.js (731)
[0710/180641.263:INFO:CONSOLE(731)] "[reward-notifications] event rewardName=ЛОТ 2000", source: http://localhost:50695/reward-notifications.js (731)
[0710/180641.263:INFO:CONSOLE(731)] "[reward-notifications] reward candidates miss for лот 2000: Sport=бицес|планка|приседания|отжимания|пресс; Gears=водичка!|ровнее спинку!|запретить действие в игре или irl; GiggleDeath=посмеяться над смертью; Distract=отвлечь стримера", source: http://localhost:50695/reward-notifications.js (731)
[0710/180641.263:INFO:CONSOLE(731)] "[reward-notifications] reward skipped: ЛОТ 2000", source: http://localhost:50695/reward-notifications.js (731)
[0710/180700.026:INFO:CONSOLE(731)] "[reward-notifications] event rewardName=ЛОТ 200", source: http://localhost:50695/reward-notifications.js (731)
[0710/180700.026:INFO:CONSOLE(731)] "[reward-notifications] reward candidates miss for лот 200: Sport=бицес|планка|приседания|отжимания|пресс; Gears=водичка!|ровнее спинку!|запретить действие в игре или irl; GiggleDeath=посмеяться над смертью; Distract=отвлечь стримера", source: http://localhost:50695/reward-notifications.js (731)
[0710/180700.026:INFO:CONSOLE(731)] "[reward-notifications] reward skipped: ЛОТ 200", source: http://localhost:50695/reward-notifications.js (731)
[0710/180705.368:INFO:CONSOLE(731)] "[reward-notifications] event rewardName=ЛОТ 200", source: http://localhost:50695/reward-notifications.js (731)
[0710/180705.368:INFO:CONSOLE(731)] "[reward-notifications] reward candidates miss for лот 200: Sport=бицес|планка|приседания|отжимания|пресс; Gears=водичка!|ровнее спинку!|запретить действие в игре или irl; GiggleDeath=посмеяться над смертью; Distract=отвлечь стримера", source: http://localhost:50695/reward-notifications.js (731)
[0710/180705.368:INFO:CONSOLE(731)] "[reward-notifications] reward skipped: ЛОТ 200", source: http://localhost:50695/reward-notifications.js (731)
[0710/180821.965:INFO:CONSOLE(14)] "emotes: 0", source: http://localhost:50695/emote-rain.js (14)
[0710/180952.133:INFO:CONSOLE(731)] "[reward-notifications] event rewardName=ЛОТ 10000", source: http://localhost:50695/reward-notifications.js (731)
[0710/180952.133:INFO:CONSOLE(731)] "[reward-notifications] reward candidates miss for лот 10000: Sport=бицес|планка|приседания|отжимания|пресс; Gears=водичка!|ровнее спинку!|запретить действие в игре или irl; GiggleDeath=посмеяться над смертью; Distract=отвлечь стримера", source: http://localhost:50695/reward-notifications.js (731)
[0710/180952.134:INFO:CONSOLE(731)] "[reward-notifications] reward skipped: ЛОТ 10000", source: http://localhost:50695/reward-notifications.js (731)
[0710/181026.917:INFO:CONSOLE(14)] "emotes: 0", source: http://localhost:50695/emote-rain.js (14)
[0710/181032.051:INFO:CONSOLE(14)] "emotes: 0", source: http://localhost:50695/emote-rain.js (14)
[0710/181119.868:INFO:CONSOLE(14)] "emotes: 0", source: http://localhost:50695/emote-rain.js (14)
[0710/181125.158:INFO:CONSOLE(14)] "emotes: 0", source: http://localhost:50695/emote-rain.js (14)
[0710/181156.401:INFO:CONSOLE(731)] "[reward-notifications] event rewardName=ЛОТ 10000", source: http://localhost:50695/reward-notifications.js (731)
[0710/181156.401:INFO:CONSOLE(731)] "[reward-notifications] reward candidates miss for лот 10000: Sport=бицес|планка|приседания|отжимания|пресс; Gears=водичка!|ровнее спинку!|запретить действие в игре или irl; GiggleDeath=посмеяться над смертью; Distract=отвлечь стримера", source: http://localhost:50695/reward-notifications.js (731)
[0710/181156.401:INFO:CONSOLE(731)] "[reward-notifications] reward skipped: ЛОТ 10000", source: http://localhost:50695/reward-notifications.js (731)
[0710/181207.880:INFO:CONSOLE(14)] "emotes: 0", source: http://localhost:50695/emote-rain.js (14)
[0710/181216.163:INFO:CONSOLE(14)] "emotes: 0", source: http://localhost:50695/emote-rain.js (14)
[0710/181225.853:INFO:CONSOLE(14)] "emotes: 0", source: http://localhost:50695/emote-rain.js (14)
[0710/181231.941:INFO:CONSOLE(14)] "emotes: 0", source: http://localhost:50695/emote-rain.js (14)
[0710/181304.666:INFO:CONSOLE(731)] "[reward-notifications] event rewardName=ЛОТ 5000", source: http://localhost:50695/reward-notifications.js (731)
[0710/181304.666:INFO:CONSOLE(731)] "[reward-notifications] reward candidates miss for лот 5000: Sport=бицес|планка|приседания|отжимания|пресс; Gears=водичка!|ровнее спинку!|запретить действие в игре или irl; GiggleDeath=посмеяться над смертью; Distract=отвлечь стримера", source: http://localhost:50695/reward-notifications.js (731)
[0710/181304.666:INFO:CONSOLE(731)] "[reward-notifications] reward skipped: ЛОТ 5000", source: http://localhost:50695/reward-notifications.js (731)
[0710/181325.580:INFO:CONSOLE(14)] "emotes: 0", source: http://localhost:50695/emote-rain.js (14)
[0710/181331.930:INFO:CONSOLE(14)] "emotes: 0", source: http://localhost:50695/emote-rain.js (14)
[0710/181339.832:INFO:CONSOLE(14)] "emotes: 0", source: http://localhost:50695/emote-rain.js (14)
[0710/181353.777:INFO:CONSOLE(14)] "emotes: 0", source: http://localhost:50695/emote-rain.js (14)
[0710/181357.486:INFO:CONSOLE(14)] "emotes: 0", source: http://localhost:50695/emote-rain.js (14)
[0710/181441.442:INFO:CONSOLE(14)] "emotes: 0", source: http://localhost:50695/emote-rain.js (14)
[0710/181522.190:INFO:CONSOLE(731)] "[reward-notifications] event rewardName=ЛОТ 1000", source: http://localhost:50695/reward-notifications.js (731)
[0710/181522.190:INFO:CONSOLE(731)] "[reward-notifications] reward candidates miss for лот 1000: Sport=бицес|планка|приседания|отжимания|пресс; Gears=водичка!|ровнее спинку!|запретить действие в игре или irl; GiggleDeath=посмеяться над смертью; Distract=отвлечь стримера", source: http://localhost:50695/reward-notifications.js (731)
[0710/181522.190:INFO:CONSOLE(731)] "[reward-notifications] reward skipped: ЛОТ 1000", source: http://localhost:50695/reward-notifications.js (731)
[0710/181534.939:INFO:CONSOLE(14)] "emotes: 0", source: http://localhost:50695/emote-rain.js (14)
[0710/181538.300:INFO:CONSOLE(14)] "emotes: 0", source: http://localhost:50695/emote-rain.js (14)
[0710/181556.029:INFO:CONSOLE(14)] "emotes: 0", source: http://localhost:50695/emote-rain.js (14)
[0710/181607.420:INFO:CONSOLE(14)] "emotes: 0", source: http://localhost:50695/emote-rain.js (14)
[0710/181621.413:INFO:CONSOLE(14)] "emotes: 0", source: http://localhost:50695/emote-rain.js (14)
[0710/181630.348:INFO:CONSOLE(14)] "emotes: 0", source: http://localhost:50695/emote-rain.js (14)
[0710/181640.089:INFO:CONSOLE(14)] "emotes: 0", source: http://localhost:50695/emote-rain.js (14)
[0710/181646.992:INFO:CONSOLE(14)] "emotes: 0", source: http://localhost:50695/emote-rain.js (14)
[0710/181739.853:INFO:CONSOLE(14)] "emotes: 0", source: http://localhost:50695/emote-rain.js (14)
[0710/181743.600:INFO:CONSOLE(14)] "emotes: 0", source: http://localhost:50695/emote-rain.js (14)
[0710/181828.356:INFO:CONSOLE(14)] "emotes: 0", source: http://localhost:50695/emote-rain.js (14)
[0710/181838.336:INFO:CONSOLE(14)] "emotes: 0", source: http://localhost:50695/emote-rain.js (14)
[0710/181909.013:INFO:CONSOLE(731)] "[reward-notifications] event rewardName=ЛОТ 2000", source: http://localhost:50695/reward-notifications.js (731)
[0710/181909.013:INFO:CONSOLE(731)] "[reward-notifications] reward candidates miss for лот 2000: Sport=бицес|планка|приседания|отжимания|пресс; Gears=водичка!|ровнее спинку!|запретить действие в игре или irl; GiggleDeath=посмеяться над смертью; Distract=отвлечь стримера", source: http://localhost:50695/reward-notifications.js (731)
[0710/181909.013:INFO:CONSOLE(731)] "[reward-notifications] reward skipped: ЛОТ 2000", source: http://localhost:50695/reward-notifications.js (731)
[0710/181921.540:INFO:CONSOLE(731)] "[reward-notifications] event rewardName=ЛОТ 1000", source: http://localhost:50695/reward-notifications.js (731)
[0710/181921.540:INFO:CONSOLE(731)] "[reward-notifications] reward candidates miss for лот 1000: Sport=бицес|планка|приседания|отжимания|пресс; Gears=водичка!|ровнее спинку!|запретить действие в игре или irl; GiggleDeath=посмеяться над смертью; Distract=отвлечь стримера", source: http://localhost:50695/reward-notifications.js (731)
[0710/181921.540:INFO:CONSOLE(731)] "[reward-notifications] reward skipped: ЛОТ 1000", source: http://localhost:50695/reward-notifications.js (731)
[0710/181931.237:INFO:CONSOLE(731)] "[reward-notifications] event rewardName=ЛОТ 500", source: http://localhost:50695/reward-notifications.js (731)
[0710/181931.237:INFO:CONSOLE(731)] "[reward-notifications] reward candidates miss for лот 500: Sport=бицес|планка|приседания|отжимания|пресс; Gears=водичка!|ровнее спинку!|запретить действие в игре или irl; GiggleDeath=посмеяться над смертью; Distract=отвлечь стримера", source: http://localhost:50695/reward-notifications.js (731)
[0710/181931.237:INFO:CONSOLE(731)] "[reward-notifications] reward skipped: ЛОТ 500", source: http://localhost:50695/reward-notifications.js (731)
[0710/182005.456:INFO:CONSOLE(14)] "emotes: 0", source: http://localhost:50695/emote-rain.js (14)
[0710/182007.788:INFO:CONSOLE(14)] "emotes: 0", source: http://localhost:50695/emote-rain.js (14)
[0710/182027.973:INFO:CONSOLE(14)] "emotes: 0", source: http://localhost:50695/emote-rain.js (14)
[0710/182037.266:INFO:CONSOLE(14)] "emotes: 0", source: http://localhost:50695/emote-rain.js (14)
[0710/182212.886:INFO:CONSOLE(14)] "emotes: 0", source: http://localhost:50695/emote-rain.js (14)
[0710/182421.980:INFO:CONSOLE(731)] "[reward-notifications] event rewardName=ЛОТ 200", source: http://localhost:50695/reward-notifications.js (731)
[0710/182421.980:INFO:CONSOLE(731)] "[reward-notifications] reward candidates miss for лот 200: Sport=бицес|планка|приседания|отжимания|пресс; Gears=водичка!|ровнее спинку!|запретить действие в игре или irl; GiggleDeath=посмеяться над смертью; Distract=отвлечь стримера", source: http://localhost:50695/reward-notifications.js (731)
[0710/182421.980:INFO:CONSOLE(731)] "[reward-notifications] reward skipped: ЛОТ 200", source: http://localhost:50695/reward-notifications.js (731)
[0710/182622.242:INFO:CONSOLE(14)] "emotes: 0", source: http://localhost:50695/emote-rain.js (14)
[0710/182632.464:INFO:CONSOLE(14)] "emotes: 0", source: http://localhost:50695/emote-rain.js (14)
[0710/182705.085:INFO:CONSOLE(14)] "emotes: 0", source: http://localhost:50695/emote-rain.js (14)
[0710/182709.771:INFO:CONSOLE(14)] "emotes: 0", source: http://localhost:50695/emote-rain.js (14)
[0710/182719.539:INFO:CONSOLE(14)] "emotes: 0", source: http://localhost:50695/emote-rain.js (14)
[0710/182740.892:INFO:CONSOLE(14)] "emotes: 0", source: http://localhost:50695/emote-rain.js (14)
[0710/182744.531:INFO:CONSOLE(14)] "emotes: 0", source: http://localhost:50695/emote-rain.js (14)
[0710/182800.274:INFO:CONSOLE(731)] "[reward-notifications] event rewardName=ЛОТ 100", source: http://localhost:50695/reward-notifications.js (731)
[0710/182800.274:INFO:CONSOLE(731)] "[reward-notifications] reward candidates miss for лот 100: Sport=бицес|планка|приседания|отжимания|пресс; Gears=водичка!|ровнее спинку!|запретить действие в игре или irl; GiggleDeath=посмеяться над смертью; Distract=отвлечь стримера", source: http://localhost:50695/reward-notifications.js (731)
[0710/182800.274:INFO:CONSOLE(731)] "[reward-notifications] reward skipped: ЛОТ 100", source: http://localhost:50695/reward-notifications.js (731)
[0710/182820.379:INFO:CONSOLE(14)] "emotes: 0", source: http://localhost:50695/emote-rain.js (14)
[0710/182835.550:INFO:CONSOLE(14)] "emotes: 0", source: http://localhost:50695/emote-rain.js (14)
[0710/183009.754:INFO:CONSOLE(14)] "emotes: 0", source: http://localhost:50695/emote-rain.js (14)
[0710/183018.990:INFO:CONSOLE(14)] "emotes: 0", source: http://localhost:50695/emote-rain.js (14)
[0710/183043.512:INFO:CONSOLE(14)] "emotes: 0", source: http://localhost:50695/emote-rain.js (14)
[0710/183149.174:INFO:CONSOLE(14)] "emotes: 3", source: http://localhost:50695/emote-rain.js (14)
[0710/183149.174:INFO:CONSOLE(19)] "https://static-cdn.jtvnw.net/emoticons/v2/160402/default/dark/2.0", source: http://localhost:50695/emote-rain.js (19)
[0710/183149.174:INFO:CONSOLE(19)] "https://static-cdn.jtvnw.net/emoticons/v2/160402/default/dark/2.0", source: http://localhost:50695/emote-rain.js (19)
[0710/183149.174:INFO:CONSOLE(19)] "https://static-cdn.jtvnw.net/emoticons/v2/160402/default/dark/2.0", source: http://localhost:50695/emote-rain.js (19)
[0710/183351.868:INFO:CONSOLE(14)] "emotes: 0", source: http://localhost:50695/emote-rain.js (14)
[0710/183357.416:INFO:CONSOLE(14)] "emotes: 0", source: http://localhost:50695/emote-rain.js (14)
[0710/183410.665:INFO:CONSOLE(14)] "emotes: 0", source: http://localhost:50695/emote-rain.js (14)
[0710/183414.869:INFO:CONSOLE(14)] "emotes: 0", source: http://localhost:50695/emote-rain.js (14)
[0710/183424.705:INFO:CONSOLE(14)] "emotes: 0", source: http://localhost:50695/emote-rain.js (14)
[0710/183441.063:INFO:CONSOLE(14)] "emotes: 0", source: http://localhost:50695/emote-rain.js (14)
[0710/183448.560:INFO:CONSOLE(14)] "emotes: 0", source: http://localhost:50695/emote-rain.js (14)
[0710/183553.629:INFO:CONSOLE(14)] "emotes: 0", source: http://localhost:50695/emote-rain.js (14)
[0710/183629.854:INFO:CONSOLE(14)] "emotes: 0", source: http://localhost:50695/emote-rain.js (14)
[0710/183648.100:INFO:CONSOLE(14)] "emotes: 0", source: http://localhost:50695/emote-rain.js (14)
[0710/183911.751:INFO:CONSOLE(14)] "emotes: 0", source: http://localhost:50695/emote-rain.js (14)
[0710/183912.569:INFO:CONSOLE(14)] "emotes: 0", source: http://localhost:50695/emote-rain.js (14)
[0710/183921.481:INFO:CONSOLE(14)] "emotes: 0", source: http://localhost:50695/emote-rain.js (14)
[0710/184150.641:ERROR:browser_process_sub_thread.cc(221)] Waited 20 ms for network service
[0710/210234.654:INFO:CONSOLE(59)] "[reward-notifications] script loaded", source: http://localhost:50661/reward-notifications.js (59)
[0710/210234.656:INFO:CONSOLE(86)] "[reward-notifications] listener attached", source: http://localhost:50661/reward-notifications.js (86)
[0710/211335.487:INFO:CONSOLE(176)] "WebSocket connection to 'ws://127.0.0.1:8080/' failed: Error in connection establishment: net::ERR_CONNECTION_REFUSED", source: https://cdn.skypack.dev/-/@streamerbot/client@v1.12.2-9BnWw0CDQ2fH1klZ4JSh/dist=es2019,mode=imports/optimized/@streamerbot/client.js (176)
[0710/211335.489:INFO:CONSOLE(83)] "Failed to reconnect (attempt 1)", source: https://cdn.skypack.dev/-/@streamerbot/client@v1.12.2-9BnWw0CDQ2fH1klZ4JSh/dist=es2019,mode=imports/optimized/@streamerbot/client.js (83)
[0710/211339.527:INFO:CONSOLE(176)] "WebSocket connection to 'ws://127.0.0.1:8080/' failed: Error in connection establishment: net::ERR_CONNECTION_REFUSED", source: https://cdn.skypack.dev/-/@streamerbot/client@v1.12.2-9BnWw0CDQ2fH1klZ4JSh/dist=es2019,mode=imports/optimized/@streamerbot/client.js (176)
[0710/211339.527:INFO:CONSOLE(83)] "Failed to reconnect (attempt 2)", source: https://cdn.skypack.dev/-/@streamerbot/client@v1.12.2-9BnWw0CDQ2fH1klZ4JSh/dist=es2019,mode=imports/optimized/@streamerbot/client.js (83)
[0710/211344.568:INFO:CONSOLE(176)] "WebSocket connection to 'ws://127.0.0.1:8080/' failed: Error in connection establishment: net::ERR_CONNECTION_REFUSED", source: https://cdn.skypack.dev/-/@streamerbot/client@v1.12.2-9BnWw0CDQ2fH1klZ4JSh/dist=es2019,mode=imports/optimized/@streamerbot/client.js (176)
[0710/211344.568:INFO:CONSOLE(83)] "Failed to reconnect (attempt 3)", source: https://cdn.skypack.dev/-/@streamerbot/client@v1.12.2-9BnWw0CDQ2fH1klZ4JSh/dist=es2019,mode=imports/optimized/@streamerbot/client.js (83)
[0710/211350.605:INFO:CONSOLE(176)] "WebSocket connection to 'ws://127.0.0.1:8080/' failed: Error in connection establishment: net::ERR_CONNECTION_REFUSED", source: https://cdn.skypack.dev/-/@streamerbot/client@v1.12.2-9BnWw0CDQ2fH1klZ4JSh/dist=es2019,mode=imports/optimized/@streamerbot/client.js (176)
[0710/211350.605:INFO:CONSOLE(83)] "Failed to reconnect (attempt 4)", source: https://cdn.skypack.dev/-/@streamerbot/client@v1.12.2-9BnWw0CDQ2fH1klZ4JSh/dist=es2019,mode=imports/optimized/@streamerbot/client.js (83)
[0710/211401.231:INFO:CONSOLE(59)] "[reward-notifications] script loaded", source: http://localhost:52627/reward-notifications.js (59)
[0710/211401.231:INFO:CONSOLE(86)] "[reward-notifications] listener attached", source: http://localhost:52627/reward-notifications.js (86)
[0710/213021.793:INFO:CONSOLE(14)] "emotes: 0", source: http://localhost:50661/emote-rain.js (14)
[0710/213021.793:INFO:CONSOLE(14)] "emotes: 0", source: http://localhost:52627/emote-rain.js (14)
[0710/213143.061:INFO:CONSOLE(14)] "emotes: 0", source: http://localhost:50661/emote-rain.js (14)
[0710/213143.062:INFO:CONSOLE(14)] "emotes: 0", source: http://localhost:52627/emote-rain.js (14)
[0710/213347.675:INFO:CONSOLE(14)] "emotes: 0", source: http://localhost:50661/emote-rain.js (14)
[0710/213347.675:INFO:CONSOLE(14)] "emotes: 0", source: http://localhost:52627/emote-rain.js (14)
[0710/214254.957:ERROR:browser_process_sub_thread.cc(221)] Waited 13 ms for network service
[0710/214255.823:ERROR:browser_process_sub_thread.cc(221)] Waited 11 ms for network service
[0711/073119.932:INFO:CONSOLE(59)] "[reward-notifications] script loaded", source: http://localhost:58375/reward-notifications.js (59)
[0711/073119.932:INFO:CONSOLE(86)] "[reward-notifications] listener attached", source: http://localhost:58375/reward-notifications.js (86)
[0711/080626.878:INFO:CONSOLE(14)] "emotes: 0", source: http://localhost:58375/emote-rain.js (14)
[0711/080630.184:INFO:CONSOLE(14)] "emotes: 0", source: http://localhost:58375/emote-rain.js (14)
[0711/080633.147:INFO:CONSOLE(14)] "emotes: 0", source: http://localhost:58375/emote-rain.js (14)
[0711/081134.746:INFO:CONSOLE(14)] "emotes: 0", source: http://localhost:58375/emote-rain.js (14)
[0711/081137.441:INFO:CONSOLE(14)] "emotes: 0", source: http://localhost:58375/emote-rain.js (14)
[0711/081139.813:INFO:CONSOLE(14)] "emotes: 0", source: http://localhost:58375/emote-rain.js (14)
[0711/081142.199:INFO:CONSOLE(14)] "emotes: 0", source: http://localhost:58375/emote-rain.js (14)
[0711/082238.357:INFO:CONSOLE(14)] "emotes: 0", source: http://localhost:58375/emote-rain.js (14)
[0711/082241.334:INFO:CONSOLE(14)] "emotes: 0", source: http://localhost:58375/emote-rain.js (14)
[0711/083249.421:INFO:CONSOLE(176)] "WebSocket connection to 'ws://127.0.0.1:8080/' failed: Error in connection establishment: net::ERR_CONNECTION_REFUSED", source: https://cdn.skypack.dev/-/@streamerbot/client@v1.12.2-9BnWw0CDQ2fH1klZ4JSh/dist=es2019,mode=imports/optimized/@streamerbot/client.js (176)
[0711/083249.421:INFO:CONSOLE(83)] "Failed to reconnect (attempt 1)", source: https://cdn.skypack.dev/-/@streamerbot/client@v1.12.2-9BnWw0CDQ2fH1klZ4JSh/dist=es2019,mode=imports/optimized/@streamerbot/client.js (83)
[0711/083253.456:INFO:CONSOLE(176)] "WebSocket connection to 'ws://127.0.0.1:8080/' failed: Error in connection establishment: net::ERR_CONNECTION_REFUSED", source: https://cdn.skypack.dev/-/@streamerbot/client@v1.12.2-9BnWw0CDQ2fH1klZ4JSh/dist=es2019,mode=imports/optimized/@streamerbot/client.js (176)
[0711/083253.456:INFO:CONSOLE(83)] "Failed to reconnect (attempt 2)", source: https://cdn.skypack.dev/-/@streamerbot/client@v1.12.2-9BnWw0CDQ2fH1klZ4JSh/dist=es2019,mode=imports/optimized/@streamerbot/client.js (83)
[0711/083258.490:INFO:CONSOLE(176)] "WebSocket connection to 'ws://127.0.0.1:8080/' failed: Error in connection establishment: net::ERR_CONNECTION_REFUSED", source: https://cdn.skypack.dev/-/@streamerbot/client@v1.12.2-9BnWw0CDQ2fH1klZ4JSh/dist=es2019,mode=imports/optimized/@streamerbot/client.js (176)
[0711/083258.490:INFO:CONSOLE(83)] "Failed to reconnect (attempt 3)", source: https://cdn.skypack.dev/-/@streamerbot/client@v1.12.2-9BnWw0CDQ2fH1klZ4JSh/dist=es2019,mode=imports/optimized/@streamerbot/client.js (83)
[0711/083304.316:INFO:CONSOLE(59)] "[reward-notifications] script loaded", source: http://localhost:55303/reward-notifications.js (59)
[0711/083304.316:INFO:CONSOLE(86)] "[reward-notifications] listener attached", source: http://localhost:55303/reward-notifications.js (86)
[0711/083601.277:INFO:CONSOLE(14)] "emotes: 0", source: http://localhost:55303/emote-rain.js (14)
[0711/083601.280:INFO:CONSOLE(14)] "emotes: 0", source: http://localhost:58375/emote-rain.js (14)
[0711/084055.856:INFO:CONSOLE(14)] "emotes: 0", source: http://localhost:55303/emote-rain.js (14)
[0711/084055.859:INFO:CONSOLE(14)] "emotes: 0", source: http://localhost:58375/emote-rain.js (14)
[0711/084435.103:INFO:CONSOLE(14)] "emotes: 0", source: http://localhost:55303/emote-rain.js (14)
[0711/084435.103:INFO:CONSOLE(14)] "emotes: 0", source: http://localhost:58375/emote-rain.js (14)
[0711/084908.831:INFO:CONSOLE(14)] "emotes: 0", source: http://localhost:55303/emote-rain.js (14)
[0711/084908.832:INFO:CONSOLE(14)] "emotes: 0", source: http://localhost:58375/emote-rain.js (14)
[0711/084916.686:INFO:CONSOLE(14)] "emotes: 0", source: http://localhost:55303/emote-rain.js (14)
[0711/084916.687:INFO:CONSOLE(14)] "emotes: 0", source: http://localhost:58375/emote-rain.js (14)
[0711/084921.801:INFO:CONSOLE(14)] "emotes: 0", source: http://localhost:55303/emote-rain.js (14)
[0711/084921.805:INFO:CONSOLE(14)] "emotes: 0", source: http://localhost:58375/emote-rain.js (14)
[0711/084926.980:INFO:CONSOLE(14)] "emotes: 0", source: http://localhost:55303/emote-rain.js (14)
[0711/084926.980:INFO:CONSOLE(14)] "emotes: 0", source: http://localhost:58375/emote-rain.js (14)
[0711/085037.227:INFO:CONSOLE(14)] "emotes: 0", source: http://localhost:55303/emote-rain.js (14)
[0711/085037.228:INFO:CONSOLE(14)] "emotes: 0", source: http://localhost:58375/emote-rain.js (14)
[0711/085041.179:INFO:CONSOLE(14)] "emotes: 0", source: http://localhost:55303/emote-rain.js (14)
[0711/085041.179:INFO:CONSOLE(14)] "emotes: 0", source: http://localhost:58375/emote-rain.js (14)
[0711/085150.055:INFO:CONSOLE(14)] "emotes: 0", source: http://localhost:55303/emote-rain.js (14)
[0711/085150.056:INFO:CONSOLE(14)] "emotes: 0", source: http://localhost:58375/emote-rain.js (14)
[0711/085432.665:INFO:CONSOLE(14)] "emotes: 0", source: http://localhost:55303/emote-rain.js (14)
[0711/085432.665:INFO:CONSOLE(14)] "emotes: 0", source: http://localhost:58375/emote-rain.js (14)
[0711/085457.128:INFO:CONSOLE(14)] "emotes: 0", source: http://localhost:55303/emote-rain.js (14)
[0711/085457.129:INFO:CONSOLE(14)] "emotes: 0", source: http://localhost:58375/emote-rain.js (14)
[0711/085503.477:INFO:CONSOLE(14)] "emotes: 0", source: http://localhost:55303/emote-rain.js (14)
[0711/085503.487:INFO:CONSOLE(14)] "emotes: 0", source: http://localhost:58375/emote-rain.js (14)
[0711/085513.561:INFO:CONSOLE(14)] "emotes: 0", source: http://localhost:55303/emote-rain.js (14)
[0711/085513.563:INFO:CONSOLE(14)] "emotes: 0", source: http://localhost:58375/emote-rain.js (14)
[0711/085517.167:INFO:CONSOLE(14)] "emotes: 0", source: http://localhost:55303/emote-rain.js (14)
[0711/085517.167:INFO:CONSOLE(14)] "emotes: 0", source: http://localhost:58375/emote-rain.js (14)
[0711/085558.778:INFO:CONSOLE(14)] "emotes: 0", source: http://localhost:55303/emote-rain.js (14)
[0711/085558.780:INFO:CONSOLE(14)] "emotes: 0", source: http://localhost:58375/emote-rain.js (14)
[0711/085627.971:INFO:CONSOLE(14)] "emotes: 0", source: http://localhost:58375/emote-rain.js (14)
[0711/085627.971:INFO:CONSOLE(14)] "emotes: 0", source: http://localhost:55303/emote-rain.js (14)
[0711/085635.600:INFO:CONSOLE(14)] "emotes: 0", source: http://localhost:55303/emote-rain.js (14)
[0711/085635.602:INFO:CONSOLE(14)] "emotes: 0", source: http://localhost:58375/emote-rain.js (14)
[0711/085637.944:INFO:CONSOLE(14)] "emotes: 0", source: http://localhost:55303/emote-rain.js (14)
[0711/085637.945:INFO:CONSOLE(14)] "emotes: 0", source: http://localhost:58375/emote-rain.js (14)
[0711/090159.928:INFO:CONSOLE(14)] "emotes: 0", source: http://localhost:55303/emote-rain.js (14)
[0711/090159.929:INFO:CONSOLE(14)] "emotes: 0", source: http://localhost:58375/emote-rain.js (14)
[0711/090202.855:INFO:CONSOLE(14)] "emotes: 0", source: http://localhost:55303/emote-rain.js (14)
[0711/090202.855:INFO:CONSOLE(14)] "emotes: 0", source: http://localhost:58375/emote-rain.js (14)
[0711/090212.234:INFO:CONSOLE(14)] "emotes: 0", source: http://localhost:55303/emote-rain.js (14)
[0711/090212.234:INFO:CONSOLE(14)] "emotes: 0", source: http://localhost:58375/emote-rain.js (14)
[0711/090214.734:INFO:CONSOLE(14)] "emotes: 0", source: http://localhost:55303/emote-rain.js (14)
[0711/090214.734:INFO:CONSOLE(14)] "emotes: 0", source: http://localhost:58375/emote-rain.js (14)
[0711/090216.251:INFO:CONSOLE(14)] "emotes: 0", source: http://localhost:55303/emote-rain.js (14)
[0711/090216.253:INFO:CONSOLE(14)] "emotes: 0", source: http://localhost:58375/emote-rain.js (14)
[0711/090226.743:INFO:CONSOLE(14)] "emotes: 0", source: http://localhost:55303/emote-rain.js (14)
[0711/090226.744:INFO:CONSOLE(14)] "emotes: 0", source: http://localhost:58375/emote-rain.js (14)
[0711/090251.979:INFO:CONSOLE(14)] "emotes: 0", source: http://localhost:55303/emote-rain.js (14)
[0711/090251.979:INFO:CONSOLE(14)] "emotes: 0", source: http://localhost:58375/emote-rain.js (14)
[0711/093228.356:INFO:CONSOLE(14)] "emotes: 0", source: http://localhost:55303/emote-rain.js (14)
[0711/093228.357:INFO:CONSOLE(14)] "emotes: 0", source: http://localhost:58375/emote-rain.js (14)
[0711/093233.252:INFO:CONSOLE(14)] "emotes: 0", source: http://localhost:55303/emote-rain.js (14)
[0711/093233.252:INFO:CONSOLE(14)] "emotes: 0", source: http://localhost:58375/emote-rain.js (14)
[0711/093237.360:INFO:CONSOLE(14)] "emotes: 0", source: http://localhost:55303/emote-rain.js (14)
[0711/093237.360:INFO:CONSOLE(14)] "emotes: 0", source: http://localhost:58375/emote-rain.js (14)
[0711/093240.400:INFO:CONSOLE(14)] "emotes: 0", source: http://localhost:55303/emote-rain.js (14)
[0711/093240.405:INFO:CONSOLE(14)] "emotes: 0", source: http://localhost:58375/emote-rain.js (14)
[0711/093302.255:INFO:CONSOLE(14)] "emotes: 0", source: http://localhost:55303/emote-rain.js (14)
[0711/093302.256:INFO:CONSOLE(14)] "emotes: 0", source: http://localhost:58375/emote-rain.js (14)
[0711/093305.232:INFO:CONSOLE(14)] "emotes: 0", source: http://localhost:55303/emote-rain.js (14)
[0711/093305.233:INFO:CONSOLE(14)] "emotes: 0", source: http://localhost:58375/emote-rain.js (14)
[0711/093309.901:INFO:CONSOLE(14)] "emotes: 0", source: http://localhost:55303/emote-rain.js (14)
[0711/093309.903:INFO:CONSOLE(14)] "emotes: 0", source: http://localhost:58375/emote-rain.js (14)
[0711/093801.074:INFO:CONSOLE(14)] "emotes: 0", source: http://localhost:55303/emote-rain.js (14)
[0711/093801.078:INFO:CONSOLE(14)] "emotes: 0", source: http://localhost:58375/emote-rain.js (14)
[0711/093805.353:INFO:CONSOLE(14)] "emotes: 0", source: http://localhost:55303/emote-rain.js (14)
[0711/093805.353:INFO:CONSOLE(14)] "emotes: 0", source: http://localhost:58375/emote-rain.js (14)
[0711/093811.377:INFO:CONSOLE(14)] "emotes: 0", source: http://localhost:55303/emote-rain.js (14)
[0711/093811.378:INFO:CONSOLE(14)] "emotes: 0", source: http://localhost:58375/emote-rain.js (14)
[0711/093815.029:INFO:CONSOLE(14)] "emotes: 0", source: http://localhost:55303/emote-rain.js (14)
[0711/093815.030:INFO:CONSOLE(14)] "emotes: 0", source: http://localhost:58375/emote-rain.js (14)
[0711/093818.421:INFO:CONSOLE(14)] "emotes: 0", source: http://localhost:55303/emote-rain.js (14)
[0711/093818.421:INFO:CONSOLE(14)] "emotes: 0", source: http://localhost:58375/emote-rain.js (14)
[0711/093926.601:INFO:CONSOLE(14)] "emotes: 0", source: http://localhost:55303/emote-rain.js (14)
[0711/093926.603:INFO:CONSOLE(14)] "emotes: 0", source: http://localhost:58375/emote-rain.js (14)
[0711/094153.539:INFO:CONSOLE(14)] "emotes: 0", source: http://localhost:55303/emote-rain.js (14)
[0711/094153.540:INFO:CONSOLE(14)] "emotes: 0", source: http://localhost:58375/emote-rain.js (14)
[0711/094156.002:INFO:CONSOLE(14)] "emotes: 0", source: http://localhost:55303/emote-rain.js (14)
[0711/094156.003:INFO:CONSOLE(14)] "emotes: 0", source: http://localhost:58375/emote-rain.js (14)
[0711/094200.747:INFO:CONSOLE(14)] "emotes: 0", source: http://localhost:55303/emote-rain.js (14)
[0711/094200.747:INFO:CONSOLE(14)] "emotes: 0", source: http://localhost:58375/emote-rain.js (14)
[0711/094213.245:INFO:CONSOLE(14)] "emotes: 0", source: http://localhost:55303/emote-rain.js (14)
[0711/094213.246:INFO:CONSOLE(14)] "emotes: 0", source: http://localhost:58375/emote-rain.js (14)
[0711/094216.878:INFO:CONSOLE(14)] "emotes: 0", source: http://localhost:55303/emote-rain.js (14)
[0711/094216.879:INFO:CONSOLE(14)] "emotes: 0", source: http://localhost:58375/emote-rain.js (14)
[0711/094219.334:INFO:CONSOLE(14)] "emotes: 0", source: http://localhost:55303/emote-rain.js (14)
[0711/094219.334:INFO:CONSOLE(14)] "emotes: 0", source: http://localhost:58375/emote-rain.js (14)
[0711/094221.696:INFO:CONSOLE(14)] "emotes: 0", source: http://localhost:55303/emote-rain.js (14)
[0711/094221.696:INFO:CONSOLE(14)] "emotes: 0", source: http://localhost:58375/emote-rain.js (14)
[0711/094242.942:INFO:CONSOLE(14)] "emotes: 0", source: http://localhost:55303/emote-rain.js (14)
[0711/094242.944:INFO:CONSOLE(14)] "emotes: 0", source: http://localhost:58375/emote-rain.js (14)
[0711/094245.089:INFO:CONSOLE(14)] "emotes: 0", source: http://localhost:55303/emote-rain.js (14)
[0711/094245.090:INFO:CONSOLE(14)] "emotes: 0", source: http://localhost:58375/emote-rain.js (14)
[0711/094247.387:INFO:CONSOLE(14)] "emotes: 0", source: http://localhost:55303/emote-rain.js (14)
[0711/094247.388:INFO:CONSOLE(14)] "emotes: 0", source: http://localhost:58375/emote-rain.js (14)
[0711/094315.556:INFO:CONSOLE(176)] "WebSocket connection to 'ws://127.0.0.1:8080/' failed: Error in connection establishment: net::ERR_CONNECTION_REFUSED", source: https://cdn.skypack.dev/-/@streamerbot/client@v1.12.2-9BnWw0CDQ2fH1klZ4JSh/dist=es2019,mode=imports/optimized/@streamerbot/client.js (176)
[0711/094315.556:INFO:CONSOLE(83)] "Failed to reconnect (attempt 1)", source: https://cdn.skypack.dev/-/@streamerbot/client@v1.12.2-9BnWw0CDQ2fH1klZ4JSh/dist=es2019,mode=imports/optimized/@streamerbot/client.js (83)
[0711/094315.556:INFO:CONSOLE(176)] "WebSocket connection to 'ws://127.0.0.1:8080/' failed: Error in connection establishment: net::ERR_CONNECTION_REFUSED", source: https://cdn.skypack.dev/-/@streamerbot/client@v1.12.2-9BnWw0CDQ2fH1klZ4JSh/dist=es2019,mode=imports/optimized/@streamerbot/client.js (176)
[0711/094315.556:INFO:CONSOLE(83)] "Failed to reconnect (attempt 1)", source: https://cdn.skypack.dev/-/@streamerbot/client@v1.12.2-9BnWw0CDQ2fH1klZ4JSh/dist=es2019,mode=imports/optimized/@streamerbot/client.js (83)
[0711/094319.596:INFO:CONSOLE(176)] "WebSocket connection to 'ws://127.0.0.1:8080/' failed: Error in connection establishment: net::ERR_CONNECTION_REFUSED", source: https://cdn.skypack.dev/-/@streamerbot/client@v1.12.2-9BnWw0CDQ2fH1klZ4JSh/dist=es2019,mode=imports/optimized/@streamerbot/client.js (176)
[0711/094319.596:INFO:CONSOLE(83)] "Failed to reconnect (attempt 2)", source: https://cdn.skypack.dev/-/@streamerbot/client@v1.12.2-9BnWw0CDQ2fH1klZ4JSh/dist=es2019,mode=imports/optimized/@streamerbot/client.js (83)
[0711/094319.597:INFO:CONSOLE(176)] "WebSocket connection to 'ws://127.0.0.1:8080/' failed: Error in connection establishment: net::ERR_CONNECTION_REFUSED", source: https://cdn.skypack.dev/-/@streamerbot/client@v1.12.2-9BnWw0CDQ2fH1klZ4JSh/dist=es2019,mode=imports/optimized/@streamerbot/client.js (176)
[0711/094319.597:INFO:CONSOLE(83)] "Failed to reconnect (attempt 2)", source: https://cdn.skypack.dev/-/@streamerbot/client@v1.12.2-9BnWw0CDQ2fH1klZ4JSh/dist=es2019,mode=imports/optimized/@streamerbot/client.js (83)
[0711/094319.943:ERROR:browser_process_sub_thread.cc(221)] Waited 13 ms for network service
[0711/094320.925:ERROR:browser_process_sub_thread.cc(221)] Waited 12 ms for network service
[0711/111939.036:INFO:CONSOLE(59)] "[reward-notifications] script loaded", source: http://localhost:58840/reward-notifications.js (59)
[0711/111939.037:INFO:CONSOLE(86)] "[reward-notifications] listener attached", source: http://localhost:58840/reward-notifications.js (86)
[0711/111948.877:INFO:CONSOLE(176)] "WebSocket connection to 'ws://127.0.0.1:8080/' failed: Error in connection establishment: net::ERR_CONNECTION_REFUSED", source: https://cdn.skypack.dev/-/@streamerbot/client@v1.12.2-9BnWw0CDQ2fH1klZ4JSh/dist=es2019,mode=imports/optimized/@streamerbot/client.js (176)
[0711/111948.878:INFO:CONSOLE(83)] "Failed to reconnect (attempt 1)", source: https://cdn.skypack.dev/-/@streamerbot/client@v1.12.2-9BnWw0CDQ2fH1klZ4JSh/dist=es2019,mode=imports/optimized/@streamerbot/client.js (83)
[0711/111952.928:INFO:CONSOLE(176)] "WebSocket connection to 'ws://127.0.0.1:8080/' failed: Error in connection establishment: net::ERR_CONNECTION_REFUSED", source: https://cdn.skypack.dev/-/@streamerbot/client@v1.12.2-9BnWw0CDQ2fH1klZ4JSh/dist=es2019,mode=imports/optimized/@streamerbot/client.js (176)
[0711/111952.929:INFO:CONSOLE(83)] "Failed to reconnect (attempt 2)", source: https://cdn.skypack.dev/-/@streamerbot/client@v1.12.2-9BnWw0CDQ2fH1klZ4JSh/dist=es2019,mode=imports/optimized/@streamerbot/client.js (83)
[0711/111957.967:INFO:CONSOLE(176)] "WebSocket connection to 'ws://127.0.0.1:8080/' failed: Error in connection establishment: net::ERR_CONNECTION_REFUSED", source: https://cdn.skypack.dev/-/@streamerbot/client@v1.12.2-9BnWw0CDQ2fH1klZ4JSh/dist=es2019,mode=imports/optimized/@streamerbot/client.js (176)
[0711/111957.967:INFO:CONSOLE(83)] "Failed to reconnect (attempt 3)", source: https://cdn.skypack.dev/-/@streamerbot/client@v1.12.2-9BnWw0CDQ2fH1klZ4JSh/dist=es2019,mode=imports/optimized/@streamerbot/client.js (83)
[0711/112004.002:INFO:CONSOLE(176)] "WebSocket connection to 'ws://127.0.0.1:8080/' failed: Error in connection establishment: net::ERR_CONNECTION_REFUSED", source: https://cdn.skypack.dev/-/@streamerbot/client@v1.12.2-9BnWw0CDQ2fH1klZ4JSh/dist=es2019,mode=imports/optimized/@streamerbot/client.js (176)
[0711/112004.002:INFO:CONSOLE(83)] "Failed to reconnect (attempt 4)", source: https://cdn.skypack.dev/-/@streamerbot/client@v1.12.2-9BnWw0CDQ2fH1klZ4JSh/dist=es2019,mode=imports/optimized/@streamerbot/client.js (83)
[0711/112011.052:INFO:CONSOLE(176)] "WebSocket connection to 'ws://127.0.0.1:8080/' failed: Error in connection establishment: net::ERR_CONNECTION_REFUSED", source: https://cdn.skypack.dev/-/@streamerbot/client@v1.12.2-9BnWw0CDQ2fH1klZ4JSh/dist=es2019,mode=imports/optimized/@streamerbot/client.js (176)
[0711/112011.052:INFO:CONSOLE(83)] "Failed to reconnect (attempt 5)", source: https://cdn.skypack.dev/-/@streamerbot/client@v1.12.2-9BnWw0CDQ2fH1klZ4JSh/dist=es2019,mode=imports/optimized/@streamerbot/client.js (83)
[0711/112019.101:INFO:CONSOLE(176)] "WebSocket connection to 'ws://127.0.0.1:8080/' failed: Error in connection establishment: net::ERR_CONNECTION_REFUSED", source: https://cdn.skypack.dev/-/@streamerbot/client@v1.12.2-9BnWw0CDQ2fH1klZ4JSh/dist=es2019,mode=imports/optimized/@streamerbot/client.js (176)
[0711/112019.102:INFO:CONSOLE(83)] "Failed to reconnect (attempt 6)", source: https://cdn.skypack.dev/-/@streamerbot/client@v1.12.2-9BnWw0CDQ2fH1klZ4JSh/dist=es2019,mode=imports/optimized/@streamerbot/client.js (83)
[0711/112028.141:INFO:CONSOLE(176)] "WebSocket connection to 'ws://127.0.0.1:8080/' failed: Error in connection establishment: net::ERR_CONNECTION_REFUSED", source: https://cdn.skypack.dev/-/@streamerbot/client@v1.12.2-9BnWw0CDQ2fH1klZ4JSh/dist=es2019,mode=imports/optimized/@streamerbot/client.js (176)
[0711/112028.141:INFO:CONSOLE(83)] "Failed to reconnect (attempt 7)", source: https://cdn.skypack.dev/-/@streamerbot/client@v1.12.2-9BnWw0CDQ2fH1klZ4JSh/dist=es2019,mode=imports/optimized/@streamerbot/client.js (83)
[0711/112038.189:INFO:CONSOLE(176)] "WebSocket connection to 'ws://127.0.0.1:8080/' failed: Error in connection establishment: net::ERR_CONNECTION_REFUSED", source: https://cdn.skypack.dev/-/@streamerbot/client@v1.12.2-9BnWw0CDQ2fH1klZ4JSh/dist=es2019,mode=imports/optimized/@streamerbot/client.js (176)
[0711/112038.189:INFO:CONSOLE(83)] "Failed to reconnect (attempt 8)", source: https://cdn.skypack.dev/-/@streamerbot/client@v1.12.2-9BnWw0CDQ2fH1klZ4JSh/dist=es2019,mode=imports/optimized/@streamerbot/client.js (83)
[0711/112049.231:INFO:CONSOLE(176)] "WebSocket connection to 'ws://127.0.0.1:8080/' failed: Error in connection establishment: net::ERR_CONNECTION_REFUSED", source: https://cdn.skypack.dev/-/@streamerbot/client@v1.12.2-9BnWw0CDQ2fH1klZ4JSh/dist=es2019,mode=imports/optimized/@streamerbot/client.js (176)
[0711/112049.233:INFO:CONSOLE(83)] "Failed to reconnect (attempt 9)", source: https://cdn.skypack.dev/-/@streamerbot/client@v1.12.2-9BnWw0CDQ2fH1klZ4JSh/dist=es2019,mode=imports/optimized/@streamerbot/client.js (83)
[0711/112101.267:INFO:CONSOLE(176)] "WebSocket connection to 'ws://127.0.0.1:8080/' failed: Error in connection establishment: net::ERR_CONNECTION_REFUSED", source: https://cdn.skypack.dev/-/@streamerbot/client@v1.12.2-9BnWw0CDQ2fH1klZ4JSh/dist=es2019,mode=imports/optimized/@streamerbot/client.js (176)
[0711/112101.267:INFO:CONSOLE(83)] "Failed to reconnect (attempt 10)", source: https://cdn.skypack.dev/-/@streamerbot/client@v1.12.2-9BnWw0CDQ2fH1klZ4JSh/dist=es2019,mode=imports/optimized/@streamerbot/client.js (83)
[0711/112114.309:INFO:CONSOLE(176)] "WebSocket connection to 'ws://127.0.0.1:8080/' failed: Error in connection establishment: net::ERR_CONNECTION_REFUSED", source: https://cdn.skypack.dev/-/@streamerbot/client@v1.12.2-9BnWw0CDQ2fH1klZ4JSh/dist=es2019,mode=imports/optimized/@streamerbot/client.js (176)
[0711/112114.309:INFO:CONSOLE(83)] "Failed to reconnect (attempt 11)", source: https://cdn.skypack.dev/-/@streamerbot/client@v1.12.2-9BnWw0CDQ2fH1klZ4JSh/dist=es2019,mode=imports/optimized/@streamerbot/client.js (83)
[0711/112128.352:INFO:CONSOLE(176)] "WebSocket connection to 'ws://127.0.0.1:8080/' failed: Error in connection establishment: net::ERR_CONNECTION_REFUSED", source: https://cdn.skypack.dev/-/@streamerbot/client@v1.12.2-9BnWw0CDQ2fH1klZ4JSh/dist=es2019,mode=imports/optimized/@streamerbot/client.js (176)
[0711/112128.352:INFO:CONSOLE(83)] "Failed to reconnect (attempt 12)", source: https://cdn.skypack.dev/-/@streamerbot/client@v1.12.2-9BnWw0CDQ2fH1klZ4JSh/dist=es2019,mode=imports/optimized/@streamerbot/client.js (83)
[0711/112143.396:INFO:CONSOLE(176)] "WebSocket connection to 'ws://127.0.0.1:8080/' failed: Error in connection establishment: net::ERR_CONNECTION_REFUSED", source: https://cdn.skypack.dev/-/@streamerbot/client@v1.12.2-9BnWw0CDQ2fH1klZ4JSh/dist=es2019,mode=imports/optimized/@streamerbot/client.js (176)
[0711/112143.396:INFO:CONSOLE(83)] "Failed to reconnect (attempt 13)", source: https://cdn.skypack.dev/-/@streamerbot/client@v1.12.2-9BnWw0CDQ2fH1klZ4JSh/dist=es2019,mode=imports/optimized/@streamerbot/client.js (83)
[0711/112159.447:INFO:CONSOLE(176)] "WebSocket connection to 'ws://127.0.0.1:8080/' failed: Error in connection establishment: net::ERR_CONNECTION_REFUSED", source: https://cdn.skypack.dev/-/@streamerbot/client@v1.12.2-9BnWw0CDQ2fH1klZ4JSh/dist=es2019,mode=imports/optimized/@streamerbot/client.js (176)
[0711/112159.447:INFO:CONSOLE(83)] "Failed to reconnect (attempt 14)", source: https://cdn.skypack.dev/-/@streamerbot/client@v1.12.2-9BnWw0CDQ2fH1klZ4JSh/dist=es2019,mode=imports/optimized/@streamerbot/client.js (83)
[0711/112216.488:INFO:CONSOLE(176)] "WebSocket connection to 'ws://127.0.0.1:8080/' failed: Error in connection establishment: net::ERR_CONNECTION_REFUSED", source: https://cdn.skypack.dev/-/@streamerbot/client@v1.12.2-9BnWw0CDQ2fH1klZ4JSh/dist=es2019,mode=imports/optimized/@streamerbot/client.js (176)
[0711/112216.488:INFO:CONSOLE(83)] "Failed to reconnect (attempt 15)", source: https://cdn.skypack.dev/-/@streamerbot/client@v1.12.2-9BnWw0CDQ2fH1klZ4JSh/dist=es2019,mode=imports/optimized/@streamerbot/client.js (83)
[0711/112234.540:INFO:CONSOLE(176)] "WebSocket connection to 'ws://127.0.0.1:8080/' failed: Error in connection establishment: net::ERR_CONNECTION_REFUSED", source: https://cdn.skypack.dev/-/@streamerbot/client@v1.12.2-9BnWw0CDQ2fH1klZ4JSh/dist=es2019,mode=imports/optimized/@streamerbot/client.js (176)
[0711/112234.540:INFO:CONSOLE(83)] "Failed to reconnect (attempt 16)", source: https://cdn.skypack.dev/-/@streamerbot/client@v1.12.2-9BnWw0CDQ2fH1klZ4JSh/dist=es2019,mode=imports/optimized/@streamerbot/client.js (83)
[0711/112253.597:INFO:CONSOLE(176)] "WebSocket connection to 'ws://127.0.0.1:8080/' failed: Error in connection establishment: net::ERR_CONNECTION_REFUSED", source: https://cdn.skypack.dev/-/@streamerbot/client@v1.12.2-9BnWw0CDQ2fH1klZ4JSh/dist=es2019,mode=imports/optimized/@streamerbot/client.js (176)
[0711/112253.597:INFO:CONSOLE(83)] "Failed to reconnect (attempt 17)", source: https://cdn.skypack.dev/-/@streamerbot/client@v1.12.2-9BnWw0CDQ2fH1klZ4JSh/dist=es2019,mode=imports/optimized/@streamerbot/client.js (83)
[0711/112313.627:INFO:CONSOLE(176)] "WebSocket connection to 'ws://127.0.0.1:8080/' failed: Error in connection establishment: net::ERR_CONNECTION_REFUSED", source: https://cdn.skypack.dev/-/@streamerbot/client@v1.12.2-9BnWw0CDQ2fH1klZ4JSh/dist=es2019,mode=imports/optimized/@streamerbot/client.js (176)
[0711/112313.627:INFO:CONSOLE(83)] "Failed to reconnect (attempt 18)", source: https://cdn.skypack.dev/-/@streamerbot/client@v1.12.2-9BnWw0CDQ2fH1klZ4JSh/dist=es2019,mode=imports/optimized/@streamerbot/client.js (83)
[0711/112334.705:INFO:CONSOLE(176)] "WebSocket connection to 'ws://127.0.0.1:8080/' failed: Error in connection establishment: net::ERR_CONNECTION_REFUSED", source: https://cdn.skypack.dev/-/@streamerbot/client@v1.12.2-9BnWw0CDQ2fH1klZ4JSh/dist=es2019,mode=imports/optimized/@streamerbot/client.js (176)
[0711/112334.705:INFO:CONSOLE(83)] "Failed to reconnect (attempt 19)", source: https://cdn.skypack.dev/-/@streamerbot/client@v1.12.2-9BnWw0CDQ2fH1klZ4JSh/dist=es2019,mode=imports/optimized/@streamerbot/client.js (83)
[0711/112356.738:INFO:CONSOLE(176)] "WebSocket connection to 'ws://127.0.0.1:8080/' failed: Error in connection establishment: net::ERR_CONNECTION_REFUSED", source: https://cdn.skypack.dev/-/@streamerbot/client@v1.12.2-9BnWw0CDQ2fH1klZ4JSh/dist=es2019,mode=imports/optimized/@streamerbot/client.js (176)
[0711/112356.738:INFO:CONSOLE(83)] "Failed to reconnect (attempt 20)", source: https://cdn.skypack.dev/-/@streamerbot/client@v1.12.2-9BnWw0CDQ2fH1klZ4JSh/dist=es2019,mode=imports/optimized/@streamerbot/client.js (83)
[0711/112419.788:INFO:CONSOLE(176)] "WebSocket connection to 'ws://127.0.0.1:8080/' failed: Error in connection establishment: net::ERR_CONNECTION_REFUSED", source: https://cdn.skypack.dev/-/@streamerbot/client@v1.12.2-9BnWw0CDQ2fH1klZ4JSh/dist=es2019,mode=imports/optimized/@streamerbot/client.js (176)
[0711/112419.788:INFO:CONSOLE(83)] "Failed to reconnect (attempt 21)", source: https://cdn.skypack.dev/-/@streamerbot/client@v1.12.2-9BnWw0CDQ2fH1klZ4JSh/dist=es2019,mode=imports/optimized/@streamerbot/client.js (83)
[0711/112443.825:INFO:CONSOLE(176)] "WebSocket connection to 'ws://127.0.0.1:8080/' failed: Error in connection establishment: net::ERR_CONNECTION_REFUSED", source: https://cdn.skypack.dev/-/@streamerbot/client@v1.12.2-9BnWw0CDQ2fH1klZ4JSh/dist=es2019,mode=imports/optimized/@streamerbot/client.js (176)
[0711/112443.825:INFO:CONSOLE(83)] "Failed to reconnect (attempt 22)", source: https://cdn.skypack.dev/-/@streamerbot/client@v1.12.2-9BnWw0CDQ2fH1klZ4JSh/dist=es2019,mode=imports/optimized/@streamerbot/client.js (83)
[0711/112508.874:INFO:CONSOLE(176)] "WebSocket connection to 'ws://127.0.0.1:8080/' failed: Error in connection establishment: net::ERR_CONNECTION_REFUSED", source: https://cdn.skypack.dev/-/@streamerbot/client@v1.12.2-9BnWw0CDQ2fH1klZ4JSh/dist=es2019,mode=imports/optimized/@streamerbot/client.js (176)
[0711/112508.874:INFO:CONSOLE(83)] "Failed to reconnect (attempt 23)", source: https://cdn.skypack.dev/-/@streamerbot/client@v1.12.2-9BnWw0CDQ2fH1klZ4JSh/dist=es2019,mode=imports/optimized/@streamerbot/client.js (83)
[0711/112534.918:INFO:CONSOLE(176)] "WebSocket connection to 'ws://127.0.0.1:8080/' failed: Error in connection establishment: net::ERR_CONNECTION_REFUSED", source: https://cdn.skypack.dev/-/@streamerbot/client@v1.12.2-9BnWw0CDQ2fH1klZ4JSh/dist=es2019,mode=imports/optimized/@streamerbot/client.js (176)
[0711/112534.918:INFO:CONSOLE(83)] "Failed to reconnect (attempt 24)", source: https://cdn.skypack.dev/-/@streamerbot/client@v1.12.2-9BnWw0CDQ2fH1klZ4JSh/dist=es2019,mode=imports/optimized/@streamerbot/client.js (83)
[0711/112601.957:INFO:CONSOLE(176)] "WebSocket connection to 'ws://127.0.0.1:8080/' failed: Error in connection establishment: net::ERR_CONNECTION_REFUSED", source: https://cdn.skypack.dev/-/@streamerbot/client@v1.12.2-9BnWw0CDQ2fH1klZ4JSh/dist=es2019,mode=imports/optimized/@streamerbot/client.js (176)
[0711/112601.957:INFO:CONSOLE(83)] "Failed to reconnect (attempt 25)", source: https://cdn.skypack.dev/-/@streamerbot/client@v1.12.2-9BnWw0CDQ2fH1klZ4JSh/dist=es2019,mode=imports/optimized/@streamerbot/client.js (83)
[0711/112630.001:INFO:CONSOLE(176)] "WebSocket connection to 'ws://127.0.0.1:8080/' failed: Error in connection establishment: net::ERR_CONNECTION_REFUSED", source: https://cdn.skypack.dev/-/@streamerbot/client@v1.12.2-9BnWw0CDQ2fH1klZ4JSh/dist=es2019,mode=imports/optimized/@streamerbot/client.js (176)
[0711/112630.001:INFO:CONSOLE(83)] "Failed to reconnect (attempt 26)", source: https://cdn.skypack.dev/-/@streamerbot/client@v1.12.2-9BnWw0CDQ2fH1klZ4JSh/dist=es2019,mode=imports/optimized/@streamerbot/client.js (83)
[0711/112659.046:INFO:CONSOLE(176)] "WebSocket connection to 'ws://127.0.0.1:8080/' failed: Error in connection establishment: net::ERR_CONNECTION_REFUSED", source: https://cdn.skypack.dev/-/@streamerbot/client@v1.12.2-9BnWw0CDQ2fH1klZ4JSh/dist=es2019,mode=imports/optimized/@streamerbot/client.js (176)
[0711/112659.046:INFO:CONSOLE(83)] "Failed to reconnect (attempt 27)", source: https://cdn.skypack.dev/-/@streamerbot/client@v1.12.2-9BnWw0CDQ2fH1klZ4JSh/dist=es2019,mode=imports/optimized/@streamerbot/client.js (83)
[0711/112729.083:INFO:CONSOLE(176)] "WebSocket connection to 'ws://127.0.0.1:8080/' failed: Error in connection establishment: net::ERR_CONNECTION_REFUSED", source: https://cdn.skypack.dev/-/@streamerbot/client@v1.12.2-9BnWw0CDQ2fH1klZ4JSh/dist=es2019,mode=imports/optimized/@streamerbot/client.js (176)
[0711/112729.083:INFO:CONSOLE(83)] "Failed to reconnect (attempt 28)", source: https://cdn.skypack.dev/-/@streamerbot/client@v1.12.2-9BnWw0CDQ2fH1klZ4JSh/dist=es2019,mode=imports/optimized/@streamerbot/client.js (83)
[0711/112800.112:INFO:CONSOLE(176)] "WebSocket connection to 'ws://127.0.0.1:8080/' failed: Error in connection establishment: net::ERR_CONNECTION_REFUSED", source: https://cdn.skypack.dev/-/@streamerbot/client@v1.12.2-9BnWw0CDQ2fH1klZ4JSh/dist=es2019,mode=imports/optimized/@streamerbot/client.js (176)
[0711/112800.112:INFO:CONSOLE(83)] "Failed to reconnect (attempt 29)", source: https://cdn.skypack.dev/-/@streamerbot/client@v1.12.2-9BnWw0CDQ2fH1klZ4JSh/dist=es2019,mode=imports/optimized/@streamerbot/client.js (83)
[0711/112832.147:INFO:CONSOLE(176)] "WebSocket connection to 'ws://127.0.0.1:8080/' failed: Error in connection establishment: net::ERR_CONNECTION_REFUSED", source: https://cdn.skypack.dev/-/@streamerbot/client@v1.12.2-9BnWw0CDQ2fH1klZ4JSh/dist=es2019,mode=imports/optimized/@streamerbot/client.js (176)
[0711/112832.148:INFO:CONSOLE(83)] "Failed to reconnect (attempt 30)", source: https://cdn.skypack.dev/-/@streamerbot/client@v1.12.2-9BnWw0CDQ2fH1klZ4JSh/dist=es2019,mode=imports/optimized/@streamerbot/client.js (83)
[0711/112904.199:INFO:CONSOLE(176)] "WebSocket connection to 'ws://127.0.0.1:8080/' failed: Error in connection establishment: net::ERR_CONNECTION_REFUSED", source: https://cdn.skypack.dev/-/@streamerbot/client@v1.12.2-9BnWw0CDQ2fH1klZ4JSh/dist=es2019,mode=imports/optimized/@streamerbot/client.js (176)
[0711/112904.199:INFO:CONSOLE(83)] "Failed to reconnect (attempt 31)", source: https://cdn.skypack.dev/-/@streamerbot/client@v1.12.2-9BnWw0CDQ2fH1klZ4JSh/dist=es2019,mode=imports/optimized/@streamerbot/client.js (83)
[0711/112936.255:INFO:CONSOLE(176)] "WebSocket connection to 'ws://127.0.0.1:8080/' failed: Error in connection establishment: net::ERR_CONNECTION_REFUSED", source: https://cdn.skypack.dev/-/@streamerbot/client@v1.12.2-9BnWw0CDQ2fH1klZ4JSh/dist=es2019,mode=imports/optimized/@streamerbot/client.js (176)
[0711/112936.255:INFO:CONSOLE(83)] "Failed to reconnect (attempt 32)", source: https://cdn.skypack.dev/-/@streamerbot/client@v1.12.2-9BnWw0CDQ2fH1klZ4JSh/dist=es2019,mode=imports/optimized/@streamerbot/client.js (83)
[0711/113008.284:INFO:CONSOLE(176)] "WebSocket connection to 'ws://127.0.0.1:8080/' failed: Error in connection establishment: net::ERR_CONNECTION_REFUSED", source: https://cdn.skypack.dev/-/@streamerbot/client@v1.12.2-9BnWw0CDQ2fH1klZ4JSh/dist=es2019,mode=imports/optimized/@streamerbot/client.js (176)
[0711/113008.284:INFO:CONSOLE(83)] "Failed to reconnect (attempt 33)", source: https://cdn.skypack.dev/-/@streamerbot/client@v1.12.2-9BnWw0CDQ2fH1klZ4JSh/dist=es2019,mode=imports/optimized/@streamerbot/client.js (83)
[0711/113040.322:INFO:CONSOLE(176)] "WebSocket connection to 'ws://127.0.0.1:8080/' failed: Error in connection establishment: net::ERR_CONNECTION_REFUSED", source: https://cdn.skypack.dev/-/@streamerbot/client@v1.12.2-9BnWw0CDQ2fH1klZ4JSh/dist=es2019,mode=imports/optimized/@streamerbot/client.js (176)
[0711/113040.322:INFO:CONSOLE(83)] "Failed to reconnect (attempt 34)", source: https://cdn.skypack.dev/-/@streamerbot/client@v1.12.2-9BnWw0CDQ2fH1klZ4JSh/dist=es2019,mode=imports/optimized/@streamerbot/client.js (83)
[0711/113112.360:INFO:CONSOLE(176)] "WebSocket connection to 'ws://127.0.0.1:8080/' failed: Error in connection establishment: net::ERR_CONNECTION_REFUSED", source: https://cdn.skypack.dev/-/@streamerbot/client@v1.12.2-9BnWw0CDQ2fH1klZ4JSh/dist=es2019,mode=imports/optimized/@streamerbot/client.js (176)
[0711/113112.360:INFO:CONSOLE(83)] "Failed to reconnect (attempt 35)", source: https://cdn.skypack.dev/-/@streamerbot/client@v1.12.2-9BnWw0CDQ2fH1klZ4JSh/dist=es2019,mode=imports/optimized/@streamerbot/client.js (83)
[0711/113144.422:INFO:CONSOLE(176)] "WebSocket connection to 'ws://127.0.0.1:8080/' failed: Establishing a tunnel via proxy server failed.", source: https://cdn.skypack.dev/-/@streamerbot/client@v1.12.2-9BnWw0CDQ2fH1klZ4JSh/dist=es2019,mode=imports/optimized/@streamerbot/client.js (176)
[0711/113144.422:INFO:CONSOLE(83)] "Failed to reconnect (attempt 36)", source: https://cdn.skypack.dev/-/@streamerbot/client@v1.12.2-9BnWw0CDQ2fH1klZ4JSh/dist=es2019,mode=imports/optimized/@streamerbot/client.js (83)
[0711/113216.472:INFO:CONSOLE(176)] "WebSocket connection to 'ws://127.0.0.1:8080/' failed: Establishing a tunnel via proxy server failed.", source: https://cdn.skypack.dev/-/@streamerbot/client@v1.12.2-9BnWw0CDQ2fH1klZ4JSh/dist=es2019,mode=imports/optimized/@streamerbot/client.js (176)
[0711/113216.472:INFO:CONSOLE(83)] "Failed to reconnect (attempt 37)", source: https://cdn.skypack.dev/-/@streamerbot/client@v1.12.2-9BnWw0CDQ2fH1klZ4JSh/dist=es2019,mode=imports/optimized/@streamerbot/client.js (83)
[0711/113248.518:INFO:CONSOLE(176)] "WebSocket connection to 'ws://127.0.0.1:8080/' failed: Establishing a tunnel via proxy server failed.", source: https://cdn.skypack.dev/-/@streamerbot/client@v1.12.2-9BnWw0CDQ2fH1klZ4JSh/dist=es2019,mode=imports/optimized/@streamerbot/client.js (176)
[0711/113248.519:INFO:CONSOLE(83)] "Failed to reconnect (attempt 38)", source: https://cdn.skypack.dev/-/@streamerbot/client@v1.12.2-9BnWw0CDQ2fH1klZ4JSh/dist=es2019,mode=imports/optimized/@streamerbot/client.js (83)
[0711/113320.577:INFO:CONSOLE(176)] "WebSocket connection to 'ws://127.0.0.1:8080/' failed: Establishing a tunnel via proxy server failed.", source: https://cdn.skypack.dev/-/@streamerbot/client@v1.12.2-9BnWw0CDQ2fH1klZ4JSh/dist=es2019,mode=imports/optimized/@streamerbot/client.js (176)
[0711/113320.577:INFO:CONSOLE(83)] "Failed to reconnect (attempt 39)", source: https://cdn.skypack.dev/-/@streamerbot/client@v1.12.2-9BnWw0CDQ2fH1klZ4JSh/dist=es2019,mode=imports/optimized/@streamerbot/client.js (83)
[0711/113352.627:INFO:CONSOLE(176)] "WebSocket connection to 'ws://127.0.0.1:8080/' failed: Establishing a tunnel via proxy server failed.", source: https://cdn.skypack.dev/-/@streamerbot/client@v1.12.2-9BnWw0CDQ2fH1klZ4JSh/dist=es2019,mode=imports/optimized/@streamerbot/client.js (176)
[0711/113352.627:INFO:CONSOLE(83)] "Failed to reconnect (attempt 40)", source: https://cdn.skypack.dev/-/@streamerbot/client@v1.12.2-9BnWw0CDQ2fH1klZ4JSh/dist=es2019,mode=imports/optimized/@streamerbot/client.js (83)
[0711/113424.677:INFO:CONSOLE(176)] "WebSocket connection to 'ws://127.0.0.1:8080/' failed: Establishing a tunnel via proxy server failed.", source: https://cdn.skypack.dev/-/@streamerbot/client@v1.12.2-9BnWw0CDQ2fH1klZ4JSh/dist=es2019,mode=imports/optimized/@streamerbot/client.js (176)
[0711/113424.677:INFO:CONSOLE(83)] "Failed to reconnect (attempt 41)", source: https://cdn.skypack.dev/-/@streamerbot/client@v1.12.2-9BnWw0CDQ2fH1klZ4JSh/dist=es2019,mode=imports/optimized/@streamerbot/client.js (83)
[0711/113456.711:INFO:CONSOLE(176)] "WebSocket connection to 'ws://127.0.0.1:8080/' failed: Establishing a tunnel via proxy server failed.", source: https://cdn.skypack.dev/-/@streamerbot/client@v1.12.2-9BnWw0CDQ2fH1klZ4JSh/dist=es2019,mode=imports/optimized/@streamerbot/client.js (176)
[0711/113456.711:INFO:CONSOLE(83)] "Failed to reconnect (attempt 42)", source: https://cdn.skypack.dev/-/@streamerbot/client@v1.12.2-9BnWw0CDQ2fH1klZ4JSh/dist=es2019,mode=imports/optimized/@streamerbot/client.js (83)
[0711/113528.775:INFO:CONSOLE(176)] "WebSocket connection to 'ws://127.0.0.1:8080/' failed: Establishing a tunnel via proxy server failed.", source: https://cdn.skypack.dev/-/@streamerbot/client@v1.12.2-9BnWw0CDQ2fH1klZ4JSh/dist=es2019,mode=imports/optimized/@streamerbot/client.js (176)
[0711/113528.776:INFO:CONSOLE(83)] "Failed to reconnect (attempt 43)", source: https://cdn.skypack.dev/-/@streamerbot/client@v1.12.2-9BnWw0CDQ2fH1klZ4JSh/dist=es2019,mode=imports/optimized/@streamerbot/client.js (83)
[0711/113600.824:INFO:CONSOLE(176)] "WebSocket connection to 'ws://127.0.0.1:8080/' failed: Establishing a tunnel via proxy server failed.", source: https://cdn.skypack.dev/-/@streamerbot/client@v1.12.2-9BnWw0CDQ2fH1klZ4JSh/dist=es2019,mode=imports/optimized/@streamerbot/client.js (176)
[0711/113600.824:INFO:CONSOLE(83)] "Failed to reconnect (attempt 44)", source: https://cdn.skypack.dev/-/@streamerbot/client@v1.12.2-9BnWw0CDQ2fH1klZ4JSh/dist=es2019,mode=imports/optimized/@streamerbot/client.js (83)
[0711/113632.865:INFO:CONSOLE(176)] "WebSocket connection to 'ws://127.0.0.1:8080/' failed: Establishing a tunnel via proxy server failed.", source: https://cdn.skypack.dev/-/@streamerbot/client@v1.12.2-9BnWw0CDQ2fH1klZ4JSh/dist=es2019,mode=imports/optimized/@streamerbot/client.js (176)
[0711/113632.865:INFO:CONSOLE(83)] "Failed to reconnect (attempt 45)", source: https://cdn.skypack.dev/-/@streamerbot/client@v1.12.2-9BnWw0CDQ2fH1klZ4JSh/dist=es2019,mode=imports/optimized/@streamerbot/client.js (83)
[0711/113704.905:INFO:CONSOLE(176)] "WebSocket connection to 'ws://127.0.0.1:8080/' failed: Error in connection establishment: net::ERR_CONNECTION_REFUSED", source: https://cdn.skypack.dev/-/@streamerbot/client@v1.12.2-9BnWw0CDQ2fH1klZ4JSh/dist=es2019,mode=imports/optimized/@streamerbot/client.js (176)
[0711/113704.905:INFO:CONSOLE(83)] "Failed to reconnect (attempt 46)", source: https://cdn.skypack.dev/-/@streamerbot/client@v1.12.2-9BnWw0CDQ2fH1klZ4JSh/dist=es2019,mode=imports/optimized/@streamerbot/client.js (83)
[0711/113736.930:INFO:CONSOLE(176)] "WebSocket connection to 'ws://127.0.0.1:8080/' failed: Error in connection establishment: net::ERR_CONNECTION_REFUSED", source: https://cdn.skypack.dev/-/@streamerbot/client@v1.12.2-9BnWw0CDQ2fH1klZ4JSh/dist=es2019,mode=imports/optimized/@streamerbot/client.js (176)
[0711/113736.930:INFO:CONSOLE(83)] "Failed to reconnect (attempt 47)", source: https://cdn.skypack.dev/-/@streamerbot/client@v1.12.2-9BnWw0CDQ2fH1klZ4JSh/dist=es2019,mode=imports/optimized/@streamerbot/client.js (83)
[0711/113808.974:INFO:CONSOLE(176)] "WebSocket connection to 'ws://127.0.0.1:8080/' failed: Error in connection establishment: net::ERR_CONNECTION_REFUSED", source: https://cdn.skypack.dev/-/@streamerbot/client@v1.12.2-9BnWw0CDQ2fH1klZ4JSh/dist=es2019,mode=imports/optimized/@streamerbot/client.js (176)
[0711/113808.974:INFO:CONSOLE(83)] "Failed to reconnect (attempt 48)", source: https://cdn.skypack.dev/-/@streamerbot/client@v1.12.2-9BnWw0CDQ2fH1klZ4JSh/dist=es2019,mode=imports/optimized/@streamerbot/client.js (83)
[0711/113841.016:INFO:CONSOLE(176)] "WebSocket connection to 'ws://127.0.0.1:8080/' failed: Error in connection establishment: net::ERR_CONNECTION_REFUSED", source: https://cdn.skypack.dev/-/@streamerbot/client@v1.12.2-9BnWw0CDQ2fH1klZ4JSh/dist=es2019,mode=imports/optimized/@streamerbot/client.js (176)
[0711/113841.016:INFO:CONSOLE(83)] "Failed to reconnect (attempt 49)", source: https://cdn.skypack.dev/-/@streamerbot/client@v1.12.2-9BnWw0CDQ2fH1klZ4JSh/dist=es2019,mode=imports/optimized/@streamerbot/client.js (83)
[0711/113913.065:INFO:CONSOLE(176)] "WebSocket connection to 'ws://127.0.0.1:8080/' failed: Error in connection establishment: net::ERR_CONNECTION_REFUSED", source: https://cdn.skypack.dev/-/@streamerbot/client@v1.12.2-9BnWw0CDQ2fH1klZ4JSh/dist=es2019,mode=imports/optimized/@streamerbot/client.js (176)
[0711/113913.065:INFO:CONSOLE(83)] "Failed to reconnect (attempt 50)", source: https://cdn.skypack.dev/-/@streamerbot/client@v1.12.2-9BnWw0CDQ2fH1klZ4JSh/dist=es2019,mode=imports/optimized/@streamerbot/client.js (83)
[0711/113945.098:INFO:CONSOLE(176)] "WebSocket connection to 'ws://127.0.0.1:8080/' failed: Error in connection establishment: net::ERR_CONNECTION_REFUSED", source: https://cdn.skypack.dev/-/@streamerbot/client@v1.12.2-9BnWw0CDQ2fH1klZ4JSh/dist=es2019,mode=imports/optimized/@streamerbot/client.js (176)
[0711/113945.098:INFO:CONSOLE(83)] "Failed to reconnect (attempt 51)", source: https://cdn.skypack.dev/-/@streamerbot/client@v1.12.2-9BnWw0CDQ2fH1klZ4JSh/dist=es2019,mode=imports/optimized/@streamerbot/client.js (83)
[0711/114017.153:INFO:CONSOLE(176)] "WebSocket connection to 'ws://127.0.0.1:8080/' failed: Error in connection establishment: net::ERR_CONNECTION_REFUSED", source: https://cdn.skypack.dev/-/@streamerbot/client@v1.12.2-9BnWw0CDQ2fH1klZ4JSh/dist=es2019,mode=imports/optimized/@streamerbot/client.js (176)
[0711/114017.153:INFO:CONSOLE(83)] "Failed to reconnect (attempt 52)", source: https://cdn.skypack.dev/-/@streamerbot/client@v1.12.2-9BnWw0CDQ2fH1klZ4JSh/dist=es2019,mode=imports/optimized/@streamerbot/client.js (83)
[0711/114049.197:INFO:CONSOLE(176)] "WebSocket connection to 'ws://127.0.0.1:8080/' failed: Error in connection establishment: net::ERR_CONNECTION_REFUSED", source: https://cdn.skypack.dev/-/@streamerbot/client@v1.12.2-9BnWw0CDQ2fH1klZ4JSh/dist=es2019,mode=imports/optimized/@streamerbot/client.js (176)
[0711/114049.197:INFO:CONSOLE(83)] "Failed to reconnect (attempt 53)", source: https://cdn.skypack.dev/-/@streamerbot/client@v1.12.2-9BnWw0CDQ2fH1klZ4JSh/dist=es2019,mode=imports/optimized/@streamerbot/client.js (83)
[0711/114121.239:INFO:CONSOLE(176)] "WebSocket connection to 'ws://127.0.0.1:8080/' failed: Error in connection establishment: net::ERR_CONNECTION_REFUSED", source: https://cdn.skypack.dev/-/@streamerbot/client@v1.12.2-9BnWw0CDQ2fH1klZ4JSh/dist=es2019,mode=imports/optimized/@streamerbot/client.js (176)
[0711/114121.239:INFO:CONSOLE(83)] "Failed to reconnect (attempt 54)", source: https://cdn.skypack.dev/-/@streamerbot/client@v1.12.2-9BnWw0CDQ2fH1klZ4JSh/dist=es2019,mode=imports/optimized/@streamerbot/client.js (83)
[0711/114153.273:INFO:CONSOLE(176)] "WebSocket connection to 'ws://127.0.0.1:8080/' failed: Error in connection establishment: net::ERR_CONNECTION_REFUSED", source: https://cdn.skypack.dev/-/@streamerbot/client@v1.12.2-9BnWw0CDQ2fH1klZ4JSh/dist=es2019,mode=imports/optimized/@streamerbot/client.js (176)
[0711/114153.273:INFO:CONSOLE(83)] "Failed to reconnect (attempt 55)", source: https://cdn.skypack.dev/-/@streamerbot/client@v1.12.2-9BnWw0CDQ2fH1klZ4JSh/dist=es2019,mode=imports/optimized/@streamerbot/client.js (83)
[0711/114225.312:INFO:CONSOLE(176)] "WebSocket connection to 'ws://127.0.0.1:8080/' failed: Error in connection establishment: net::ERR_CONNECTION_REFUSED", source: https://cdn.skypack.dev/-/@streamerbot/client@v1.12.2-9BnWw0CDQ2fH1klZ4JSh/dist=es2019,mode=imports/optimized/@streamerbot/client.js (176)
[0711/114225.312:INFO:CONSOLE(83)] "Failed to reconnect (attempt 56)", source: https://cdn.skypack.dev/-/@streamerbot/client@v1.12.2-9BnWw0CDQ2fH1klZ4JSh/dist=es2019,mode=imports/optimized/@streamerbot/client.js (83)
[0711/114257.346:INFO:CONSOLE(176)] "WebSocket connection to 'ws://127.0.0.1:8080/' failed: Error in connection establishment: net::ERR_CONNECTION_REFUSED", source: https://cdn.skypack.dev/-/@streamerbot/client@v1.12.2-9BnWw0CDQ2fH1klZ4JSh/dist=es2019,mode=imports/optimized/@streamerbot/client.js (176)
[0711/114257.346:INFO:CONSOLE(83)] "Failed to reconnect (attempt 57)", source: https://cdn.skypack.dev/-/@streamerbot/client@v1.12.2-9BnWw0CDQ2fH1klZ4JSh/dist=es2019,mode=imports/optimized/@streamerbot/client.js (83)
[0711/114329.385:INFO:CONSOLE(176)] "WebSocket connection to 'ws://127.0.0.1:8080/' failed: Error in connection establishment: net::ERR_CONNECTION_REFUSED", source: https://cdn.skypack.dev/-/@streamerbot/client@v1.12.2-9BnWw0CDQ2fH1klZ4JSh/dist=es2019,mode=imports/optimized/@streamerbot/client.js (176)
[0711/114329.385:INFO:CONSOLE(83)] "Failed to reconnect (attempt 58)", source: https://cdn.skypack.dev/-/@streamerbot/client@v1.12.2-9BnWw0CDQ2fH1klZ4JSh/dist=es2019,mode=imports/optimized/@streamerbot/client.js (83)
[0711/114401.431:INFO:CONSOLE(176)] "WebSocket connection to 'ws://127.0.0.1:8080/' failed: Error in connection establishment: net::ERR_CONNECTION_REFUSED", source: https://cdn.skypack.dev/-/@streamerbot/client@v1.12.2-9BnWw0CDQ2fH1klZ4JSh/dist=es2019,mode=imports/optimized/@streamerbot/client.js (176)
[0711/114401.431:INFO:CONSOLE(83)] "Failed to reconnect (attempt 59)", source: https://cdn.skypack.dev/-/@streamerbot/client@v1.12.2-9BnWw0CDQ2fH1klZ4JSh/dist=es2019,mode=imports/optimized/@streamerbot/client.js (83)
[0711/114433.466:INFO:CONSOLE(176)] "WebSocket connection to 'ws://127.0.0.1:8080/' failed: Error in connection establishment: net::ERR_CONNECTION_REFUSED", source: https://cdn.skypack.dev/-/@streamerbot/client@v1.12.2-9BnWw0CDQ2fH1klZ4JSh/dist=es2019,mode=imports/optimized/@streamerbot/client.js (176)
[0711/114433.466:INFO:CONSOLE(83)] "Failed to reconnect (attempt 60)", source: https://cdn.skypack.dev/-/@streamerbot/client@v1.12.2-9BnWw0CDQ2fH1klZ4JSh/dist=es2019,mode=imports/optimized/@streamerbot/client.js (83)
[0711/114505.507:INFO:CONSOLE(176)] "WebSocket connection to 'ws://127.0.0.1:8080/' failed: Error in connection establishment: net::ERR_CONNECTION_REFUSED", source: https://cdn.skypack.dev/-/@streamerbot/client@v1.12.2-9BnWw0CDQ2fH1klZ4JSh/dist=es2019,mode=imports/optimized/@streamerbot/client.js (176)
[0711/114505.507:INFO:CONSOLE(83)] "Failed to reconnect (attempt 61)", source: https://cdn.skypack.dev/-/@streamerbot/client@v1.12.2-9BnWw0CDQ2fH1klZ4JSh/dist=es2019,mode=imports/optimized/@streamerbot/client.js (83)
[0711/114537.554:INFO:CONSOLE(176)] "WebSocket connection to 'ws://127.0.0.1:8080/' failed: Error in connection establishment: net::ERR_CONNECTION_REFUSED", source: https://cdn.skypack.dev/-/@streamerbot/client@v1.12.2-9BnWw0CDQ2fH1klZ4JSh/dist=es2019,mode=imports/optimized/@streamerbot/client.js (176)
[0711/114537.554:INFO:CONSOLE(83)] "Failed to reconnect (attempt 62)", source: https://cdn.skypack.dev/-/@streamerbot/client@v1.12.2-9BnWw0CDQ2fH1klZ4JSh/dist=es2019,mode=imports/optimized/@streamerbot/client.js (83)
[0711/114609.589:INFO:CONSOLE(176)] "WebSocket connection to 'ws://127.0.0.1:8080/' failed: Error in connection establishment: net::ERR_CONNECTION_REFUSED", source: https://cdn.skypack.dev/-/@streamerbot/client@v1.12.2-9BnWw0CDQ2fH1klZ4JSh/dist=es2019,mode=imports/optimized/@streamerbot/client.js (176)
[0711/114609.589:INFO:CONSOLE(83)] "Failed to reconnect (attempt 63)", source: https://cdn.skypack.dev/-/@streamerbot/client@v1.12.2-9BnWw0CDQ2fH1klZ4JSh/dist=es2019,mode=imports/optimized/@streamerbot/client.js (83)
[0711/114641.611:INFO:CONSOLE(176)] "WebSocket connection to 'ws://127.0.0.1:8080/' failed: Error in connection establishment: net::ERR_CONNECTION_REFUSED", source: https://cdn.skypack.dev/-/@streamerbot/client@v1.12.2-9BnWw0CDQ2fH1klZ4JSh/dist=es2019,mode=imports/optimized/@streamerbot/client.js (176)
[0711/114641.611:INFO:CONSOLE(83)] "Failed to reconnect (attempt 64)", source: https://cdn.skypack.dev/-/@streamerbot/client@v1.12.2-9BnWw0CDQ2fH1klZ4JSh/dist=es2019,mode=imports/optimized/@streamerbot/client.js (83)
[0711/114713.653:INFO:CONSOLE(176)] "WebSocket connection to 'ws://127.0.0.1:8080/' failed: Error in connection establishment: net::ERR_CONNECTION_REFUSED", source: https://cdn.skypack.dev/-/@streamerbot/client@v1.12.2-9BnWw0CDQ2fH1klZ4JSh/dist=es2019,mode=imports/optimized/@streamerbot/client.js (176)
[0711/114713.653:INFO:CONSOLE(83)] "Failed to reconnect (attempt 65)", source: https://cdn.skypack.dev/-/@streamerbot/client@v1.12.2-9BnWw0CDQ2fH1klZ4JSh/dist=es2019,mode=imports/optimized/@streamerbot/client.js (83)
[0711/114745.692:INFO:CONSOLE(176)] "WebSocket connection to 'ws://127.0.0.1:8080/' failed: Error in connection establishment: net::ERR_CONNECTION_REFUSED", source: https://cdn.skypack.dev/-/@streamerbot/client@v1.12.2-9BnWw0CDQ2fH1klZ4JSh/dist=es2019,mode=imports/optimized/@streamerbot/client.js (176)
[0711/114745.692:INFO:CONSOLE(83)] "Failed to reconnect (attempt 66)", source: https://cdn.skypack.dev/-/@streamerbot/client@v1.12.2-9BnWw0CDQ2fH1klZ4JSh/dist=es2019,mode=imports/optimized/@streamerbot/client.js (83)
[0711/114817.728:INFO:CONSOLE(176)] "WebSocket connection to 'ws://127.0.0.1:8080/' failed: Error in connection establishment: net::ERR_CONNECTION_REFUSED", source: https://cdn.skypack.dev/-/@streamerbot/client@v1.12.2-9BnWw0CDQ2fH1klZ4JSh/dist=es2019,mode=imports/optimized/@streamerbot/client.js (176)
[0711/114817.728:INFO:CONSOLE(83)] "Failed to reconnect (attempt 67)", source: https://cdn.skypack.dev/-/@streamerbot/client@v1.12.2-9BnWw0CDQ2fH1klZ4JSh/dist=es2019,mode=imports/optimized/@streamerbot/client.js (83)
[0711/114849.760:INFO:CONSOLE(176)] "WebSocket connection to 'ws://127.0.0.1:8080/' failed: Error in connection establishment: net::ERR_CONNECTION_REFUSED", source: https://cdn.skypack.dev/-/@streamerbot/client@v1.12.2-9BnWw0CDQ2fH1klZ4JSh/dist=es2019,mode=imports/optimized/@streamerbot/client.js (176)
[0711/114849.760:INFO:CONSOLE(83)] "Failed to reconnect (attempt 68)", source: https://cdn.skypack.dev/-/@streamerbot/client@v1.12.2-9BnWw0CDQ2fH1klZ4JSh/dist=es2019,mode=imports/optimized/@streamerbot/client.js (83)
[0711/114921.808:INFO:CONSOLE(176)] "WebSocket connection to 'ws://127.0.0.1:8080/' failed: Error in connection establishment: net::ERR_CONNECTION_REFUSED", source: https://cdn.skypack.dev/-/@streamerbot/client@v1.12.2-9BnWw0CDQ2fH1klZ4JSh/dist=es2019,mode=imports/optimized/@streamerbot/client.js (176)
[0711/114921.808:INFO:CONSOLE(83)] "Failed to reconnect (attempt 69)", source: https://cdn.skypack.dev/-/@streamerbot/client@v1.12.2-9BnWw0CDQ2fH1klZ4JSh/dist=es2019,mode=imports/optimized/@streamerbot/client.js (83)
[0711/114953.850:INFO:CONSOLE(176)] "WebSocket connection to 'ws://127.0.0.1:8080/' failed: Error in connection establishment: net::ERR_CONNECTION_REFUSED", source: https://cdn.skypack.dev/-/@streamerbot/client@v1.12.2-9BnWw0CDQ2fH1klZ4JSh/dist=es2019,mode=imports/optimized/@streamerbot/client.js (176)
[0711/114953.850:INFO:CONSOLE(83)] "Failed to reconnect (attempt 70)", source: https://cdn.skypack.dev/-/@streamerbot/client@v1.12.2-9BnWw0CDQ2fH1klZ4JSh/dist=es2019,mode=imports/optimized/@streamerbot/client.js (83)
[0711/115025.896:INFO:CONSOLE(176)] "WebSocket connection to 'ws://127.0.0.1:8080/' failed: Error in connection establishment: net::ERR_CONNECTION_REFUSED", source: https://cdn.skypack.dev/-/@streamerbot/client@v1.12.2-9BnWw0CDQ2fH1klZ4JSh/dist=es2019,mode=imports/optimized/@streamerbot/client.js (176)
[0711/115025.896:INFO:CONSOLE(83)] "Failed to reconnect (attempt 71)", source: https://cdn.skypack.dev/-/@streamerbot/client@v1.12.2-9BnWw0CDQ2fH1klZ4JSh/dist=es2019,mode=imports/optimized/@streamerbot/client.js (83)
[0711/115057.924:INFO:CONSOLE(176)] "WebSocket connection to 'ws://127.0.0.1:8080/' failed: Error in connection establishment: net::ERR_CONNECTION_REFUSED", source: https://cdn.skypack.dev/-/@streamerbot/client@v1.12.2-9BnWw0CDQ2fH1klZ4JSh/dist=es2019,mode=imports/optimized/@streamerbot/client.js (176)
[0711/115057.924:INFO:CONSOLE(83)] "Failed to reconnect (attempt 72)", source: https://cdn.skypack.dev/-/@streamerbot/client@v1.12.2-9BnWw0CDQ2fH1klZ4JSh/dist=es2019,mode=imports/optimized/@streamerbot/client.js (83)
[0711/115129.947:INFO:CONSOLE(176)] "WebSocket connection to 'ws://127.0.0.1:8080/' failed: Error in connection establishment: net::ERR_CONNECTION_REFUSED", source: https://cdn.skypack.dev/-/@streamerbot/client@v1.12.2-9BnWw0CDQ2fH1klZ4JSh/dist=es2019,mode=imports/optimized/@streamerbot/client.js (176)
[0711/115129.947:INFO:CONSOLE(83)] "Failed to reconnect (attempt 73)", source: https://cdn.skypack.dev/-/@streamerbot/client@v1.12.2-9BnWw0CDQ2fH1klZ4JSh/dist=es2019,mode=imports/optimized/@streamerbot/client.js (83)
[0711/115201.986:INFO:CONSOLE(176)] "WebSocket connection to 'ws://127.0.0.1:8080/' failed: Error in connection establishment: net::ERR_CONNECTION_REFUSED", source: https://cdn.skypack.dev/-/@streamerbot/client@v1.12.2-9BnWw0CDQ2fH1klZ4JSh/dist=es2019,mode=imports/optimized/@streamerbot/client.js (176)
[0711/115201.986:INFO:CONSOLE(83)] "Failed to reconnect (attempt 74)", source: https://cdn.skypack.dev/-/@streamerbot/client@v1.12.2-9BnWw0CDQ2fH1klZ4JSh/dist=es2019,mode=imports/optimized/@streamerbot/client.js (83)
[0711/115234.021:INFO:CONSOLE(176)] "WebSocket connection to 'ws://127.0.0.1:8080/' failed: Error in connection establishment: net::ERR_CONNECTION_REFUSED", source: https://cdn.skypack.dev/-/@streamerbot/client@v1.12.2-9BnWw0CDQ2fH1klZ4JSh/dist=es2019,mode=imports/optimized/@streamerbot/client.js (176)
[0711/115234.021:INFO:CONSOLE(83)] "Failed to reconnect (attempt 75)", source: https://cdn.skypack.dev/-/@streamerbot/client@v1.12.2-9BnWw0CDQ2fH1klZ4JSh/dist=es2019,mode=imports/optimized/@streamerbot/client.js (83)
[0711/115306.062:INFO:CONSOLE(176)] "WebSocket connection to 'ws://127.0.0.1:8080/' failed: Error in connection establishment: net::ERR_CONNECTION_REFUSED", source: https://cdn.skypack.dev/-/@streamerbot/client@v1.12.2-9BnWw0CDQ2fH1klZ4JSh/dist=es2019,mode=imports/optimized/@streamerbot/client.js (176)
[0711/115306.062:INFO:CONSOLE(83)] "Failed to reconnect (attempt 76)", source: https://cdn.skypack.dev/-/@streamerbot/client@v1.12.2-9BnWw0CDQ2fH1klZ4JSh/dist=es2019,mode=imports/optimized/@streamerbot/client.js (83)
[0711/115338.102:INFO:CONSOLE(176)] "WebSocket connection to 'ws://127.0.0.1:8080/' failed: Error in connection establishment: net::ERR_CONNECTION_REFUSED", source: https://cdn.skypack.dev/-/@streamerbot/client@v1.12.2-9BnWw0CDQ2fH1klZ4JSh/dist=es2019,mode=imports/optimized/@streamerbot/client.js (176)
[0711/115338.102:INFO:CONSOLE(83)] "Failed to reconnect (attempt 77)", source: https://cdn.skypack.dev/-/@streamerbot/client@v1.12.2-9BnWw0CDQ2fH1klZ4JSh/dist=es2019,mode=imports/optimized/@streamerbot/client.js (83)
[0711/115410.142:INFO:CONSOLE(176)] "WebSocket connection to 'ws://127.0.0.1:8080/' failed: Error in connection establishment: net::ERR_CONNECTION_REFUSED", source: https://cdn.skypack.dev/-/@streamerbot/client@v1.12.2-9BnWw0CDQ2fH1klZ4JSh/dist=es2019,mode=imports/optimized/@streamerbot/client.js (176)
[0711/115410.142:INFO:CONSOLE(83)] "Failed to reconnect (attempt 78)", source: https://cdn.skypack.dev/-/@streamerbot/client@v1.12.2-9BnWw0CDQ2fH1klZ4JSh/dist=es2019,mode=imports/optimized/@streamerbot/client.js (83)
[0711/115442.191:INFO:CONSOLE(176)] "WebSocket connection to 'ws://127.0.0.1:8080/' failed: Error in connection establishment: net::ERR_CONNECTION_REFUSED", source: https://cdn.skypack.dev/-/@streamerbot/client@v1.12.2-9BnWw0CDQ2fH1klZ4JSh/dist=es2019,mode=imports/optimized/@streamerbot/client.js (176)
[0711/115442.191:INFO:CONSOLE(83)] "Failed to reconnect (attempt 79)", source: https://cdn.skypack.dev/-/@streamerbot/client@v1.12.2-9BnWw0CDQ2fH1klZ4JSh/dist=es2019,mode=imports/optimized/@streamerbot/client.js (83)
[0711/115514.233:INFO:CONSOLE(176)] "WebSocket connection to 'ws://127.0.0.1:8080/' failed: Error in connection establishment: net::ERR_CONNECTION_REFUSED", source: https://cdn.skypack.dev/-/@streamerbot/client@v1.12.2-9BnWw0CDQ2fH1klZ4JSh/dist=es2019,mode=imports/optimized/@streamerbot/client.js (176)
[0711/115514.233:INFO:CONSOLE(83)] "Failed to reconnect (attempt 80)", source: https://cdn.skypack.dev/-/@streamerbot/client@v1.12.2-9BnWw0CDQ2fH1klZ4JSh/dist=es2019,mode=imports/optimized/@streamerbot/client.js (83)
[0711/115546.287:INFO:CONSOLE(176)] "WebSocket connection to 'ws://127.0.0.1:8080/' failed: Error in connection establishment: net::ERR_CONNECTION_REFUSED", source: https://cdn.skypack.dev/-/@streamerbot/client@v1.12.2-9BnWw0CDQ2fH1klZ4JSh/dist=es2019,mode=imports/optimized/@streamerbot/client.js (176)
[0711/115546.287:INFO:CONSOLE(83)] "Failed to reconnect (attempt 81)", source: https://cdn.skypack.dev/-/@streamerbot/client@v1.12.2-9BnWw0CDQ2fH1klZ4JSh/dist=es2019,mode=imports/optimized/@streamerbot/client.js (83)
[0711/115618.310:INFO:CONSOLE(176)] "WebSocket connection to 'ws://127.0.0.1:8080/' failed: Error in connection establishment: net::ERR_CONNECTION_REFUSED", source: https://cdn.skypack.dev/-/@streamerbot/client@v1.12.2-9BnWw0CDQ2fH1klZ4JSh/dist=es2019,mode=imports/optimized/@streamerbot/client.js (176)
[0711/115618.310:INFO:CONSOLE(83)] "Failed to reconnect (attempt 82)", source: https://cdn.skypack.dev/-/@streamerbot/client@v1.12.2-9BnWw0CDQ2fH1klZ4JSh/dist=es2019,mode=imports/optimized/@streamerbot/client.js (83)
[0711/115650.333:INFO:CONSOLE(176)] "WebSocket connection to 'ws://127.0.0.1:8080/' failed: Error in connection establishment: net::ERR_CONNECTION_REFUSED", source: https://cdn.skypack.dev/-/@streamerbot/client@v1.12.2-9BnWw0CDQ2fH1klZ4JSh/dist=es2019,mode=imports/optimized/@streamerbot/client.js (176)
[0711/115650.333:INFO:CONSOLE(83)] "Failed to reconnect (attempt 83)", source: https://cdn.skypack.dev/-/@streamerbot/client@v1.12.2-9BnWw0CDQ2fH1klZ4JSh/dist=es2019,mode=imports/optimized/@streamerbot/client.js (83)
[0711/115722.361:INFO:CONSOLE(176)] "WebSocket connection to 'ws://127.0.0.1:8080/' failed: Error in connection establishment: net::ERR_CONNECTION_REFUSED", source: https://cdn.skypack.dev/-/@streamerbot/client@v1.12.2-9BnWw0CDQ2fH1klZ4JSh/dist=es2019,mode=imports/optimized/@streamerbot/client.js (176)
[0711/115722.361:INFO:CONSOLE(83)] "Failed to reconnect (attempt 84)", source: https://cdn.skypack.dev/-/@streamerbot/client@v1.12.2-9BnWw0CDQ2fH1klZ4JSh/dist=es2019,mode=imports/optimized/@streamerbot/client.js (83)
[0711/115754.390:INFO:CONSOLE(176)] "WebSocket connection to 'ws://127.0.0.1:8080/' failed: Error in connection establishment: net::ERR_CONNECTION_REFUSED", source: https://cdn.skypack.dev/-/@streamerbot/client@v1.12.2-9BnWw0CDQ2fH1klZ4JSh/dist=es2019,mode=imports/optimized/@streamerbot/client.js (176)
[0711/115754.390:INFO:CONSOLE(83)] "Failed to reconnect (attempt 85)", source: https://cdn.skypack.dev/-/@streamerbot/client@v1.12.2-9BnWw0CDQ2fH1klZ4JSh/dist=es2019,mode=imports/optimized/@streamerbot/client.js (83)
[0711/115826.441:INFO:CONSOLE(176)] "WebSocket connection to 'ws://127.0.0.1:8080/' failed: Error in connection establishment: net::ERR_CONNECTION_REFUSED", source: https://cdn.skypack.dev/-/@streamerbot/client@v1.12.2-9BnWw0CDQ2fH1klZ4JSh/dist=es2019,mode=imports/optimized/@streamerbot/client.js (176)
[0711/115826.441:INFO:CONSOLE(83)] "Failed to reconnect (attempt 86)", source: https://cdn.skypack.dev/-/@streamerbot/client@v1.12.2-9BnWw0CDQ2fH1klZ4JSh/dist=es2019,mode=imports/optimized/@streamerbot/client.js (83)
[0711/115858.462:INFO:CONSOLE(176)] "WebSocket connection to 'ws://127.0.0.1:8080/' failed: Error in connection establishment: net::ERR_CONNECTION_REFUSED", source: https://cdn.skypack.dev/-/@streamerbot/client@v1.12.2-9BnWw0CDQ2fH1klZ4JSh/dist=es2019,mode=imports/optimized/@streamerbot/client.js (176)
[0711/115858.462:INFO:CONSOLE(83)] "Failed to reconnect (attempt 87)", source: https://cdn.skypack.dev/-/@streamerbot/client@v1.12.2-9BnWw0CDQ2fH1klZ4JSh/dist=es2019,mode=imports/optimized/@streamerbot/client.js (83)
[0711/115930.491:INFO:CONSOLE(176)] "WebSocket connection to 'ws://127.0.0.1:8080/' failed: Error in connection establishment: net::ERR_CONNECTION_REFUSED", source: https://cdn.skypack.dev/-/@streamerbot/client@v1.12.2-9BnWw0CDQ2fH1klZ4JSh/dist=es2019,mode=imports/optimized/@streamerbot/client.js (176)
[0711/115930.491:INFO:CONSOLE(83)] "Failed to reconnect (attempt 88)", source: https://cdn.skypack.dev/-/@streamerbot/client@v1.12.2-9BnWw0CDQ2fH1klZ4JSh/dist=es2019,mode=imports/optimized/@streamerbot/client.js (83)
[0711/120002.539:INFO:CONSOLE(176)] "WebSocket connection to 'ws://127.0.0.1:8080/' failed: Error in connection establishment: net::ERR_CONNECTION_REFUSED", source: https://cdn.skypack.dev/-/@streamerbot/client@v1.12.2-9BnWw0CDQ2fH1klZ4JSh/dist=es2019,mode=imports/optimized/@streamerbot/client.js (176)
[0711/120002.539:INFO:CONSOLE(83)] "Failed to reconnect (attempt 89)", source: https://cdn.skypack.dev/-/@streamerbot/client@v1.12.2-9BnWw0CDQ2fH1klZ4JSh/dist=es2019,mode=imports/optimized/@streamerbot/client.js (83)
[0711/120034.579:INFO:CONSOLE(176)] "WebSocket connection to 'ws://127.0.0.1:8080/' failed: Error in connection establishment: net::ERR_CONNECTION_REFUSED", source: https://cdn.skypack.dev/-/@streamerbot/client@v1.12.2-9BnWw0CDQ2fH1klZ4JSh/dist=es2019,mode=imports/optimized/@streamerbot/client.js (176)
[0711/120034.579:INFO:CONSOLE(83)] "Failed to reconnect (attempt 90)", source: https://cdn.skypack.dev/-/@streamerbot/client@v1.12.2-9BnWw0CDQ2fH1klZ4JSh/dist=es2019,mode=imports/optimized/@streamerbot/client.js (83)
[0711/120106.607:INFO:CONSOLE(176)] "WebSocket connection to 'ws://127.0.0.1:8080/' failed: Error in connection establishment: net::ERR_CONNECTION_REFUSED", source: https://cdn.skypack.dev/-/@streamerbot/client@v1.12.2-9BnWw0CDQ2fH1klZ4JSh/dist=es2019,mode=imports/optimized/@streamerbot/client.js (176)
[0711/120106.607:INFO:CONSOLE(83)] "Failed to reconnect (attempt 91)", source: https://cdn.skypack.dev/-/@streamerbot/client@v1.12.2-9BnWw0CDQ2fH1klZ4JSh/dist=es2019,mode=imports/optimized/@streamerbot/client.js (83)
[0711/120138.647:INFO:CONSOLE(176)] "WebSocket connection to 'ws://127.0.0.1:8080/' failed: Error in connection establishment: net::ERR_CONNECTION_REFUSED", source: https://cdn.skypack.dev/-/@streamerbot/client@v1.12.2-9BnWw0CDQ2fH1klZ4JSh/dist=es2019,mode=imports/optimized/@streamerbot/client.js (176)
[0711/120138.647:INFO:CONSOLE(83)] "Failed to reconnect (attempt 92)", source: https://cdn.skypack.dev/-/@streamerbot/client@v1.12.2-9BnWw0CDQ2fH1klZ4JSh/dist=es2019,mode=imports/optimized/@streamerbot/client.js (83)
[0711/120209.733:WARNING:gpu_process_host.cc(1205)] The GPU process has crashed 1 time(s)
[0711/154711.531:INFO:CONSOLE(59)] "[reward-notifications] script loaded", source: http://localhost:61575/reward-notifications.js (59)
[0711/154711.531:INFO:CONSOLE(86)] "[reward-notifications] listener attached", source: http://localhost:61575/reward-notifications.js (86)
[0711/154813.601:INFO:CONSOLE(176)] "WebSocket connection to 'ws://127.0.0.1:8080/' failed: Establishing a tunnel via proxy server failed.", source: https://cdn.skypack.dev/-/@streamerbot/client@v1.12.2-9BnWw0CDQ2fH1klZ4JSh/dist=es2019,mode=imports/optimized/@streamerbot/client.js (176)
[0711/154813.601:INFO:CONSOLE(83)] "Failed to reconnect (attempt 1)", source: https://cdn.skypack.dev/-/@streamerbot/client@v1.12.2-9BnWw0CDQ2fH1klZ4JSh/dist=es2019,mode=imports/optimized/@streamerbot/client.js (83)
[0711/154817.634:INFO:CONSOLE(176)] "WebSocket connection to 'ws://127.0.0.1:8080/' failed: Establishing a tunnel via proxy server failed.", source: https://cdn.skypack.dev/-/@streamerbot/client@v1.12.2-9BnWw0CDQ2fH1klZ4JSh/dist=es2019,mode=imports/optimized/@streamerbot/client.js (176)
[0711/154817.634:INFO:CONSOLE(83)] "Failed to reconnect (attempt 2)", source: https://cdn.skypack.dev/-/@streamerbot/client@v1.12.2-9BnWw0CDQ2fH1klZ4JSh/dist=es2019,mode=imports/optimized/@streamerbot/client.js (83)
[0711/154822.678:INFO:CONSOLE(176)] "WebSocket connection to 'ws://127.0.0.1:8080/' failed: Establishing a tunnel via proxy server failed.", source: https://cdn.skypack.dev/-/@streamerbot/client@v1.12.2-9BnWw0CDQ2fH1klZ4JSh/dist=es2019,mode=imports/optimized/@streamerbot/client.js (176)
[0711/154822.678:INFO:CONSOLE(83)] "Failed to reconnect (attempt 3)", source: https://cdn.skypack.dev/-/@streamerbot/client@v1.12.2-9BnWw0CDQ2fH1klZ4JSh/dist=es2019,mode=imports/optimized/@streamerbot/client.js (83)
[0711/154828.707:INFO:CONSOLE(176)] "WebSocket connection to 'ws://127.0.0.1:8080/' failed: Establishing a tunnel via proxy server failed.", source: https://cdn.skypack.dev/-/@streamerbot/client@v1.12.2-9BnWw0CDQ2fH1klZ4JSh/dist=es2019,mode=imports/optimized/@streamerbot/client.js (176)
[0711/154828.707:INFO:CONSOLE(83)] "Failed to reconnect (attempt 4)", source: https://cdn.skypack.dev/-/@streamerbot/client@v1.12.2-9BnWw0CDQ2fH1klZ4JSh/dist=es2019,mode=imports/optimized/@streamerbot/client.js (83)
[0711/154840.024:INFO:CONSOLE(59)] "[reward-notifications] script loaded", source: http://localhost:55334/reward-notifications.js (59)
[0711/154840.024:INFO:CONSOLE(86)] "[reward-notifications] listener attached", source: http://localhost:55334/reward-notifications.js (86)
[0711/155231.677:INFO:CONSOLE(176)] "WebSocket connection to 'ws://127.0.0.1:8080/' failed: Error in connection establishment: net::ERR_CONNECTION_REFUSED", source: https://cdn.skypack.dev/-/@streamerbot/client@v1.12.2-9BnWw0CDQ2fH1klZ4JSh/dist=es2019,mode=imports/optimized/@streamerbot/client.js (176)
[0711/155231.677:INFO:CONSOLE(83)] "Failed to reconnect (attempt 1)", source: https://cdn.skypack.dev/-/@streamerbot/client@v1.12.2-9BnWw0CDQ2fH1klZ4JSh/dist=es2019,mode=imports/optimized/@streamerbot/client.js (83)
[0711/155231.692:INFO:CONSOLE(176)] "WebSocket connection to 'ws://127.0.0.1:8080/' failed: Error in connection establishment: net::ERR_CONNECTION_REFUSED", source: https://cdn.skypack.dev/-/@streamerbot/client@v1.12.2-9BnWw0CDQ2fH1klZ4JSh/dist=es2019,mode=imports/optimized/@streamerbot/client.js (176)
[0711/155231.692:INFO:CONSOLE(83)] "Failed to reconnect (attempt 1)", source: https://cdn.skypack.dev/-/@streamerbot/client@v1.12.2-9BnWw0CDQ2fH1klZ4JSh/dist=es2019,mode=imports/optimized/@streamerbot/client.js (83)
[0711/155235.701:INFO:CONSOLE(176)] "WebSocket connection to 'ws://127.0.0.1:8080/' failed: Error in connection establishment: net::ERR_CONNECTION_REFUSED", source: https://cdn.skypack.dev/-/@streamerbot/client@v1.12.2-9BnWw0CDQ2fH1klZ4JSh/dist=es2019,mode=imports/optimized/@streamerbot/client.js (176)
[0711/155235.701:INFO:CONSOLE(83)] "Failed to reconnect (attempt 2)", source: https://cdn.skypack.dev/-/@streamerbot/client@v1.12.2-9BnWw0CDQ2fH1klZ4JSh/dist=es2019,mode=imports/optimized/@streamerbot/client.js (83)
[0711/155235.716:INFO:CONSOLE(176)] "WebSocket connection to 'ws://127.0.0.1:8080/' failed: Error in connection establishment: net::ERR_CONNECTION_REFUSED", source: https://cdn.skypack.dev/-/@streamerbot/client@v1.12.2-9BnWw0CDQ2fH1klZ4JSh/dist=es2019,mode=imports/optimized/@streamerbot/client.js (176)
[0711/155235.717:INFO:CONSOLE(83)] "Failed to reconnect (attempt 2)", source: https://cdn.skypack.dev/-/@streamerbot/client@v1.12.2-9BnWw0CDQ2fH1klZ4JSh/dist=es2019,mode=imports/optimized/@streamerbot/client.js (83)
[0711/155240.840:INFO:CONSOLE(176)] "WebSocket connection to 'ws://127.0.0.1:8080/' failed: Error in connection establishment: net::ERR_CONNECTION_REFUSED", source: https://cdn.skypack.dev/-/@streamerbot/client@v1.12.2-9BnWw0CDQ2fH1klZ4JSh/dist=es2019,mode=imports/optimized/@streamerbot/client.js (176)
[0711/155240.840:INFO:CONSOLE(83)] "Failed to reconnect (attempt 3)", source: https://cdn.skypack.dev/-/@streamerbot/client@v1.12.2-9BnWw0CDQ2fH1klZ4JSh/dist=es2019,mode=imports/optimized/@streamerbot/client.js (83)
[0711/155240.840:INFO:CONSOLE(176)] "WebSocket connection to 'ws://127.0.0.1:8080/' failed: Error in connection establishment: net::ERR_CONNECTION_REFUSED", source: https://cdn.skypack.dev/-/@streamerbot/client@v1.12.2-9BnWw0CDQ2fH1klZ4JSh/dist=es2019,mode=imports/optimized/@streamerbot/client.js (176)
[0711/155240.840:INFO:CONSOLE(83)] "Failed to reconnect (attempt 3)", source: https://cdn.skypack.dev/-/@streamerbot/client@v1.12.2-9BnWw0CDQ2fH1klZ4JSh/dist=es2019,mode=imports/optimized/@streamerbot/client.js (83)
[0711/155246.886:INFO:CONSOLE(176)] "WebSocket connection to 'ws://127.0.0.1:8080/' failed: Error in connection establishment: net::ERR_CONNECTION_REFUSED", source: https://cdn.skypack.dev/-/@streamerbot/client@v1.12.2-9BnWw0CDQ2fH1klZ4JSh/dist=es2019,mode=imports/optimized/@streamerbot/client.js (176)
[0711/155246.886:INFO:CONSOLE(176)] "WebSocket connection to 'ws://127.0.0.1:8080/' failed: Error in connection establishment: net::ERR_CONNECTION_REFUSED", source: https://cdn.skypack.dev/-/@streamerbot/client@v1.12.2-9BnWw0CDQ2fH1klZ4JSh/dist=es2019,mode=imports/optimized/@streamerbot/client.js (176)
[0711/155246.886:INFO:CONSOLE(83)] "Failed to reconnect (attempt 4)", source: https://cdn.skypack.dev/-/@streamerbot/client@v1.12.2-9BnWw0CDQ2fH1klZ4JSh/dist=es2019,mode=imports/optimized/@streamerbot/client.js (83)
[0711/155246.886:INFO:CONSOLE(83)] "Failed to reconnect (attempt 4)", source: https://cdn.skypack.dev/-/@streamerbot/client@v1.12.2-9BnWw0CDQ2fH1klZ4JSh/dist=es2019,mode=imports/optimized/@streamerbot/client.js (83)
[0711/155253.922:INFO:CONSOLE(176)] "WebSocket connection to 'ws://127.0.0.1:8080/' failed: Error in connection establishment: net::ERR_CONNECTION_REFUSED", source: https://cdn.skypack.dev/-/@streamerbot/client@v1.12.2-9BnWw0CDQ2fH1klZ4JSh/dist=es2019,mode=imports/optimized/@streamerbot/client.js (176)
[0711/155253.922:INFO:CONSOLE(83)] "Failed to reconnect (attempt 5)", source: https://cdn.skypack.dev/-/@streamerbot/client@v1.12.2-9BnWw0CDQ2fH1klZ4JSh/dist=es2019,mode=imports/optimized/@streamerbot/client.js (83)
[0711/155253.937:INFO:CONSOLE(176)] "WebSocket connection to 'ws://127.0.0.1:8080/' failed: Error in connection establishment: net::ERR_CONNECTION_REFUSED", source: https://cdn.skypack.dev/-/@streamerbot/client@v1.12.2-9BnWw0CDQ2fH1klZ4JSh/dist=es2019,mode=imports/optimized/@streamerbot/client.js (176)
[0711/155253.938:INFO:CONSOLE(83)] "Failed to reconnect (attempt 5)", source: https://cdn.skypack.dev/-/@streamerbot/client@v1.12.2-9BnWw0CDQ2fH1klZ4JSh/dist=es2019,mode=imports/optimized/@streamerbot/client.js (83)
[0711/155301.973:INFO:CONSOLE(176)] "WebSocket connection to 'ws://127.0.0.1:8080/' failed: Error in connection establishment: net::ERR_CONNECTION_REFUSED", source: https://cdn.skypack.dev/-/@streamerbot/client@v1.12.2-9BnWw0CDQ2fH1klZ4JSh/dist=es2019,mode=imports/optimized/@streamerbot/client.js (176)
[0711/155301.973:INFO:CONSOLE(176)] "WebSocket connection to 'ws://127.0.0.1:8080/' failed: Error in connection establishment: net::ERR_CONNECTION_REFUSED", source: https://cdn.skypack.dev/-/@streamerbot/client@v1.12.2-9BnWw0CDQ2fH1klZ4JSh/dist=es2019,mode=imports/optimized/@streamerbot/client.js (176)
[0711/155301.973:INFO:CONSOLE(83)] "Failed to reconnect (attempt 6)", source: https://cdn.skypack.dev/-/@streamerbot/client@v1.12.2-9BnWw0CDQ2fH1klZ4JSh/dist=es2019,mode=imports/optimized/@streamerbot/client.js (83)
[0711/155301.973:INFO:CONSOLE(83)] "Failed to reconnect (attempt 6)", source: https://cdn.skypack.dev/-/@streamerbot/client@v1.12.2-9BnWw0CDQ2fH1klZ4JSh/dist=es2019,mode=imports/optimized/@streamerbot/client.js (83)
[0711/155311.017:INFO:CONSOLE(176)] "WebSocket connection to 'ws://127.0.0.1:8080/' failed: Error in connection establishment: net::ERR_CONNECTION_REFUSED", source: https://cdn.skypack.dev/-/@streamerbot/client@v1.12.2-9BnWw0CDQ2fH1klZ4JSh/dist=es2019,mode=imports/optimized/@streamerbot/client.js (176)
[0711/155311.017:INFO:CONSOLE(83)] "Failed to reconnect (attempt 7)", source: https://cdn.skypack.dev/-/@streamerbot/client@v1.12.2-9BnWw0CDQ2fH1klZ4JSh/dist=es2019,mode=imports/optimized/@streamerbot/client.js (83)
[0711/155311.032:INFO:CONSOLE(176)] "WebSocket connection to 'ws://127.0.0.1:8080/' failed: Error in connection establishment: net::ERR_CONNECTION_REFUSED", source: https://cdn.skypack.dev/-/@streamerbot/client@v1.12.2-9BnWw0CDQ2fH1klZ4JSh/dist=es2019,mode=imports/optimized/@streamerbot/client.js (176)
[0711/155311.032:INFO:CONSOLE(83)] "Failed to reconnect (attempt 7)", source: https://cdn.skypack.dev/-/@streamerbot/client@v1.12.2-9BnWw0CDQ2fH1klZ4JSh/dist=es2019,mode=imports/optimized/@streamerbot/client.js (83)
[0711/155321.062:INFO:CONSOLE(176)] "WebSocket connection to 'ws://127.0.0.1:8080/' failed: Error in connection establishment: net::ERR_CONNECTION_REFUSED", source: https://cdn.skypack.dev/-/@streamerbot/client@v1.12.2-9BnWw0CDQ2fH1klZ4JSh/dist=es2019,mode=imports/optimized/@streamerbot/client.js (176)
[0711/155321.062:INFO:CONSOLE(176)] "WebSocket connection to 'ws://127.0.0.1:8080/' failed: Error in connection establishment: net::ERR_CONNECTION_REFUSED", source: https://cdn.skypack.dev/-/@streamerbot/client@v1.12.2-9BnWw0CDQ2fH1klZ4JSh/dist=es2019,mode=imports/optimized/@streamerbot/client.js (176)
[0711/155321.062:INFO:CONSOLE(83)] "Failed to reconnect (attempt 8)", source: https://cdn.skypack.dev/-/@streamerbot/client@v1.12.2-9BnWw0CDQ2fH1klZ4JSh/dist=es2019,mode=imports/optimized/@streamerbot/client.js (83)
[0711/155321.062:INFO:CONSOLE(83)] "Failed to reconnect (attempt 8)", source: https://cdn.skypack.dev/-/@streamerbot/client@v1.12.2-9BnWw0CDQ2fH1klZ4JSh/dist=es2019,mode=imports/optimized/@streamerbot/client.js (83)
[0711/155332.112:INFO:CONSOLE(176)] "WebSocket connection to 'ws://127.0.0.1:8080/' failed: Error in connection establishment: net::ERR_CONNECTION_REFUSED", source: https://cdn.skypack.dev/-/@streamerbot/client@v1.12.2-9BnWw0CDQ2fH1klZ4JSh/dist=es2019,mode=imports/optimized/@streamerbot/client.js (176)
[0711/155332.112:INFO:CONSOLE(176)] "WebSocket connection to 'ws://127.0.0.1:8080/' failed: Error in connection establishment: net::ERR_CONNECTION_REFUSED", source: https://cdn.skypack.dev/-/@streamerbot/client@v1.12.2-9BnWw0CDQ2fH1klZ4JSh/dist=es2019,mode=imports/optimized/@streamerbot/client.js (176)
[0711/155332.112:INFO:CONSOLE(83)] "Failed to reconnect (attempt 9)", source: https://cdn.skypack.dev/-/@streamerbot/client@v1.12.2-9BnWw0CDQ2fH1klZ4JSh/dist=es2019,mode=imports/optimized/@streamerbot/client.js (83)
[0711/155332.112:INFO:CONSOLE(83)] "Failed to reconnect (attempt 9)", source: https://cdn.skypack.dev/-/@streamerbot/client@v1.12.2-9BnWw0CDQ2fH1klZ4JSh/dist=es2019,mode=imports/optimized/@streamerbot/client.js (83)
[0711/155344.175:INFO:CONSOLE(176)] "WebSocket connection to 'ws://127.0.0.1:8080/' failed: Error in connection establishment: net::ERR_CONNECTION_REFUSED", source: https://cdn.skypack.dev/-/@streamerbot/client@v1.12.2-9BnWw0CDQ2fH1klZ4JSh/dist=es2019,mode=imports/optimized/@streamerbot/client.js (176)
[0711/155344.175:INFO:CONSOLE(83)] "Failed to reconnect (attempt 10)", source: https://cdn.skypack.dev/-/@streamerbot/client@v1.12.2-9BnWw0CDQ2fH1klZ4JSh/dist=es2019,mode=imports/optimized/@streamerbot/client.js (83)
[0711/155344.192:INFO:CONSOLE(176)] "WebSocket connection to 'ws://127.0.0.1:8080/' failed: Error in connection establishment: net::ERR_CONNECTION_REFUSED", source: https://cdn.skypack.dev/-/@streamerbot/client@v1.12.2-9BnWw0CDQ2fH1klZ4JSh/dist=es2019,mode=imports/optimized/@streamerbot/client.js (176)
[0711/155344.192:INFO:CONSOLE(83)] "Failed to reconnect (attempt 10)", source: https://cdn.skypack.dev/-/@streamerbot/client@v1.12.2-9BnWw0CDQ2fH1klZ4JSh/dist=es2019,mode=imports/optimized/@streamerbot/client.js (83)
[0711/155357.272:INFO:CONSOLE(176)] "WebSocket connection to 'ws://127.0.0.1:8080/' failed: Error in connection establishment: net::ERR_CONNECTION_REFUSED", source: https://cdn.skypack.dev/-/@streamerbot/client@v1.12.2-9BnWw0CDQ2fH1klZ4JSh/dist=es2019,mode=imports/optimized/@streamerbot/client.js (176)
[0711/155357.272:INFO:CONSOLE(83)] "Failed to reconnect (attempt 11)", source: https://cdn.skypack.dev/-/@streamerbot/client@v1.12.2-9BnWw0CDQ2fH1klZ4JSh/dist=es2019,mode=imports/optimized/@streamerbot/client.js (83)
[0711/155357.317:INFO:CONSOLE(176)] "WebSocket connection to 'ws://127.0.0.1:8080/' failed: Error in connection establishment: net::ERR_CONNECTION_REFUSED", source: https://cdn.skypack.dev/-/@streamerbot/client@v1.12.2-9BnWw0CDQ2fH1klZ4JSh/dist=es2019,mode=imports/optimized/@streamerbot/client.js (176)
[0711/155357.317:INFO:CONSOLE(83)] "Failed to reconnect (attempt 11)", source: https://cdn.skypack.dev/-/@streamerbot/client@v1.12.2-9BnWw0CDQ2fH1klZ4JSh/dist=es2019,mode=imports/optimized/@streamerbot/client.js (83)
[0711/155411.368:INFO:CONSOLE(176)] "WebSocket connection to 'ws://127.0.0.1:8080/' failed: Error in connection establishment: net::ERR_CONNECTION_REFUSED", source: https://cdn.skypack.dev/-/@streamerbot/client@v1.12.2-9BnWw0CDQ2fH1klZ4JSh/dist=es2019,mode=imports/optimized/@streamerbot/client.js (176)
[0711/155411.368:INFO:CONSOLE(83)] "Failed to reconnect (attempt 12)", source: https://cdn.skypack.dev/-/@streamerbot/client@v1.12.2-9BnWw0CDQ2fH1klZ4JSh/dist=es2019,mode=imports/optimized/@streamerbot/client.js (83)
[0711/155411.492:INFO:CONSOLE(176)] "WebSocket connection to 'ws://127.0.0.1:8080/' failed: Error in connection establishment: net::ERR_CONNECTION_REFUSED", source: https://cdn.skypack.dev/-/@streamerbot/client@v1.12.2-9BnWw0CDQ2fH1klZ4JSh/dist=es2019,mode=imports/optimized/@streamerbot/client.js (176)
[0711/155411.492:INFO:CONSOLE(83)] "Failed to reconnect (attempt 12)", source: https://cdn.skypack.dev/-/@streamerbot/client@v1.12.2-9BnWw0CDQ2fH1klZ4JSh/dist=es2019,mode=imports/optimized/@streamerbot/client.js (83)
[0711/155424.480:INFO:CONSOLE(176)] "WebSocket connection to 'ws://127.0.0.1:8080/' failed: Error during WebSocket handshake: Unexpected response code: 502", source: https://cdn.skypack.dev/-/@streamerbot/client@v1.12.2-9BnWw0CDQ2fH1klZ4JSh/dist=es2019,mode=imports/optimized/@streamerbot/client.js (176)
[0711/155424.480:INFO:CONSOLE(83)] "Failed to reconnect (attempt 13)", source: https://cdn.skypack.dev/-/@streamerbot/client@v1.12.2-9BnWw0CDQ2fH1klZ4JSh/dist=es2019,mode=imports/optimized/@streamerbot/client.js (83)
[0711/155424.589:INFO:CONSOLE(176)] "WebSocket connection to 'ws://127.0.0.1:8080/' failed: Error during WebSocket handshake: Unexpected response code: 502", source: https://cdn.skypack.dev/-/@streamerbot/client@v1.12.2-9BnWw0CDQ2fH1klZ4JSh/dist=es2019,mode=imports/optimized/@streamerbot/client.js (176)
[0711/155424.589:INFO:CONSOLE(83)] "Failed to reconnect (attempt 13)", source: https://cdn.skypack.dev/-/@streamerbot/client@v1.12.2-9BnWw0CDQ2fH1klZ4JSh/dist=es2019,mode=imports/optimized/@streamerbot/client.js (83)
[0711/155438.593:INFO:CONSOLE(176)] "WebSocket connection to 'ws://127.0.0.1:8080/' failed: Error during WebSocket handshake: Unexpected response code: 502", source: https://cdn.skypack.dev/-/@streamerbot/client@v1.12.2-9BnWw0CDQ2fH1klZ4JSh/dist=es2019,mode=imports/optimized/@streamerbot/client.js (176)
[0711/155438.593:INFO:CONSOLE(83)] "Failed to reconnect (attempt 14)", source: https://cdn.skypack.dev/-/@streamerbot/client@v1.12.2-9BnWw0CDQ2fH1klZ4JSh/dist=es2019,mode=imports/optimized/@streamerbot/client.js (83)
[0711/155438.826:INFO:CONSOLE(176)] "WebSocket connection to 'ws://127.0.0.1:8080/' failed: Error during WebSocket handshake: Unexpected response code: 502", source: https://cdn.skypack.dev/-/@streamerbot/client@v1.12.2-9BnWw0CDQ2fH1klZ4JSh/dist=es2019,mode=imports/optimized/@streamerbot/client.js (176)
[0711/155438.826:INFO:CONSOLE(83)] "Failed to reconnect (attempt 14)", source: https://cdn.skypack.dev/-/@streamerbot/client@v1.12.2-9BnWw0CDQ2fH1klZ4JSh/dist=es2019,mode=imports/optimized/@streamerbot/client.js (83)
[0711/155453.597:INFO:CONSOLE(176)] "WebSocket connection to 'ws://127.0.0.1:8080/' failed: Error during WebSocket handshake: Unexpected response code: 502", source: https://cdn.skypack.dev/-/@streamerbot/client@v1.12.2-9BnWw0CDQ2fH1klZ4JSh/dist=es2019,mode=imports/optimized/@streamerbot/client.js (176)
[0711/155453.597:INFO:CONSOLE(83)] "Failed to reconnect (attempt 15)", source: https://cdn.skypack.dev/-/@streamerbot/client@v1.12.2-9BnWw0CDQ2fH1klZ4JSh/dist=es2019,mode=imports/optimized/@streamerbot/client.js (83)
[0711/155453.830:INFO:CONSOLE(176)] "WebSocket connection to 'ws://127.0.0.1:8080/' failed: Error during WebSocket handshake: Unexpected response code: 502", source: https://cdn.skypack.dev/-/@streamerbot/client@v1.12.2-9BnWw0CDQ2fH1klZ4JSh/dist=es2019,mode=imports/optimized/@streamerbot/client.js (176)
[0711/155453.830:INFO:CONSOLE(83)] "Failed to reconnect (attempt 15)", source: https://cdn.skypack.dev/-/@streamerbot/client@v1.12.2-9BnWw0CDQ2fH1klZ4JSh/dist=es2019,mode=imports/optimized/@streamerbot/client.js (83)
[0711/155509.602:INFO:CONSOLE(176)] "WebSocket connection to 'ws://127.0.0.1:8080/' failed: Error during WebSocket handshake: Unexpected response code: 502", source: https://cdn.skypack.dev/-/@streamerbot/client@v1.12.2-9BnWw0CDQ2fH1klZ4JSh/dist=es2019,mode=imports/optimized/@streamerbot/client.js (176)
[0711/155509.602:INFO:CONSOLE(83)] "Failed to reconnect (attempt 16)", source: https://cdn.skypack.dev/-/@streamerbot/client@v1.12.2-9BnWw0CDQ2fH1klZ4JSh/dist=es2019,mode=imports/optimized/@streamerbot/client.js (83)
[0711/155509.836:INFO:CONSOLE(176)] "WebSocket connection to 'ws://127.0.0.1:8080/' failed: Error during WebSocket handshake: Unexpected response code: 502", source: https://cdn.skypack.dev/-/@streamerbot/client@v1.12.2-9BnWw0CDQ2fH1klZ4JSh/dist=es2019,mode=imports/optimized/@streamerbot/client.js (176)
[0711/155509.836:INFO:CONSOLE(83)] "Failed to reconnect (attempt 16)", source: https://cdn.skypack.dev/-/@streamerbot/client@v1.12.2-9BnWw0CDQ2fH1klZ4JSh/dist=es2019,mode=imports/optimized/@streamerbot/client.js (83)
[0711/155526.606:INFO:CONSOLE(176)] "WebSocket connection to 'ws://127.0.0.1:8080/' failed: Error during WebSocket handshake: Unexpected response code: 502", source: https://cdn.skypack.dev/-/@streamerbot/client@v1.12.2-9BnWw0CDQ2fH1klZ4JSh/dist=es2019,mode=imports/optimized/@streamerbot/client.js (176)
[0711/155526.606:INFO:CONSOLE(83)] "Failed to reconnect (attempt 17)", source: https://cdn.skypack.dev/-/@streamerbot/client@v1.12.2-9BnWw0CDQ2fH1klZ4JSh/dist=es2019,mode=imports/optimized/@streamerbot/client.js (83)
[0711/155528.881:INFO:CONSOLE(176)] "WebSocket connection to 'ws://127.0.0.1:8080/' failed: Error in connection establishment: net::ERR_CONNECTION_REFUSED", source: https://cdn.skypack.dev/-/@streamerbot/client@v1.12.2-9BnWw0CDQ2fH1klZ4JSh/dist=es2019,mode=imports/optimized/@streamerbot/client.js (176)
[0711/155528.881:INFO:CONSOLE(83)] "Failed to reconnect (attempt 17)", source: https://cdn.skypack.dev/-/@streamerbot/client@v1.12.2-9BnWw0CDQ2fH1klZ4JSh/dist=es2019,mode=imports/optimized/@streamerbot/client.js (83)
[0711/155546.658:INFO:CONSOLE(176)] "WebSocket connection to 'ws://127.0.0.1:8080/' failed: Error in connection establishment: net::ERR_CONNECTION_REFUSED", source: https://cdn.skypack.dev/-/@streamerbot/client@v1.12.2-9BnWw0CDQ2fH1klZ4JSh/dist=es2019,mode=imports/optimized/@streamerbot/client.js (176)
[0711/155546.658:INFO:CONSOLE(83)] "Failed to reconnect (attempt 18)", source: https://cdn.skypack.dev/-/@streamerbot/client@v1.12.2-9BnWw0CDQ2fH1klZ4JSh/dist=es2019,mode=imports/optimized/@streamerbot/client.js (83)
[0711/155548.922:INFO:CONSOLE(176)] "WebSocket connection to 'ws://127.0.0.1:8080/' failed: Error in connection establishment: net::ERR_CONNECTION_REFUSED", source: https://cdn.skypack.dev/-/@streamerbot/client@v1.12.2-9BnWw0CDQ2fH1klZ4JSh/dist=es2019,mode=imports/optimized/@streamerbot/client.js (176)
[0711/155548.922:INFO:CONSOLE(83)] "Failed to reconnect (attempt 18)", source: https://cdn.skypack.dev/-/@streamerbot/client@v1.12.2-9BnWw0CDQ2fH1klZ4JSh/dist=es2019,mode=imports/optimized/@streamerbot/client.js (83)
[0711/155605.668:INFO:CONSOLE(176)] "WebSocket connection to 'ws://127.0.0.1:8080/' failed: Error during WebSocket handshake: Unexpected response code: 502", source: https://cdn.skypack.dev/-/@streamerbot/client@v1.12.2-9BnWw0CDQ2fH1klZ4JSh/dist=es2019,mode=imports/optimized/@streamerbot/client.js (176)
[0711/155605.668:INFO:CONSOLE(83)] "Failed to reconnect (attempt 19)", source: https://cdn.skypack.dev/-/@streamerbot/client@v1.12.2-9BnWw0CDQ2fH1klZ4JSh/dist=es2019,mode=imports/optimized/@streamerbot/client.js (83)
[0711/155607.929:INFO:CONSOLE(176)] "WebSocket connection to 'ws://127.0.0.1:8080/' failed: Error during WebSocket handshake: Unexpected response code: 502", source: https://cdn.skypack.dev/-/@streamerbot/client@v1.12.2-9BnWw0CDQ2fH1klZ4JSh/dist=es2019,mode=imports/optimized/@streamerbot/client.js (176)
[0711/155607.929:INFO:CONSOLE(83)] "Failed to reconnect (attempt 19)", source: https://cdn.skypack.dev/-/@streamerbot/client@v1.12.2-9BnWw0CDQ2fH1klZ4JSh/dist=es2019,mode=imports/optimized/@streamerbot/client.js (83)
[0711/155625.677:INFO:CONSOLE(176)] "WebSocket connection to 'ws://127.0.0.1:8080/' failed: Error during WebSocket handshake: Unexpected response code: 502", source: https://cdn.skypack.dev/-/@streamerbot/client@v1.12.2-9BnWw0CDQ2fH1klZ4JSh/dist=es2019,mode=imports/optimized/@streamerbot/client.js (176)
[0711/155625.677:INFO:CONSOLE(83)] "Failed to reconnect (attempt 20)", source: https://cdn.skypack.dev/-/@streamerbot/client@v1.12.2-9BnWw0CDQ2fH1klZ4JSh/dist=es2019,mode=imports/optimized/@streamerbot/client.js (83)
[0711/155627.933:INFO:CONSOLE(176)] "WebSocket connection to 'ws://127.0.0.1:8080/' failed: Error during WebSocket handshake: Unexpected response code: 502", source: https://cdn.skypack.dev/-/@streamerbot/client@v1.12.2-9BnWw0CDQ2fH1klZ4JSh/dist=es2019,mode=imports/optimized/@streamerbot/client.js (176)
[0711/155627.933:INFO:CONSOLE(83)] "Failed to reconnect (attempt 20)", source: https://cdn.skypack.dev/-/@streamerbot/client@v1.12.2-9BnWw0CDQ2fH1klZ4JSh/dist=es2019,mode=imports/optimized/@streamerbot/client.js (83)
[0711/155646.682:INFO:CONSOLE(176)] "WebSocket connection to 'ws://127.0.0.1:8080/' failed: Error during WebSocket handshake: Unexpected response code: 502", source: https://cdn.skypack.dev/-/@streamerbot/client@v1.12.2-9BnWw0CDQ2fH1klZ4JSh/dist=es2019,mode=imports/optimized/@streamerbot/client.js (176)
[0711/155646.682:INFO:CONSOLE(83)] "Failed to reconnect (attempt 21)", source: https://cdn.skypack.dev/-/@streamerbot/client@v1.12.2-9BnWw0CDQ2fH1klZ4JSh/dist=es2019,mode=imports/optimized/@streamerbot/client.js (83)
[0711/155648.940:INFO:CONSOLE(176)] "WebSocket connection to 'ws://127.0.0.1:8080/' failed: Error during WebSocket handshake: Unexpected response code: 502", source: https://cdn.skypack.dev/-/@streamerbot/client@v1.12.2-9BnWw0CDQ2fH1klZ4JSh/dist=es2019,mode=imports/optimized/@streamerbot/client.js (176)
[0711/155648.940:INFO:CONSOLE(83)] "Failed to reconnect (attempt 21)", source: https://cdn.skypack.dev/-/@streamerbot/client@v1.12.2-9BnWw0CDQ2fH1klZ4JSh/dist=es2019,mode=imports/optimized/@streamerbot/client.js (83)
[0711/155708.687:INFO:CONSOLE(176)] "WebSocket connection to 'ws://127.0.0.1:8080/' failed: Error during WebSocket handshake: Unexpected response code: 502", source: https://cdn.skypack.dev/-/@streamerbot/client@v1.12.2-9BnWw0CDQ2fH1klZ4JSh/dist=es2019,mode=imports/optimized/@streamerbot/client.js (176)
[0711/155708.687:INFO:CONSOLE(83)] "Failed to reconnect (attempt 22)", source: https://cdn.skypack.dev/-/@streamerbot/client@v1.12.2-9BnWw0CDQ2fH1klZ4JSh/dist=es2019,mode=imports/optimized/@streamerbot/client.js (83)
[0711/155710.944:INFO:CONSOLE(176)] "WebSocket connection to 'ws://127.0.0.1:8080/' failed: Error during WebSocket handshake: Unexpected response code: 502", source: https://cdn.skypack.dev/-/@streamerbot/client@v1.12.2-9BnWw0CDQ2fH1klZ4JSh/dist=es2019,mode=imports/optimized/@streamerbot/client.js (176)
[0711/155710.944:INFO:CONSOLE(83)] "Failed to reconnect (attempt 22)", source: https://cdn.skypack.dev/-/@streamerbot/client@v1.12.2-9BnWw0CDQ2fH1klZ4JSh/dist=es2019,mode=imports/optimized/@streamerbot/client.js (83)
[0711/155731.691:INFO:CONSOLE(176)] "WebSocket connection to 'ws://127.0.0.1:8080/' failed: Error during WebSocket handshake: Unexpected response code: 502", source: https://cdn.skypack.dev/-/@streamerbot/client@v1.12.2-9BnWw0CDQ2fH1klZ4JSh/dist=es2019,mode=imports/optimized/@streamerbot/client.js (176)
[0711/155731.691:INFO:CONSOLE(83)] "Failed to reconnect (attempt 23)", source: https://cdn.skypack.dev/-/@streamerbot/client@v1.12.2-9BnWw0CDQ2fH1klZ4JSh/dist=es2019,mode=imports/optimized/@streamerbot/client.js (83)
[0711/155733.950:INFO:CONSOLE(176)] "WebSocket connection to 'ws://127.0.0.1:8080/' failed: Error during WebSocket handshake: Unexpected response code: 502", source: https://cdn.skypack.dev/-/@streamerbot/client@v1.12.2-9BnWw0CDQ2fH1klZ4JSh/dist=es2019,mode=imports/optimized/@streamerbot/client.js (176)
[0711/155733.950:INFO:CONSOLE(83)] "Failed to reconnect (attempt 23)", source: https://cdn.skypack.dev/-/@streamerbot/client@v1.12.2-9BnWw0CDQ2fH1klZ4JSh/dist=es2019,mode=imports/optimized/@streamerbot/client.js (83)
[0711/155755.695:INFO:CONSOLE(176)] "WebSocket connection to 'ws://127.0.0.1:8080/' failed: Error during WebSocket handshake: Unexpected response code: 502", source: https://cdn.skypack.dev/-/@streamerbot/client@v1.12.2-9BnWw0CDQ2fH1klZ4JSh/dist=es2019,mode=imports/optimized/@streamerbot/client.js (176)
[0711/155755.695:INFO:CONSOLE(83)] "Failed to reconnect (attempt 24)", source: https://cdn.skypack.dev/-/@streamerbot/client@v1.12.2-9BnWw0CDQ2fH1klZ4JSh/dist=es2019,mode=imports/optimized/@streamerbot/client.js (83)
[0711/155757.954:INFO:CONSOLE(176)] "WebSocket connection to 'ws://127.0.0.1:8080/' failed: Error during WebSocket handshake: Unexpected response code: 502", source: https://cdn.skypack.dev/-/@streamerbot/client@v1.12.2-9BnWw0CDQ2fH1klZ4JSh/dist=es2019,mode=imports/optimized/@streamerbot/client.js (176)
[0711/155757.954:INFO:CONSOLE(83)] "Failed to reconnect (attempt 24)", source: https://cdn.skypack.dev/-/@streamerbot/client@v1.12.2-9BnWw0CDQ2fH1klZ4JSh/dist=es2019,mode=imports/optimized/@streamerbot/client.js (83)
[0711/155820.701:INFO:CONSOLE(176)] "WebSocket connection to 'ws://127.0.0.1:8080/' failed: Error during WebSocket handshake: Unexpected response code: 502", source: https://cdn.skypack.dev/-/@streamerbot/client@v1.12.2-9BnWw0CDQ2fH1klZ4JSh/dist=es2019,mode=imports/optimized/@streamerbot/client.js (176)
[0711/155820.701:INFO:CONSOLE(83)] "Failed to reconnect (attempt 25)", source: https://cdn.skypack.dev/-/@streamerbot/client@v1.12.2-9BnWw0CDQ2fH1klZ4JSh/dist=es2019,mode=imports/optimized/@streamerbot/client.js (83)
[0711/155822.958:INFO:CONSOLE(176)] "WebSocket connection to 'ws://127.0.0.1:8080/' failed: Error during WebSocket handshake: Unexpected response code: 502", source: https://cdn.skypack.dev/-/@streamerbot/client@v1.12.2-9BnWw0CDQ2fH1klZ4JSh/dist=es2019,mode=imports/optimized/@streamerbot/client.js (176)
[0711/155822.958:INFO:CONSOLE(83)] "Failed to reconnect (attempt 25)", source: https://cdn.skypack.dev/-/@streamerbot/client@v1.12.2-9BnWw0CDQ2fH1klZ4JSh/dist=es2019,mode=imports/optimized/@streamerbot/client.js (83)
[0711/155846.705:INFO:CONSOLE(176)] "WebSocket connection to 'ws://127.0.0.1:8080/' failed: Error during WebSocket handshake: Unexpected response code: 502", source: https://cdn.skypack.dev/-/@streamerbot/client@v1.12.2-9BnWw0CDQ2fH1klZ4JSh/dist=es2019,mode=imports/optimized/@streamerbot/client.js (176)
[0711/155846.705:INFO:CONSOLE(83)] "Failed to reconnect (attempt 26)", source: https://cdn.skypack.dev/-/@streamerbot/client@v1.12.2-9BnWw0CDQ2fH1klZ4JSh/dist=es2019,mode=imports/optimized/@streamerbot/client.js (83)
[0711/155850.005:INFO:CONSOLE(176)] "WebSocket connection to 'ws://127.0.0.1:8080/' failed: Error during WebSocket handshake: Unexpected response code: 502", source: https://cdn.skypack.dev/-/@streamerbot/client@v1.12.2-9BnWw0CDQ2fH1klZ4JSh/dist=es2019,mode=imports/optimized/@streamerbot/client.js (176)
[0711/155850.005:INFO:CONSOLE(83)] "Failed to reconnect (attempt 26)", source: https://cdn.skypack.dev/-/@streamerbot/client@v1.12.2-9BnWw0CDQ2fH1klZ4JSh/dist=es2019,mode=imports/optimized/@streamerbot/client.js (83)
[0711/155913.709:INFO:CONSOLE(176)] "WebSocket connection to 'ws://127.0.0.1:8080/' failed: Error during WebSocket handshake: Unexpected response code: 502", source: https://cdn.skypack.dev/-/@streamerbot/client@v1.12.2-9BnWw0CDQ2fH1klZ4JSh/dist=es2019,mode=imports/optimized/@streamerbot/client.js (176)
[0711/155913.710:INFO:CONSOLE(83)] "Failed to reconnect (attempt 27)", source: https://cdn.skypack.dev/-/@streamerbot/client@v1.12.2-9BnWw0CDQ2fH1klZ4JSh/dist=es2019,mode=imports/optimized/@streamerbot/client.js (83)
[0711/155917.010:INFO:CONSOLE(176)] "WebSocket connection to 'ws://127.0.0.1:8080/' failed: Error during WebSocket handshake: Unexpected response code: 502", source: https://cdn.skypack.dev/-/@streamerbot/client@v1.12.2-9BnWw0CDQ2fH1klZ4JSh/dist=es2019,mode=imports/optimized/@streamerbot/client.js (176)
[0711/155917.010:INFO:CONSOLE(83)] "Failed to reconnect (attempt 27)", source: https://cdn.skypack.dev/-/@streamerbot/client@v1.12.2-9BnWw0CDQ2fH1klZ4JSh/dist=es2019,mode=imports/optimized/@streamerbot/client.js (83)
[0711/155941.714:INFO:CONSOLE(176)] "WebSocket connection to 'ws://127.0.0.1:8080/' failed: Error during WebSocket handshake: Unexpected response code: 502", source: https://cdn.skypack.dev/-/@streamerbot/client@v1.12.2-9BnWw0CDQ2fH1klZ4JSh/dist=es2019,mode=imports/optimized/@streamerbot/client.js (176)
[0711/155941.714:INFO:CONSOLE(83)] "Failed to reconnect (attempt 28)", source: https://cdn.skypack.dev/-/@streamerbot/client@v1.12.2-9BnWw0CDQ2fH1klZ4JSh/dist=es2019,mode=imports/optimized/@streamerbot/client.js (83)
[0711/155945.014:INFO:CONSOLE(176)] "WebSocket connection to 'ws://127.0.0.1:8080/' failed: Error during WebSocket handshake: Unexpected response code: 502", source: https://cdn.skypack.dev/-/@streamerbot/client@v1.12.2-9BnWw0CDQ2fH1klZ4JSh/dist=es2019,mode=imports/optimized/@streamerbot/client.js (176)
[0711/155945.014:INFO:CONSOLE(83)] "Failed to reconnect (attempt 28)", source: https://cdn.skypack.dev/-/@streamerbot/client@v1.12.2-9BnWw0CDQ2fH1klZ4JSh/dist=es2019,mode=imports/optimized/@streamerbot/client.js (83)
[0711/160010.719:INFO:CONSOLE(176)] "WebSocket connection to 'ws://127.0.0.1:8080/' failed: Error during WebSocket handshake: Unexpected response code: 502", source: https://cdn.skypack.dev/-/@streamerbot/client@v1.12.2-9BnWw0CDQ2fH1klZ4JSh/dist=es2019,mode=imports/optimized/@streamerbot/client.js (176)
[0711/160010.719:INFO:CONSOLE(83)] "Failed to reconnect (attempt 29)", source: https://cdn.skypack.dev/-/@streamerbot/client@v1.12.2-9BnWw0CDQ2fH1klZ4JSh/dist=es2019,mode=imports/optimized/@streamerbot/client.js (83)
[0711/160014.019:INFO:CONSOLE(176)] "WebSocket connection to 'ws://127.0.0.1:8080/' failed: Error during WebSocket handshake: Unexpected response code: 502", source: https://cdn.skypack.dev/-/@streamerbot/client@v1.12.2-9BnWw0CDQ2fH1klZ4JSh/dist=es2019,mode=imports/optimized/@streamerbot/client.js (176)
[0711/160014.019:INFO:CONSOLE(83)] "Failed to reconnect (attempt 29)", source: https://cdn.skypack.dev/-/@streamerbot/client@v1.12.2-9BnWw0CDQ2fH1klZ4JSh/dist=es2019,mode=imports/optimized/@streamerbot/client.js (83)
[0711/160040.724:INFO:CONSOLE(176)] "WebSocket connection to 'ws://127.0.0.1:8080/' failed: Error during WebSocket handshake: Unexpected response code: 502", source: https://cdn.skypack.dev/-/@streamerbot/client@v1.12.2-9BnWw0CDQ2fH1klZ4JSh/dist=es2019,mode=imports/optimized/@streamerbot/client.js (176)
[0711/160040.724:INFO:CONSOLE(83)] "Failed to reconnect (attempt 30)", source: https://cdn.skypack.dev/-/@streamerbot/client@v1.12.2-9BnWw0CDQ2fH1klZ4JSh/dist=es2019,mode=imports/optimized/@streamerbot/client.js (83)
[0711/160044.023:INFO:CONSOLE(176)] "WebSocket connection to 'ws://127.0.0.1:8080/' failed: Error during WebSocket handshake: Unexpected response code: 502", source: https://cdn.skypack.dev/-/@streamerbot/client@v1.12.2-9BnWw0CDQ2fH1klZ4JSh/dist=es2019,mode=imports/optimized/@streamerbot/client.js (176)
[0711/160044.023:INFO:CONSOLE(83)] "Failed to reconnect (attempt 30)", source: https://cdn.skypack.dev/-/@streamerbot/client@v1.12.2-9BnWw0CDQ2fH1klZ4JSh/dist=es2019,mode=imports/optimized/@streamerbot/client.js (83)
[0711/160110.729:INFO:CONSOLE(176)] "WebSocket connection to 'ws://127.0.0.1:8080/' failed: Error during WebSocket handshake: Unexpected response code: 502", source: https://cdn.skypack.dev/-/@streamerbot/client@v1.12.2-9BnWw0CDQ2fH1klZ4JSh/dist=es2019,mode=imports/optimized/@streamerbot/client.js (176)
[0711/160110.729:INFO:CONSOLE(83)] "Failed to reconnect (attempt 31)", source: https://cdn.skypack.dev/-/@streamerbot/client@v1.12.2-9BnWw0CDQ2fH1klZ4JSh/dist=es2019,mode=imports/optimized/@streamerbot/client.js (83)
[0711/160114.029:INFO:CONSOLE(176)] "WebSocket connection to 'ws://127.0.0.1:8080/' failed: Error during WebSocket handshake: Unexpected response code: 502", source: https://cdn.skypack.dev/-/@streamerbot/client@v1.12.2-9BnWw0CDQ2fH1klZ4JSh/dist=es2019,mode=imports/optimized/@streamerbot/client.js (176)
[0711/160114.029:INFO:CONSOLE(83)] "Failed to reconnect (attempt 31)", source: https://cdn.skypack.dev/-/@streamerbot/client@v1.12.2-9BnWw0CDQ2fH1klZ4JSh/dist=es2019,mode=imports/optimized/@streamerbot/client.js (83)
[0711/160140.734:INFO:CONSOLE(176)] "WebSocket connection to 'ws://127.0.0.1:8080/' failed: Error during WebSocket handshake: Unexpected response code: 502", source: https://cdn.skypack.dev/-/@streamerbot/client@v1.12.2-9BnWw0CDQ2fH1klZ4JSh/dist=es2019,mode=imports/optimized/@streamerbot/client.js (176)
[0711/160140.734:INFO:CONSOLE(83)] "Failed to reconnect (attempt 32)", source: https://cdn.skypack.dev/-/@streamerbot/client@v1.12.2-9BnWw0CDQ2fH1klZ4JSh/dist=es2019,mode=imports/optimized/@streamerbot/client.js (83)
[0711/160144.032:INFO:CONSOLE(176)] "WebSocket connection to 'ws://127.0.0.1:8080/' failed: Error during WebSocket handshake: Unexpected response code: 502", source: https://cdn.skypack.dev/-/@streamerbot/client@v1.12.2-9BnWw0CDQ2fH1klZ4JSh/dist=es2019,mode=imports/optimized/@streamerbot/client.js (176)
[0711/160144.032:INFO:CONSOLE(83)] "Failed to reconnect (attempt 32)", source: https://cdn.skypack.dev/-/@streamerbot/client@v1.12.2-9BnWw0CDQ2fH1klZ4JSh/dist=es2019,mode=imports/optimized/@streamerbot/client.js (83)
[0711/160212.773:INFO:CONSOLE(176)] "WebSocket connection to 'ws://127.0.0.1:8080/' failed: Error in connection establishment: net::ERR_CONNECTION_REFUSED", source: https://cdn.skypack.dev/-/@streamerbot/client@v1.12.2-9BnWw0CDQ2fH1klZ4JSh/dist=es2019,mode=imports/optimized/@streamerbot/client.js (176)
[0711/160212.773:INFO:CONSOLE(83)] "Failed to reconnect (attempt 33)", source: https://cdn.skypack.dev/-/@streamerbot/client@v1.12.2-9BnWw0CDQ2fH1klZ4JSh/dist=es2019,mode=imports/optimized/@streamerbot/client.js (83)
[0711/160216.072:INFO:CONSOLE(176)] "WebSocket connection to 'ws://127.0.0.1:8080/' failed: Error in connection establishment: net::ERR_CONNECTION_REFUSED", source: https://cdn.skypack.dev/-/@streamerbot/client@v1.12.2-9BnWw0CDQ2fH1klZ4JSh/dist=es2019,mode=imports/optimized/@streamerbot/client.js (176)
[0711/160216.072:INFO:CONSOLE(83)] "Failed to reconnect (attempt 33)", source: https://cdn.skypack.dev/-/@streamerbot/client@v1.12.2-9BnWw0CDQ2fH1klZ4JSh/dist=es2019,mode=imports/optimized/@streamerbot/client.js (83)
[0711/160244.817:INFO:CONSOLE(176)] "WebSocket connection to 'ws://127.0.0.1:8080/' failed: Error in connection establishment: net::ERR_CONNECTION_REFUSED", source: https://cdn.skypack.dev/-/@streamerbot/client@v1.12.2-9BnWw0CDQ2fH1klZ4JSh/dist=es2019,mode=imports/optimized/@streamerbot/client.js (176)
[0711/160244.817:INFO:CONSOLE(83)] "Failed to reconnect (attempt 34)", source: https://cdn.skypack.dev/-/@streamerbot/client@v1.12.2-9BnWw0CDQ2fH1klZ4JSh/dist=es2019,mode=imports/optimized/@streamerbot/client.js (83)
[0711/160248.108:INFO:CONSOLE(176)] "WebSocket connection to 'ws://127.0.0.1:8080/' failed: Error in connection establishment: net::ERR_CONNECTION_REFUSED", source: https://cdn.skypack.dev/-/@streamerbot/client@v1.12.2-9BnWw0CDQ2fH1klZ4JSh/dist=es2019,mode=imports/optimized/@streamerbot/client.js (176)
[0711/160248.108:INFO:CONSOLE(83)] "Failed to reconnect (attempt 34)", source: https://cdn.skypack.dev/-/@streamerbot/client@v1.12.2-9BnWw0CDQ2fH1klZ4JSh/dist=es2019,mode=imports/optimized/@streamerbot/client.js (83)
[0711/160316.860:INFO:CONSOLE(176)] "WebSocket connection to 'ws://127.0.0.1:8080/' failed: Error in connection establishment: net::ERR_CONNECTION_REFUSED", source: https://cdn.skypack.dev/-/@streamerbot/client@v1.12.2-9BnWw0CDQ2fH1klZ4JSh/dist=es2019,mode=imports/optimized/@streamerbot/client.js (176)
[0711/160316.860:INFO:CONSOLE(83)] "Failed to reconnect (attempt 35)", source: https://cdn.skypack.dev/-/@streamerbot/client@v1.12.2-9BnWw0CDQ2fH1klZ4JSh/dist=es2019,mode=imports/optimized/@streamerbot/client.js (83)
[0711/160320.148:INFO:CONSOLE(176)] "WebSocket connection to 'ws://127.0.0.1:8080/' failed: Error in connection establishment: net::ERR_CONNECTION_REFUSED", source: https://cdn.skypack.dev/-/@streamerbot/client@v1.12.2-9BnWw0CDQ2fH1klZ4JSh/dist=es2019,mode=imports/optimized/@streamerbot/client.js (176)
[0711/160320.148:INFO:CONSOLE(83)] "Failed to reconnect (attempt 35)", source: https://cdn.skypack.dev/-/@streamerbot/client@v1.12.2-9BnWw0CDQ2fH1klZ4JSh/dist=es2019,mode=imports/optimized/@streamerbot/client.js (83)
[0711/160348.894:INFO:CONSOLE(176)] "WebSocket connection to 'ws://127.0.0.1:8080/' failed: Error in connection establishment: net::ERR_CONNECTION_REFUSED", source: https://cdn.skypack.dev/-/@streamerbot/client@v1.12.2-9BnWw0CDQ2fH1klZ4JSh/dist=es2019,mode=imports/optimized/@streamerbot/client.js (176)
[0711/160348.894:INFO:CONSOLE(83)] "Failed to reconnect (attempt 36)", source: https://cdn.skypack.dev/-/@streamerbot/client@v1.12.2-9BnWw0CDQ2fH1klZ4JSh/dist=es2019,mode=imports/optimized/@streamerbot/client.js (83)
[0711/160352.190:INFO:CONSOLE(176)] "WebSocket connection to 'ws://127.0.0.1:8080/' failed: Error in connection establishment: net::ERR_CONNECTION_REFUSED", source: https://cdn.skypack.dev/-/@streamerbot/client@v1.12.2-9BnWw0CDQ2fH1klZ4JSh/dist=es2019,mode=imports/optimized/@streamerbot/client.js (176)
[0711/160352.190:INFO:CONSOLE(83)] "Failed to reconnect (attempt 36)", source: https://cdn.skypack.dev/-/@streamerbot/client@v1.12.2-9BnWw0CDQ2fH1klZ4JSh/dist=es2019,mode=imports/optimized/@streamerbot/client.js (83)
[0711/160420.927:INFO:CONSOLE(176)] "WebSocket connection to 'ws://127.0.0.1:8080/' failed: Error in connection establishment: net::ERR_CONNECTION_REFUSED", source: https://cdn.skypack.dev/-/@streamerbot/client@v1.12.2-9BnWw0CDQ2fH1klZ4JSh/dist=es2019,mode=imports/optimized/@streamerbot/client.js (176)
[0711/160420.927:INFO:CONSOLE(83)] "Failed to reconnect (attempt 37)", source: https://cdn.skypack.dev/-/@streamerbot/client@v1.12.2-9BnWw0CDQ2fH1klZ4JSh/dist=es2019,mode=imports/optimized/@streamerbot/client.js (83)
[0711/160424.225:INFO:CONSOLE(176)] "WebSocket connection to 'ws://127.0.0.1:8080/' failed: Error in connection establishment: net::ERR_CONNECTION_REFUSED", source: https://cdn.skypack.dev/-/@streamerbot/client@v1.12.2-9BnWw0CDQ2fH1klZ4JSh/dist=es2019,mode=imports/optimized/@streamerbot/client.js (176)
[0711/160424.225:INFO:CONSOLE(83)] "Failed to reconnect (attempt 37)", source: https://cdn.skypack.dev/-/@streamerbot/client@v1.12.2-9BnWw0CDQ2fH1klZ4JSh/dist=es2019,mode=imports/optimized/@streamerbot/client.js (83)
[0711/160452.967:INFO:CONSOLE(176)] "WebSocket connection to 'ws://127.0.0.1:8080/' failed: Error in connection establishment: net::ERR_CONNECTION_REFUSED", source: https://cdn.skypack.dev/-/@streamerbot/client@v1.12.2-9BnWw0CDQ2fH1klZ4JSh/dist=es2019,mode=imports/optimized/@streamerbot/client.js (176)
[0711/160452.967:INFO:CONSOLE(83)] "Failed to reconnect (attempt 38)", source: https://cdn.skypack.dev/-/@streamerbot/client@v1.12.2-9BnWw0CDQ2fH1klZ4JSh/dist=es2019,mode=imports/optimized/@streamerbot/client.js (83)
[0711/160456.267:INFO:CONSOLE(176)] "WebSocket connection to 'ws://127.0.0.1:8080/' failed: Error in connection establishment: net::ERR_CONNECTION_REFUSED", source: https://cdn.skypack.dev/-/@streamerbot/client@v1.12.2-9BnWw0CDQ2fH1klZ4JSh/dist=es2019,mode=imports/optimized/@streamerbot/client.js (176)
[0711/160456.267:INFO:CONSOLE(83)] "Failed to reconnect (attempt 38)", source: https://cdn.skypack.dev/-/@streamerbot/client@v1.12.2-9BnWw0CDQ2fH1klZ4JSh/dist=es2019,mode=imports/optimized/@streamerbot/client.js (83)
[0711/160525.008:INFO:CONSOLE(176)] "WebSocket connection to 'ws://127.0.0.1:8080/' failed: Error in connection establishment: net::ERR_CONNECTION_REFUSED", source: https://cdn.skypack.dev/-/@streamerbot/client@v1.12.2-9BnWw0CDQ2fH1klZ4JSh/dist=es2019,mode=imports/optimized/@streamerbot/client.js (176)
[0711/160525.009:INFO:CONSOLE(83)] "Failed to reconnect (attempt 39)", source: https://cdn.skypack.dev/-/@streamerbot/client@v1.12.2-9BnWw0CDQ2fH1klZ4JSh/dist=es2019,mode=imports/optimized/@streamerbot/client.js (83)
[0711/160528.297:INFO:CONSOLE(176)] "WebSocket connection to 'ws://127.0.0.1:8080/' failed: Error in connection establishment: net::ERR_CONNECTION_REFUSED", source: https://cdn.skypack.dev/-/@streamerbot/client@v1.12.2-9BnWw0CDQ2fH1klZ4JSh/dist=es2019,mode=imports/optimized/@streamerbot/client.js (176)
[0711/160528.297:INFO:CONSOLE(83)] "Failed to reconnect (attempt 39)", source: https://cdn.skypack.dev/-/@streamerbot/client@v1.12.2-9BnWw0CDQ2fH1klZ4JSh/dist=es2019,mode=imports/optimized/@streamerbot/client.js (83)
[0711/160557.043:INFO:CONSOLE(176)] "WebSocket connection to 'ws://127.0.0.1:8080/' failed: Error in connection establishment: net::ERR_CONNECTION_REFUSED", source: https://cdn.skypack.dev/-/@streamerbot/client@v1.12.2-9BnWw0CDQ2fH1klZ4JSh/dist=es2019,mode=imports/optimized/@streamerbot/client.js (176)
[0711/160557.043:INFO:CONSOLE(83)] "Failed to reconnect (attempt 40)", source: https://cdn.skypack.dev/-/@streamerbot/client@v1.12.2-9BnWw0CDQ2fH1klZ4JSh/dist=es2019,mode=imports/optimized/@streamerbot/client.js (83)
[0711/160600.340:INFO:CONSOLE(176)] "WebSocket connection to 'ws://127.0.0.1:8080/' failed: Error in connection establishment: net::ERR_CONNECTION_REFUSED", source: https://cdn.skypack.dev/-/@streamerbot/client@v1.12.2-9BnWw0CDQ2fH1klZ4JSh/dist=es2019,mode=imports/optimized/@streamerbot/client.js (176)
[0711/160600.342:INFO:CONSOLE(83)] "Failed to reconnect (attempt 40)", source: https://cdn.skypack.dev/-/@streamerbot/client@v1.12.2-9BnWw0CDQ2fH1klZ4JSh/dist=es2019,mode=imports/optimized/@streamerbot/client.js (83)
[0711/160629.084:INFO:CONSOLE(176)] "WebSocket connection to 'ws://127.0.0.1:8080/' failed: Error in connection establishment: net::ERR_CONNECTION_REFUSED", source: https://cdn.skypack.dev/-/@streamerbot/client@v1.12.2-9BnWw0CDQ2fH1klZ4JSh/dist=es2019,mode=imports/optimized/@streamerbot/client.js (176)
[0711/160629.084:INFO:CONSOLE(83)] "Failed to reconnect (attempt 41)", source: https://cdn.skypack.dev/-/@streamerbot/client@v1.12.2-9BnWw0CDQ2fH1klZ4JSh/dist=es2019,mode=imports/optimized/@streamerbot/client.js (83)
[0711/160632.376:INFO:CONSOLE(176)] "WebSocket connection to 'ws://127.0.0.1:8080/' failed: Error in connection establishment: net::ERR_CONNECTION_REFUSED", source: https://cdn.skypack.dev/-/@streamerbot/client@v1.12.2-9BnWw0CDQ2fH1klZ4JSh/dist=es2019,mode=imports/optimized/@streamerbot/client.js (176)
[0711/160632.376:INFO:CONSOLE(83)] "Failed to reconnect (attempt 41)", source: https://cdn.skypack.dev/-/@streamerbot/client@v1.12.2-9BnWw0CDQ2fH1klZ4JSh/dist=es2019,mode=imports/optimized/@streamerbot/client.js (83)
[0711/160701.127:INFO:CONSOLE(176)] "WebSocket connection to 'ws://127.0.0.1:8080/' failed: Error in connection establishment: net::ERR_CONNECTION_REFUSED", source: https://cdn.skypack.dev/-/@streamerbot/client@v1.12.2-9BnWw0CDQ2fH1klZ4JSh/dist=es2019,mode=imports/optimized/@streamerbot/client.js (176)
[0711/160701.127:INFO:CONSOLE(83)] "Failed to reconnect (attempt 42)", source: https://cdn.skypack.dev/-/@streamerbot/client@v1.12.2-9BnWw0CDQ2fH1klZ4JSh/dist=es2019,mode=imports/optimized/@streamerbot/client.js (83)
[0711/160704.417:INFO:CONSOLE(176)] "WebSocket connection to 'ws://127.0.0.1:8080/' failed: Error in connection establishment: net::ERR_CONNECTION_REFUSED", source: https://cdn.skypack.dev/-/@streamerbot/client@v1.12.2-9BnWw0CDQ2fH1klZ4JSh/dist=es2019,mode=imports/optimized/@streamerbot/client.js (176)
[0711/160704.417:INFO:CONSOLE(83)] "Failed to reconnect (attempt 42)", source: https://cdn.skypack.dev/-/@streamerbot/client@v1.12.2-9BnWw0CDQ2fH1klZ4JSh/dist=es2019,mode=imports/optimized/@streamerbot/client.js (83)
[0711/160733.173:INFO:CONSOLE(176)] "WebSocket connection to 'ws://127.0.0.1:8080/' failed: Error in connection establishment: net::ERR_CONNECTION_REFUSED", source: https://cdn.skypack.dev/-/@streamerbot/client@v1.12.2-9BnWw0CDQ2fH1klZ4JSh/dist=es2019,mode=imports/optimized/@streamerbot/client.js (176)
[0711/160733.173:INFO:CONSOLE(83)] "Failed to reconnect (attempt 43)", source: https://cdn.skypack.dev/-/@streamerbot/client@v1.12.2-9BnWw0CDQ2fH1klZ4JSh/dist=es2019,mode=imports/optimized/@streamerbot/client.js (83)
[0711/160736.453:INFO:CONSOLE(176)] "WebSocket connection to 'ws://127.0.0.1:8080/' failed: Error in connection establishment: net::ERR_CONNECTION_REFUSED", source: https://cdn.skypack.dev/-/@streamerbot/client@v1.12.2-9BnWw0CDQ2fH1klZ4JSh/dist=es2019,mode=imports/optimized/@streamerbot/client.js (176)
[0711/160736.453:INFO:CONSOLE(83)] "Failed to reconnect (attempt 43)", source: https://cdn.skypack.dev/-/@streamerbot/client@v1.12.2-9BnWw0CDQ2fH1klZ4JSh/dist=es2019,mode=imports/optimized/@streamerbot/client.js (83)
[0711/160805.225:INFO:CONSOLE(176)] "WebSocket connection to 'ws://127.0.0.1:8080/' failed: Error in connection establishment: net::ERR_CONNECTION_REFUSED", source: https://cdn.skypack.dev/-/@streamerbot/client@v1.12.2-9BnWw0CDQ2fH1klZ4JSh/dist=es2019,mode=imports/optimized/@streamerbot/client.js (176)
[0711/160805.225:INFO:CONSOLE(83)] "Failed to reconnect (attempt 44)", source: https://cdn.skypack.dev/-/@streamerbot/client@v1.12.2-9BnWw0CDQ2fH1klZ4JSh/dist=es2019,mode=imports/optimized/@streamerbot/client.js (83)
[0711/160808.484:INFO:CONSOLE(176)] "WebSocket connection to 'ws://127.0.0.1:8080/' failed: Error in connection establishment: net::ERR_CONNECTION_REFUSED", source: https://cdn.skypack.dev/-/@streamerbot/client@v1.12.2-9BnWw0CDQ2fH1klZ4JSh/dist=es2019,mode=imports/optimized/@streamerbot/client.js (176)
[0711/160808.484:INFO:CONSOLE(83)] "Failed to reconnect (attempt 44)", source: https://cdn.skypack.dev/-/@streamerbot/client@v1.12.2-9BnWw0CDQ2fH1klZ4JSh/dist=es2019,mode=imports/optimized/@streamerbot/client.js (83)
[0711/160837.258:INFO:CONSOLE(176)] "WebSocket connection to 'ws://127.0.0.1:8080/' failed: Error in connection establishment: net::ERR_CONNECTION_REFUSED", source: https://cdn.skypack.dev/-/@streamerbot/client@v1.12.2-9BnWw0CDQ2fH1klZ4JSh/dist=es2019,mode=imports/optimized/@streamerbot/client.js (176)
[0711/160837.258:INFO:CONSOLE(83)] "Failed to reconnect (attempt 45)", source: https://cdn.skypack.dev/-/@streamerbot/client@v1.12.2-9BnWw0CDQ2fH1klZ4JSh/dist=es2019,mode=imports/optimized/@streamerbot/client.js (83)
[0711/160840.515:INFO:CONSOLE(176)] "WebSocket connection to 'ws://127.0.0.1:8080/' failed: Error in connection establishment: net::ERR_CONNECTION_REFUSED", source: https://cdn.skypack.dev/-/@streamerbot/client@v1.12.2-9BnWw0CDQ2fH1klZ4JSh/dist=es2019,mode=imports/optimized/@streamerbot/client.js (176)
[0711/160840.515:INFO:CONSOLE(83)] "Failed to reconnect (attempt 45)", source: https://cdn.skypack.dev/-/@streamerbot/client@v1.12.2-9BnWw0CDQ2fH1klZ4JSh/dist=es2019,mode=imports/optimized/@streamerbot/client.js (83)
[0711/160909.304:INFO:CONSOLE(176)] "WebSocket connection to 'ws://127.0.0.1:8080/' failed: Error in connection establishment: net::ERR_CONNECTION_REFUSED", source: https://cdn.skypack.dev/-/@streamerbot/client@v1.12.2-9BnWw0CDQ2fH1klZ4JSh/dist=es2019,mode=imports/optimized/@streamerbot/client.js (176)
[0711/160909.304:INFO:CONSOLE(83)] "Failed to reconnect (attempt 46)", source: https://cdn.skypack.dev/-/@streamerbot/client@v1.12.2-9BnWw0CDQ2fH1klZ4JSh/dist=es2019,mode=imports/optimized/@streamerbot/client.js (83)
[0711/160912.562:INFO:CONSOLE(176)] "WebSocket connection to 'ws://127.0.0.1:8080/' failed: Error in connection establishment: net::ERR_CONNECTION_REFUSED", source: https://cdn.skypack.dev/-/@streamerbot/client@v1.12.2-9BnWw0CDQ2fH1klZ4JSh/dist=es2019,mode=imports/optimized/@streamerbot/client.js (176)
[0711/160912.562:INFO:CONSOLE(83)] "Failed to reconnect (attempt 46)", source: https://cdn.skypack.dev/-/@streamerbot/client@v1.12.2-9BnWw0CDQ2fH1klZ4JSh/dist=es2019,mode=imports/optimized/@streamerbot/client.js (83)
[0711/160941.345:INFO:CONSOLE(176)] "WebSocket connection to 'ws://127.0.0.1:8080/' failed: Error in connection establishment: net::ERR_CONNECTION_REFUSED", source: https://cdn.skypack.dev/-/@streamerbot/client@v1.12.2-9BnWw0CDQ2fH1klZ4JSh/dist=es2019,mode=imports/optimized/@streamerbot/client.js (176)
[0711/160941.345:INFO:CONSOLE(83)] "Failed to reconnect (attempt 47)", source: https://cdn.skypack.dev/-/@streamerbot/client@v1.12.2-9BnWw0CDQ2fH1klZ4JSh/dist=es2019,mode=imports/optimized/@streamerbot/client.js (83)
[0711/160944.618:INFO:CONSOLE(176)] "WebSocket connection to 'ws://127.0.0.1:8080/' failed: Error in connection establishment: net::ERR_CONNECTION_REFUSED", source: https://cdn.skypack.dev/-/@streamerbot/client@v1.12.2-9BnWw0CDQ2fH1klZ4JSh/dist=es2019,mode=imports/optimized/@streamerbot/client.js (176)
[0711/160944.618:INFO:CONSOLE(83)] "Failed to reconnect (attempt 47)", source: https://cdn.skypack.dev/-/@streamerbot/client@v1.12.2-9BnWw0CDQ2fH1klZ4JSh/dist=es2019,mode=imports/optimized/@streamerbot/client.js (83)
[0711/161013.381:INFO:CONSOLE(176)] "WebSocket connection to 'ws://127.0.0.1:8080/' failed: Error in connection establishment: net::ERR_CONNECTION_REFUSED", source: https://cdn.skypack.dev/-/@streamerbot/client@v1.12.2-9BnWw0CDQ2fH1klZ4JSh/dist=es2019,mode=imports/optimized/@streamerbot/client.js (176)
[0711/161013.381:INFO:CONSOLE(83)] "Failed to reconnect (attempt 48)", source: https://cdn.skypack.dev/-/@streamerbot/client@v1.12.2-9BnWw0CDQ2fH1klZ4JSh/dist=es2019,mode=imports/optimized/@streamerbot/client.js (83)
[0711/161016.639:INFO:CONSOLE(176)] "WebSocket connection to 'ws://127.0.0.1:8080/' failed: Error in connection establishment: net::ERR_CONNECTION_REFUSED", source: https://cdn.skypack.dev/-/@streamerbot/client@v1.12.2-9BnWw0CDQ2fH1klZ4JSh/dist=es2019,mode=imports/optimized/@streamerbot/client.js (176)
[0711/161016.639:INFO:CONSOLE(83)] "Failed to reconnect (attempt 48)", source: https://cdn.skypack.dev/-/@streamerbot/client@v1.12.2-9BnWw0CDQ2fH1klZ4JSh/dist=es2019,mode=imports/optimized/@streamerbot/client.js (83)
[0711/161045.411:INFO:CONSOLE(176)] "WebSocket connection to 'ws://127.0.0.1:8080/' failed: Error in connection establishment: net::ERR_CONNECTION_REFUSED", source: https://cdn.skypack.dev/-/@streamerbot/client@v1.12.2-9BnWw0CDQ2fH1klZ4JSh/dist=es2019,mode=imports/optimized/@streamerbot/client.js (176)
[0711/161045.411:INFO:CONSOLE(83)] "Failed to reconnect (attempt 49)", source: https://cdn.skypack.dev/-/@streamerbot/client@v1.12.2-9BnWw0CDQ2fH1klZ4JSh/dist=es2019,mode=imports/optimized/@streamerbot/client.js (83)
[0711/161048.670:INFO:CONSOLE(176)] "WebSocket connection to 'ws://127.0.0.1:8080/' failed: Error in connection establishment: net::ERR_CONNECTION_REFUSED", source: https://cdn.skypack.dev/-/@streamerbot/client@v1.12.2-9BnWw0CDQ2fH1klZ4JSh/dist=es2019,mode=imports/optimized/@streamerbot/client.js (176)
[0711/161048.671:INFO:CONSOLE(83)] "Failed to reconnect (attempt 49)", source: https://cdn.skypack.dev/-/@streamerbot/client@v1.12.2-9BnWw0CDQ2fH1klZ4JSh/dist=es2019,mode=imports/optimized/@streamerbot/client.js (83)
[0711/161117.434:INFO:CONSOLE(176)] "WebSocket connection to 'ws://127.0.0.1:8080/' failed: Error in connection establishment: net::ERR_CONNECTION_REFUSED", source: https://cdn.skypack.dev/-/@streamerbot/client@v1.12.2-9BnWw0CDQ2fH1klZ4JSh/dist=es2019,mode=imports/optimized/@streamerbot/client.js (176)
[0711/161117.434:INFO:CONSOLE(83)] "Failed to reconnect (attempt 50)", source: https://cdn.skypack.dev/-/@streamerbot/client@v1.12.2-9BnWw0CDQ2fH1klZ4JSh/dist=es2019,mode=imports/optimized/@streamerbot/client.js (83)
[0711/161120.720:INFO:CONSOLE(176)] "WebSocket connection to 'ws://127.0.0.1:8080/' failed: Error in connection establishment: net::ERR_CONNECTION_REFUSED", source: https://cdn.skypack.dev/-/@streamerbot/client@v1.12.2-9BnWw0CDQ2fH1klZ4JSh/dist=es2019,mode=imports/optimized/@streamerbot/client.js (176)
[0711/161120.720:INFO:CONSOLE(83)] "Failed to reconnect (attempt 50)", source: https://cdn.skypack.dev/-/@streamerbot/client@v1.12.2-9BnWw0CDQ2fH1klZ4JSh/dist=es2019,mode=imports/optimized/@streamerbot/client.js (83)
[0711/161149.468:INFO:CONSOLE(176)] "WebSocket connection to 'ws://127.0.0.1:8080/' failed: Error in connection establishment: net::ERR_CONNECTION_REFUSED", source: https://cdn.skypack.dev/-/@streamerbot/client@v1.12.2-9BnWw0CDQ2fH1klZ4JSh/dist=es2019,mode=imports/optimized/@streamerbot/client.js (176)
[0711/161149.468:INFO:CONSOLE(83)] "Failed to reconnect (attempt 51)", source: https://cdn.skypack.dev/-/@streamerbot/client@v1.12.2-9BnWw0CDQ2fH1klZ4JSh/dist=es2019,mode=imports/optimized/@streamerbot/client.js (83)
[0711/161152.755:INFO:CONSOLE(176)] "WebSocket connection to 'ws://127.0.0.1:8080/' failed: Error in connection establishment: net::ERR_CONNECTION_REFUSED", source: https://cdn.skypack.dev/-/@streamerbot/client@v1.12.2-9BnWw0CDQ2fH1klZ4JSh/dist=es2019,mode=imports/optimized/@streamerbot/client.js (176)
[0711/161152.755:INFO:CONSOLE(83)] "Failed to reconnect (attempt 51)", source: https://cdn.skypack.dev/-/@streamerbot/client@v1.12.2-9BnWw0CDQ2fH1klZ4JSh/dist=es2019,mode=imports/optimized/@streamerbot/client.js (83)
[0711/161221.516:INFO:CONSOLE(176)] "WebSocket connection to 'ws://127.0.0.1:8080/' failed: Error in connection establishment: net::ERR_CONNECTION_REFUSED", source: https://cdn.skypack.dev/-/@streamerbot/client@v1.12.2-9BnWw0CDQ2fH1klZ4JSh/dist=es2019,mode=imports/optimized/@streamerbot/client.js (176)
[0711/161221.516:INFO:CONSOLE(83)] "Failed to reconnect (attempt 52)", source: https://cdn.skypack.dev/-/@streamerbot/client@v1.12.2-9BnWw0CDQ2fH1klZ4JSh/dist=es2019,mode=imports/optimized/@streamerbot/client.js (83)
[0711/161224.802:INFO:CONSOLE(176)] "WebSocket connection to 'ws://127.0.0.1:8080/' failed: Error in connection establishment: net::ERR_CONNECTION_REFUSED", source: https://cdn.skypack.dev/-/@streamerbot/client@v1.12.2-9BnWw0CDQ2fH1klZ4JSh/dist=es2019,mode=imports/optimized/@streamerbot/client.js (176)
[0711/161224.802:INFO:CONSOLE(83)] "Failed to reconnect (attempt 52)", source: https://cdn.skypack.dev/-/@streamerbot/client@v1.12.2-9BnWw0CDQ2fH1klZ4JSh/dist=es2019,mode=imports/optimized/@streamerbot/client.js (83)
[0711/161253.563:INFO:CONSOLE(176)] "WebSocket connection to 'ws://127.0.0.1:8080/' failed: Error in connection establishment: net::ERR_CONNECTION_REFUSED", source: https://cdn.skypack.dev/-/@streamerbot/client@v1.12.2-9BnWw0CDQ2fH1klZ4JSh/dist=es2019,mode=imports/optimized/@streamerbot/client.js (176)
[0711/161253.563:INFO:CONSOLE(83)] "Failed to reconnect (attempt 53)", source: https://cdn.skypack.dev/-/@streamerbot/client@v1.12.2-9BnWw0CDQ2fH1klZ4JSh/dist=es2019,mode=imports/optimized/@streamerbot/client.js (83)
[0711/161256.842:INFO:CONSOLE(176)] "WebSocket connection to 'ws://127.0.0.1:8080/' failed: Error in connection establishment: net::ERR_CONNECTION_REFUSED", source: https://cdn.skypack.dev/-/@streamerbot/client@v1.12.2-9BnWw0CDQ2fH1klZ4JSh/dist=es2019,mode=imports/optimized/@streamerbot/client.js (176)
[0711/161256.842:INFO:CONSOLE(83)] "Failed to reconnect (attempt 53)", source: https://cdn.skypack.dev/-/@streamerbot/client@v1.12.2-9BnWw0CDQ2fH1klZ4JSh/dist=es2019,mode=imports/optimized/@streamerbot/client.js (83)
[0711/161325.597:INFO:CONSOLE(176)] "WebSocket connection to 'ws://127.0.0.1:8080/' failed: Error in connection establishment: net::ERR_CONNECTION_REFUSED", source: https://cdn.skypack.dev/-/@streamerbot/client@v1.12.2-9BnWw0CDQ2fH1klZ4JSh/dist=es2019,mode=imports/optimized/@streamerbot/client.js (176)
[0711/161325.598:INFO:CONSOLE(83)] "Failed to reconnect (attempt 54)", source: https://cdn.skypack.dev/-/@streamerbot/client@v1.12.2-9BnWw0CDQ2fH1klZ4JSh/dist=es2019,mode=imports/optimized/@streamerbot/client.js (83)
[0711/161328.886:INFO:CONSOLE(176)] "WebSocket connection to 'ws://127.0.0.1:8080/' failed: Error in connection establishment: net::ERR_CONNECTION_REFUSED", source: https://cdn.skypack.dev/-/@streamerbot/client@v1.12.2-9BnWw0CDQ2fH1klZ4JSh/dist=es2019,mode=imports/optimized/@streamerbot/client.js (176)
[0711/161328.886:INFO:CONSOLE(83)] "Failed to reconnect (attempt 54)", source: https://cdn.skypack.dev/-/@streamerbot/client@v1.12.2-9BnWw0CDQ2fH1klZ4JSh/dist=es2019,mode=imports/optimized/@streamerbot/client.js (83)
[0711/161357.645:INFO:CONSOLE(176)] "WebSocket connection to 'ws://127.0.0.1:8080/' failed: Error in connection establishment: net::ERR_CONNECTION_REFUSED", source: https://cdn.skypack.dev/-/@streamerbot/client@v1.12.2-9BnWw0CDQ2fH1klZ4JSh/dist=es2019,mode=imports/optimized/@streamerbot/client.js (176)
[0711/161357.645:INFO:CONSOLE(83)] "Failed to reconnect (attempt 55)", source: https://cdn.skypack.dev/-/@streamerbot/client@v1.12.2-9BnWw0CDQ2fH1klZ4JSh/dist=es2019,mode=imports/optimized/@streamerbot/client.js (83)
[0711/161400.942:INFO:CONSOLE(176)] "WebSocket connection to 'ws://127.0.0.1:8080/' failed: Error in connection establishment: net::ERR_CONNECTION_REFUSED", source: https://cdn.skypack.dev/-/@streamerbot/client@v1.12.2-9BnWw0CDQ2fH1klZ4JSh/dist=es2019,mode=imports/optimized/@streamerbot/client.js (176)
[0711/161400.942:INFO:CONSOLE(83)] "Failed to reconnect (attempt 55)", source: https://cdn.skypack.dev/-/@streamerbot/client@v1.12.2-9BnWw0CDQ2fH1klZ4JSh/dist=es2019,mode=imports/optimized/@streamerbot/client.js (83)
[0711/161429.685:INFO:CONSOLE(176)] "WebSocket connection to 'ws://127.0.0.1:8080/' failed: Error in connection establishment: net::ERR_CONNECTION_REFUSED", source: https://cdn.skypack.dev/-/@streamerbot/client@v1.12.2-9BnWw0CDQ2fH1klZ4JSh/dist=es2019,mode=imports/optimized/@streamerbot/client.js (176)
[0711/161429.685:INFO:CONSOLE(83)] "Failed to reconnect (attempt 56)", source: https://cdn.skypack.dev/-/@streamerbot/client@v1.12.2-9BnWw0CDQ2fH1klZ4JSh/dist=es2019,mode=imports/optimized/@streamerbot/client.js (83)
[0711/161432.988:INFO:CONSOLE(176)] "WebSocket connection to 'ws://127.0.0.1:8080/' failed: Error in connection establishment: net::ERR_CONNECTION_REFUSED", source: https://cdn.skypack.dev/-/@streamerbot/client@v1.12.2-9BnWw0CDQ2fH1klZ4JSh/dist=es2019,mode=imports/optimized/@streamerbot/client.js (176)
[0711/161432.988:INFO:CONSOLE(83)] "Failed to reconnect (attempt 56)", source: https://cdn.skypack.dev/-/@streamerbot/client@v1.12.2-9BnWw0CDQ2fH1klZ4JSh/dist=es2019,mode=imports/optimized/@streamerbot/client.js (83)
[0711/161501.725:INFO:CONSOLE(176)] "WebSocket connection to 'ws://127.0.0.1:8080/' failed: Error in connection establishment: net::ERR_CONNECTION_REFUSED", source: https://cdn.skypack.dev/-/@streamerbot/client@v1.12.2-9BnWw0CDQ2fH1klZ4JSh/dist=es2019,mode=imports/optimized/@streamerbot/client.js (176)
[0711/161501.725:INFO:CONSOLE(83)] "Failed to reconnect (attempt 57)", source: https://cdn.skypack.dev/-/@streamerbot/client@v1.12.2-9BnWw0CDQ2fH1klZ4JSh/dist=es2019,mode=imports/optimized/@streamerbot/client.js (83)
[0711/161505.027:INFO:CONSOLE(176)] "WebSocket connection to 'ws://127.0.0.1:8080/' failed: Error in connection establishment: net::ERR_CONNECTION_REFUSED", source: https://cdn.skypack.dev/-/@streamerbot/client@v1.12.2-9BnWw0CDQ2fH1klZ4JSh/dist=es2019,mode=imports/optimized/@streamerbot/client.js (176)
[0711/161505.027:INFO:CONSOLE(83)] "Failed to reconnect (attempt 57)", source: https://cdn.skypack.dev/-/@streamerbot/client@v1.12.2-9BnWw0CDQ2fH1klZ4JSh/dist=es2019,mode=imports/optimized/@streamerbot/client.js (83)
[0711/161533.770:INFO:CONSOLE(176)] "WebSocket connection to 'ws://127.0.0.1:8080/' failed: Error in connection establishment: net::ERR_CONNECTION_REFUSED", source: https://cdn.skypack.dev/-/@streamerbot/client@v1.12.2-9BnWw0CDQ2fH1klZ4JSh/dist=es2019,mode=imports/optimized/@streamerbot/client.js (176)
[0711/161533.770:INFO:CONSOLE(83)] "Failed to reconnect (attempt 58)", source: https://cdn.skypack.dev/-/@streamerbot/client@v1.12.2-9BnWw0CDQ2fH1klZ4JSh/dist=es2019,mode=imports/optimized/@streamerbot/client.js (83)
[0711/161537.067:INFO:CONSOLE(176)] "WebSocket connection to 'ws://127.0.0.1:8080/' failed: Error in connection establishment: net::ERR_CONNECTION_REFUSED", source: https://cdn.skypack.dev/-/@streamerbot/client@v1.12.2-9BnWw0CDQ2fH1klZ4JSh/dist=es2019,mode=imports/optimized/@streamerbot/client.js (176)
[0711/161537.067:INFO:CONSOLE(83)] "Failed to reconnect (attempt 58)", source: https://cdn.skypack.dev/-/@streamerbot/client@v1.12.2-9BnWw0CDQ2fH1klZ4JSh/dist=es2019,mode=imports/optimized/@streamerbot/client.js (83)
[0711/161605.795:INFO:CONSOLE(176)] "WebSocket connection to 'ws://127.0.0.1:8080/' failed: Error in connection establishment: net::ERR_CONNECTION_REFUSED", source: https://cdn.skypack.dev/-/@streamerbot/client@v1.12.2-9BnWw0CDQ2fH1klZ4JSh/dist=es2019,mode=imports/optimized/@streamerbot/client.js (176)
[0711/161605.795:INFO:CONSOLE(83)] "Failed to reconnect (attempt 59)", source: https://cdn.skypack.dev/-/@streamerbot/client@v1.12.2-9BnWw0CDQ2fH1klZ4JSh/dist=es2019,mode=imports/optimized/@streamerbot/client.js (83)
[0711/161609.110:INFO:CONSOLE(176)] "WebSocket connection to 'ws://127.0.0.1:8080/' failed: Error in connection establishment: net::ERR_CONNECTION_REFUSED", source: https://cdn.skypack.dev/-/@streamerbot/client@v1.12.2-9BnWw0CDQ2fH1klZ4JSh/dist=es2019,mode=imports/optimized/@streamerbot/client.js (176)
[0711/161609.110:INFO:CONSOLE(83)] "Failed to reconnect (attempt 59)", source: https://cdn.skypack.dev/-/@streamerbot/client@v1.12.2-9BnWw0CDQ2fH1klZ4JSh/dist=es2019,mode=imports/optimized/@streamerbot/client.js (83)
[0711/161637.832:INFO:CONSOLE(176)] "WebSocket connection to 'ws://127.0.0.1:8080/' failed: Error in connection establishment: net::ERR_CONNECTION_REFUSED", source: https://cdn.skypack.dev/-/@streamerbot/client@v1.12.2-9BnWw0CDQ2fH1klZ4JSh/dist=es2019,mode=imports/optimized/@streamerbot/client.js (176)
[0711/161637.832:INFO:CONSOLE(83)] "Failed to reconnect (attempt 60)", source: https://cdn.skypack.dev/-/@streamerbot/client@v1.12.2-9BnWw0CDQ2fH1klZ4JSh/dist=es2019,mode=imports/optimized/@streamerbot/client.js (83)
[0711/161641.137:INFO:CONSOLE(176)] "WebSocket connection to 'ws://127.0.0.1:8080/' failed: Error in connection establishment: net::ERR_CONNECTION_REFUSED", source: https://cdn.skypack.dev/-/@streamerbot/client@v1.12.2-9BnWw0CDQ2fH1klZ4JSh/dist=es2019,mode=imports/optimized/@streamerbot/client.js (176)
[0711/161641.137:INFO:CONSOLE(83)] "Failed to reconnect (attempt 60)", source: https://cdn.skypack.dev/-/@streamerbot/client@v1.12.2-9BnWw0CDQ2fH1klZ4JSh/dist=es2019,mode=imports/optimized/@streamerbot/client.js (83)
[0711/161709.876:INFO:CONSOLE(176)] "WebSocket connection to 'ws://127.0.0.1:8080/' failed: Error in connection establishment: net::ERR_CONNECTION_REFUSED", source: https://cdn.skypack.dev/-/@streamerbot/client@v1.12.2-9BnWw0CDQ2fH1klZ4JSh/dist=es2019,mode=imports/optimized/@streamerbot/client.js (176)
[0711/161709.876:INFO:CONSOLE(83)] "Failed to reconnect (attempt 61)", source: https://cdn.skypack.dev/-/@streamerbot/client@v1.12.2-9BnWw0CDQ2fH1klZ4JSh/dist=es2019,mode=imports/optimized/@streamerbot/client.js (83)
[0711/161713.180:INFO:CONSOLE(176)] "WebSocket connection to 'ws://127.0.0.1:8080/' failed: Error in connection establishment: net::ERR_CONNECTION_REFUSED", source: https://cdn.skypack.dev/-/@streamerbot/client@v1.12.2-9BnWw0CDQ2fH1klZ4JSh/dist=es2019,mode=imports/optimized/@streamerbot/client.js (176)
[0711/161713.180:INFO:CONSOLE(83)] "Failed to reconnect (attempt 61)", source: https://cdn.skypack.dev/-/@streamerbot/client@v1.12.2-9BnWw0CDQ2fH1klZ4JSh/dist=es2019,mode=imports/optimized/@streamerbot/client.js (83)
[0711/161741.907:INFO:CONSOLE(176)] "WebSocket connection to 'ws://127.0.0.1:8080/' failed: Error in connection establishment: net::ERR_CONNECTION_REFUSED", source: https://cdn.skypack.dev/-/@streamerbot/client@v1.12.2-9BnWw0CDQ2fH1klZ4JSh/dist=es2019,mode=imports/optimized/@streamerbot/client.js (176)
[0711/161741.907:INFO:CONSOLE(83)] "Failed to reconnect (attempt 62)", source: https://cdn.skypack.dev/-/@streamerbot/client@v1.12.2-9BnWw0CDQ2fH1klZ4JSh/dist=es2019,mode=imports/optimized/@streamerbot/client.js (83)
[0711/161745.218:INFO:CONSOLE(176)] "WebSocket connection to 'ws://127.0.0.1:8080/' failed: Error in connection establishment: net::ERR_CONNECTION_REFUSED", source: https://cdn.skypack.dev/-/@streamerbot/client@v1.12.2-9BnWw0CDQ2fH1klZ4JSh/dist=es2019,mode=imports/optimized/@streamerbot/client.js (176)
[0711/161745.219:INFO:CONSOLE(83)] "Failed to reconnect (attempt 62)", source: https://cdn.skypack.dev/-/@streamerbot/client@v1.12.2-9BnWw0CDQ2fH1klZ4JSh/dist=es2019,mode=imports/optimized/@streamerbot/client.js (83)
[0711/161813.955:INFO:CONSOLE(176)] "WebSocket connection to 'ws://127.0.0.1:8080/' failed: Error in connection establishment: net::ERR_CONNECTION_REFUSED", source: https://cdn.skypack.dev/-/@streamerbot/client@v1.12.2-9BnWw0CDQ2fH1klZ4JSh/dist=es2019,mode=imports/optimized/@streamerbot/client.js (176)
[0711/161813.955:INFO:CONSOLE(83)] "Failed to reconnect (attempt 63)", source: https://cdn.skypack.dev/-/@streamerbot/client@v1.12.2-9BnWw0CDQ2fH1klZ4JSh/dist=es2019,mode=imports/optimized/@streamerbot/client.js (83)
[0711/161817.255:INFO:CONSOLE(176)] "WebSocket connection to 'ws://127.0.0.1:8080/' failed: Error in connection establishment: net::ERR_CONNECTION_REFUSED", source: https://cdn.skypack.dev/-/@streamerbot/client@v1.12.2-9BnWw0CDQ2fH1klZ4JSh/dist=es2019,mode=imports/optimized/@streamerbot/client.js (176)
[0711/161817.255:INFO:CONSOLE(83)] "Failed to reconnect (attempt 63)", source: https://cdn.skypack.dev/-/@streamerbot/client@v1.12.2-9BnWw0CDQ2fH1klZ4JSh/dist=es2019,mode=imports/optimized/@streamerbot/client.js (83)
[0711/161846.003:INFO:CONSOLE(176)] "WebSocket connection to 'ws://127.0.0.1:8080/' failed: Error in connection establishment: net::ERR_CONNECTION_REFUSED", source: https://cdn.skypack.dev/-/@streamerbot/client@v1.12.2-9BnWw0CDQ2fH1klZ4JSh/dist=es2019,mode=imports/optimized/@streamerbot/client.js (176)
[0711/161846.003:INFO:CONSOLE(83)] "Failed to reconnect (attempt 64)", source: https://cdn.skypack.dev/-/@streamerbot/client@v1.12.2-9BnWw0CDQ2fH1klZ4JSh/dist=es2019,mode=imports/optimized/@streamerbot/client.js (83)
[0711/161849.289:INFO:CONSOLE(176)] "WebSocket connection to 'ws://127.0.0.1:8080/' failed: Error in connection establishment: net::ERR_CONNECTION_REFUSED", source: https://cdn.skypack.dev/-/@streamerbot/client@v1.12.2-9BnWw0CDQ2fH1klZ4JSh/dist=es2019,mode=imports/optimized/@streamerbot/client.js (176)
[0711/161849.290:INFO:CONSOLE(83)] "Failed to reconnect (attempt 64)", source: https://cdn.skypack.dev/-/@streamerbot/client@v1.12.2-9BnWw0CDQ2fH1klZ4JSh/dist=es2019,mode=imports/optimized/@streamerbot/client.js (83)
[0711/161918.039:INFO:CONSOLE(176)] "WebSocket connection to 'ws://127.0.0.1:8080/' failed: Error in connection establishment: net::ERR_CONNECTION_REFUSED", source: https://cdn.skypack.dev/-/@streamerbot/client@v1.12.2-9BnWw0CDQ2fH1klZ4JSh/dist=es2019,mode=imports/optimized/@streamerbot/client.js (176)
[0711/161918.039:INFO:CONSOLE(83)] "Failed to reconnect (attempt 65)", source: https://cdn.skypack.dev/-/@streamerbot/client@v1.12.2-9BnWw0CDQ2fH1klZ4JSh/dist=es2019,mode=imports/optimized/@streamerbot/client.js (83)
[0711/161921.334:INFO:CONSOLE(176)] "WebSocket connection to 'ws://127.0.0.1:8080/' failed: Error in connection establishment: net::ERR_CONNECTION_REFUSED", source: https://cdn.skypack.dev/-/@streamerbot/client@v1.12.2-9BnWw0CDQ2fH1klZ4JSh/dist=es2019,mode=imports/optimized/@streamerbot/client.js (176)
[0711/161921.334:INFO:CONSOLE(83)] "Failed to reconnect (attempt 65)", source: https://cdn.skypack.dev/-/@streamerbot/client@v1.12.2-9BnWw0CDQ2fH1klZ4JSh/dist=es2019,mode=imports/optimized/@streamerbot/client.js (83)
[0711/161950.079:INFO:CONSOLE(176)] "WebSocket connection to 'ws://127.0.0.1:8080/' failed: Error in connection establishment: net::ERR_CONNECTION_REFUSED", source: https://cdn.skypack.dev/-/@streamerbot/client@v1.12.2-9BnWw0CDQ2fH1klZ4JSh/dist=es2019,mode=imports/optimized/@streamerbot/client.js (176)
[0711/161950.079:INFO:CONSOLE(83)] "Failed to reconnect (attempt 66)", source: https://cdn.skypack.dev/-/@streamerbot/client@v1.12.2-9BnWw0CDQ2fH1klZ4JSh/dist=es2019,mode=imports/optimized/@streamerbot/client.js (83)
[0711/161953.379:INFO:CONSOLE(176)] "WebSocket connection to 'ws://127.0.0.1:8080/' failed: Error in connection establishment: net::ERR_CONNECTION_REFUSED", source: https://cdn.skypack.dev/-/@streamerbot/client@v1.12.2-9BnWw0CDQ2fH1klZ4JSh/dist=es2019,mode=imports/optimized/@streamerbot/client.js (176)
[0711/161953.379:INFO:CONSOLE(83)] "Failed to reconnect (attempt 66)", source: https://cdn.skypack.dev/-/@streamerbot/client@v1.12.2-9BnWw0CDQ2fH1klZ4JSh/dist=es2019,mode=imports/optimized/@streamerbot/client.js (83)
[0711/162022.119:INFO:CONSOLE(176)] "WebSocket connection to 'ws://127.0.0.1:8080/' failed: Error in connection establishment: net::ERR_CONNECTION_REFUSED", source: https://cdn.skypack.dev/-/@streamerbot/client@v1.12.2-9BnWw0CDQ2fH1klZ4JSh/dist=es2019,mode=imports/optimized/@streamerbot/client.js (176)
[0711/162022.119:INFO:CONSOLE(83)] "Failed to reconnect (attempt 67)", source: https://cdn.skypack.dev/-/@streamerbot/client@v1.12.2-9BnWw0CDQ2fH1klZ4JSh/dist=es2019,mode=imports/optimized/@streamerbot/client.js (83)
[0711/162025.416:INFO:CONSOLE(176)] "WebSocket connection to 'ws://127.0.0.1:8080/' failed: Error in connection establishment: net::ERR_CONNECTION_REFUSED", source: https://cdn.skypack.dev/-/@streamerbot/client@v1.12.2-9BnWw0CDQ2fH1klZ4JSh/dist=es2019,mode=imports/optimized/@streamerbot/client.js (176)
[0711/162025.416:INFO:CONSOLE(83)] "Failed to reconnect (attempt 67)", source: https://cdn.skypack.dev/-/@streamerbot/client@v1.12.2-9BnWw0CDQ2fH1klZ4JSh/dist=es2019,mode=imports/optimized/@streamerbot/client.js (83)
[0711/162054.154:INFO:CONSOLE(176)] "WebSocket connection to 'ws://127.0.0.1:8080/' failed: Error in connection establishment: net::ERR_CONNECTION_REFUSED", source: https://cdn.skypack.dev/-/@streamerbot/client@v1.12.2-9BnWw0CDQ2fH1klZ4JSh/dist=es2019,mode=imports/optimized/@streamerbot/client.js (176)
[0711/162054.154:INFO:CONSOLE(83)] "Failed to reconnect (attempt 68)", source: https://cdn.skypack.dev/-/@streamerbot/client@v1.12.2-9BnWw0CDQ2fH1klZ4JSh/dist=es2019,mode=imports/optimized/@streamerbot/client.js (83)
[0711/162057.445:INFO:CONSOLE(176)] "WebSocket connection to 'ws://127.0.0.1:8080/' failed: Error in connection establishment: net::ERR_CONNECTION_REFUSED", source: https://cdn.skypack.dev/-/@streamerbot/client@v1.12.2-9BnWw0CDQ2fH1klZ4JSh/dist=es2019,mode=imports/optimized/@streamerbot/client.js (176)
[0711/162057.445:INFO:CONSOLE(83)] "Failed to reconnect (attempt 68)", source: https://cdn.skypack.dev/-/@streamerbot/client@v1.12.2-9BnWw0CDQ2fH1klZ4JSh/dist=es2019,mode=imports/optimized/@streamerbot/client.js (83)
[0711/162126.204:INFO:CONSOLE(176)] "WebSocket connection to 'ws://127.0.0.1:8080/' failed: Error in connection establishment: net::ERR_CONNECTION_REFUSED", source: https://cdn.skypack.dev/-/@streamerbot/client@v1.12.2-9BnWw0CDQ2fH1klZ4JSh/dist=es2019,mode=imports/optimized/@streamerbot/client.js (176)
[0711/162126.204:INFO:CONSOLE(83)] "Failed to reconnect (attempt 69)", source: https://cdn.skypack.dev/-/@streamerbot/client@v1.12.2-9BnWw0CDQ2fH1klZ4JSh/dist=es2019,mode=imports/optimized/@streamerbot/client.js (83)
[0711/162129.493:INFO:CONSOLE(176)] "WebSocket connection to 'ws://127.0.0.1:8080/' failed: Error in connection establishment: net::ERR_CONNECTION_REFUSED", source: https://cdn.skypack.dev/-/@streamerbot/client@v1.12.2-9BnWw0CDQ2fH1klZ4JSh/dist=es2019,mode=imports/optimized/@streamerbot/client.js (176)
[0711/162129.493:INFO:CONSOLE(83)] "Failed to reconnect (attempt 69)", source: https://cdn.skypack.dev/-/@streamerbot/client@v1.12.2-9BnWw0CDQ2fH1klZ4JSh/dist=es2019,mode=imports/optimized/@streamerbot/client.js (83)
[0711/162158.248:INFO:CONSOLE(176)] "WebSocket connection to 'ws://127.0.0.1:8080/' failed: Error in connection establishment: net::ERR_CONNECTION_REFUSED", source: https://cdn.skypack.dev/-/@streamerbot/client@v1.12.2-9BnWw0CDQ2fH1klZ4JSh/dist=es2019,mode=imports/optimized/@streamerbot/client.js (176)
[0711/162158.248:INFO:CONSOLE(83)] "Failed to reconnect (attempt 70)", source: https://cdn.skypack.dev/-/@streamerbot/client@v1.12.2-9BnWw0CDQ2fH1klZ4JSh/dist=es2019,mode=imports/optimized/@streamerbot/client.js (83)
[0711/162201.538:INFO:CONSOLE(176)] "WebSocket connection to 'ws://127.0.0.1:8080/' failed: Error in connection establishment: net::ERR_CONNECTION_REFUSED", source: https://cdn.skypack.dev/-/@streamerbot/client@v1.12.2-9BnWw0CDQ2fH1klZ4JSh/dist=es2019,mode=imports/optimized/@streamerbot/client.js (176)
[0711/162201.538:INFO:CONSOLE(83)] "Failed to reconnect (attempt 70)", source: https://cdn.skypack.dev/-/@streamerbot/client@v1.12.2-9BnWw0CDQ2fH1klZ4JSh/dist=es2019,mode=imports/optimized/@streamerbot/client.js (83)
[0711/162230.282:INFO:CONSOLE(176)] "WebSocket connection to 'ws://127.0.0.1:8080/' failed: Error in connection establishment: net::ERR_CONNECTION_REFUSED", source: https://cdn.skypack.dev/-/@streamerbot/client@v1.12.2-9BnWw0CDQ2fH1klZ4JSh/dist=es2019,mode=imports/optimized/@streamerbot/client.js (176)
[0711/162230.282:INFO:CONSOLE(83)] "Failed to reconnect (attempt 71)", source: https://cdn.skypack.dev/-/@streamerbot/client@v1.12.2-9BnWw0CDQ2fH1klZ4JSh/dist=es2019,mode=imports/optimized/@streamerbot/client.js (83)
[0711/162233.581:INFO:CONSOLE(176)] "WebSocket connection to 'ws://127.0.0.1:8080/' failed: Error in connection establishment: net::ERR_CONNECTION_REFUSED", source: https://cdn.skypack.dev/-/@streamerbot/client@v1.12.2-9BnWw0CDQ2fH1klZ4JSh/dist=es2019,mode=imports/optimized/@streamerbot/client.js (176)
[0711/162233.581:INFO:CONSOLE(83)] "Failed to reconnect (attempt 71)", source: https://cdn.skypack.dev/-/@streamerbot/client@v1.12.2-9BnWw0CDQ2fH1klZ4JSh/dist=es2019,mode=imports/optimized/@streamerbot/client.js (83)
[0711/162302.311:INFO:CONSOLE(176)] "WebSocket connection to 'ws://127.0.0.1:8080/' failed: Error in connection establishment: net::ERR_CONNECTION_REFUSED", source: https://cdn.skypack.dev/-/@streamerbot/client@v1.12.2-9BnWw0CDQ2fH1klZ4JSh/dist=es2019,mode=imports/optimized/@streamerbot/client.js (176)
[0711/162302.311:INFO:CONSOLE(83)] "Failed to reconnect (attempt 72)", source: https://cdn.skypack.dev/-/@streamerbot/client@v1.12.2-9BnWw0CDQ2fH1klZ4JSh/dist=es2019,mode=imports/optimized/@streamerbot/client.js (83)
[0711/162305.611:INFO:CONSOLE(176)] "WebSocket connection to 'ws://127.0.0.1:8080/' failed: Error in connection establishment: net::ERR_CONNECTION_REFUSED", source: https://cdn.skypack.dev/-/@streamerbot/client@v1.12.2-9BnWw0CDQ2fH1klZ4JSh/dist=es2019,mode=imports/optimized/@streamerbot/client.js (176)
[0711/162305.611:INFO:CONSOLE(83)] "Failed to reconnect (attempt 72)", source: https://cdn.skypack.dev/-/@streamerbot/client@v1.12.2-9BnWw0CDQ2fH1klZ4JSh/dist=es2019,mode=imports/optimized/@streamerbot/client.js (83)
[0711/162334.351:INFO:CONSOLE(176)] "WebSocket connection to 'ws://127.0.0.1:8080/' failed: Error in connection establishment: net::ERR_CONNECTION_REFUSED", source: https://cdn.skypack.dev/-/@streamerbot/client@v1.12.2-9BnWw0CDQ2fH1klZ4JSh/dist=es2019,mode=imports/optimized/@streamerbot/client.js (176)
[0711/162334.351:INFO:CONSOLE(83)] "Failed to reconnect (attempt 73)", source: https://cdn.skypack.dev/-/@streamerbot/client@v1.12.2-9BnWw0CDQ2fH1klZ4JSh/dist=es2019,mode=imports/optimized/@streamerbot/client.js (83)
[0711/162337.643:INFO:CONSOLE(176)] "WebSocket connection to 'ws://127.0.0.1:8080/' failed: Error in connection establishment: net::ERR_CONNECTION_REFUSED", source: https://cdn.skypack.dev/-/@streamerbot/client@v1.12.2-9BnWw0CDQ2fH1klZ4JSh/dist=es2019,mode=imports/optimized/@streamerbot/client.js (176)
[0711/162337.643:INFO:CONSOLE(83)] "Failed to reconnect (attempt 73)", source: https://cdn.skypack.dev/-/@streamerbot/client@v1.12.2-9BnWw0CDQ2fH1klZ4JSh/dist=es2019,mode=imports/optimized/@streamerbot/client.js (83)
[0711/162406.390:INFO:CONSOLE(176)] "WebSocket connection to 'ws://127.0.0.1:8080/' failed: Error in connection establishment: net::ERR_CONNECTION_REFUSED", source: https://cdn.skypack.dev/-/@streamerbot/client@v1.12.2-9BnWw0CDQ2fH1klZ4JSh/dist=es2019,mode=imports/optimized/@streamerbot/client.js (176)
[0711/162406.390:INFO:CONSOLE(83)] "Failed to reconnect (attempt 74)", source: https://cdn.skypack.dev/-/@streamerbot/client@v1.12.2-9BnWw0CDQ2fH1klZ4JSh/dist=es2019,mode=imports/optimized/@streamerbot/client.js (83)
[0711/162409.693:INFO:CONSOLE(176)] "WebSocket connection to 'ws://127.0.0.1:8080/' failed: Error in connection establishment: net::ERR_CONNECTION_REFUSED", source: https://cdn.skypack.dev/-/@streamerbot/client@v1.12.2-9BnWw0CDQ2fH1klZ4JSh/dist=es2019,mode=imports/optimized/@streamerbot/client.js (176)
[0711/162409.693:INFO:CONSOLE(83)] "Failed to reconnect (attempt 74)", source: https://cdn.skypack.dev/-/@streamerbot/client@v1.12.2-9BnWw0CDQ2fH1klZ4JSh/dist=es2019,mode=imports/optimized/@streamerbot/client.js (83)
[0711/162438.425:INFO:CONSOLE(176)] "WebSocket connection to 'ws://127.0.0.1:8080/' failed: Error in connection establishment: net::ERR_CONNECTION_REFUSED", source: https://cdn.skypack.dev/-/@streamerbot/client@v1.12.2-9BnWw0CDQ2fH1klZ4JSh/dist=es2019,mode=imports/optimized/@streamerbot/client.js (176)
[0711/162438.425:INFO:CONSOLE(83)] "Failed to reconnect (attempt 75)", source: https://cdn.skypack.dev/-/@streamerbot/client@v1.12.2-9BnWw0CDQ2fH1klZ4JSh/dist=es2019,mode=imports/optimized/@streamerbot/client.js (83)
[0711/162441.737:INFO:CONSOLE(176)] "WebSocket connection to 'ws://127.0.0.1:8080/' failed: Error in connection establishment: net::ERR_CONNECTION_REFUSED", source: https://cdn.skypack.dev/-/@streamerbot/client@v1.12.2-9BnWw0CDQ2fH1klZ4JSh/dist=es2019,mode=imports/optimized/@streamerbot/client.js (176)
[0711/162441.737:INFO:CONSOLE(83)] "Failed to reconnect (attempt 75)", source: https://cdn.skypack.dev/-/@streamerbot/client@v1.12.2-9BnWw0CDQ2fH1klZ4JSh/dist=es2019,mode=imports/optimized/@streamerbot/client.js (83)
[0711/162510.458:INFO:CONSOLE(176)] "WebSocket connection to 'ws://127.0.0.1:8080/' failed: Error in connection establishment: net::ERR_CONNECTION_REFUSED", source: https://cdn.skypack.dev/-/@streamerbot/client@v1.12.2-9BnWw0CDQ2fH1klZ4JSh/dist=es2019,mode=imports/optimized/@streamerbot/client.js (176)
[0711/162510.458:INFO:CONSOLE(83)] "Failed to reconnect (attempt 76)", source: https://cdn.skypack.dev/-/@streamerbot/client@v1.12.2-9BnWw0CDQ2fH1klZ4JSh/dist=es2019,mode=imports/optimized/@streamerbot/client.js (83)
[0711/162513.773:INFO:CONSOLE(176)] "WebSocket connection to 'ws://127.0.0.1:8080/' failed: Error in connection establishment: net::ERR_CONNECTION_REFUSED", source: https://cdn.skypack.dev/-/@streamerbot/client@v1.12.2-9BnWw0CDQ2fH1klZ4JSh/dist=es2019,mode=imports/optimized/@streamerbot/client.js (176)
[0711/162513.773:INFO:CONSOLE(83)] "Failed to reconnect (attempt 76)", source: https://cdn.skypack.dev/-/@streamerbot/client@v1.12.2-9BnWw0CDQ2fH1klZ4JSh/dist=es2019,mode=imports/optimized/@streamerbot/client.js (83)
[0711/162542.492:INFO:CONSOLE(176)] "WebSocket connection to 'ws://127.0.0.1:8080/' failed: Error in connection establishment: net::ERR_CONNECTION_REFUSED", source: https://cdn.skypack.dev/-/@streamerbot/client@v1.12.2-9BnWw0CDQ2fH1klZ4JSh/dist=es2019,mode=imports/optimized/@streamerbot/client.js (176)
[0711/162542.492:INFO:CONSOLE(83)] "Failed to reconnect (attempt 77)", source: https://cdn.skypack.dev/-/@streamerbot/client@v1.12.2-9BnWw0CDQ2fH1klZ4JSh/dist=es2019,mode=imports/optimized/@streamerbot/client.js (83)
[0711/162545.815:INFO:CONSOLE(176)] "WebSocket connection to 'ws://127.0.0.1:8080/' failed: Error in connection establishment: net::ERR_CONNECTION_REFUSED", source: https://cdn.skypack.dev/-/@streamerbot/client@v1.12.2-9BnWw0CDQ2fH1klZ4JSh/dist=es2019,mode=imports/optimized/@streamerbot/client.js (176)
[0711/162545.815:INFO:CONSOLE(83)] "Failed to reconnect (attempt 77)", source: https://cdn.skypack.dev/-/@streamerbot/client@v1.12.2-9BnWw0CDQ2fH1klZ4JSh/dist=es2019,mode=imports/optimized/@streamerbot/client.js (83)
[0711/162614.532:INFO:CONSOLE(176)] "WebSocket connection to 'ws://127.0.0.1:8080/' failed: Error in connection establishment: net::ERR_CONNECTION_REFUSED", source: https://cdn.skypack.dev/-/@streamerbot/client@v1.12.2-9BnWw0CDQ2fH1klZ4JSh/dist=es2019,mode=imports/optimized/@streamerbot/client.js (176)
[0711/162614.532:INFO:CONSOLE(83)] "Failed to reconnect (attempt 78)", source: https://cdn.skypack.dev/-/@streamerbot/client@v1.12.2-9BnWw0CDQ2fH1klZ4JSh/dist=es2019,mode=imports/optimized/@streamerbot/client.js (83)
[0711/162617.858:INFO:CONSOLE(176)] "WebSocket connection to 'ws://127.0.0.1:8080/' failed: Error in connection establishment: net::ERR_CONNECTION_REFUSED", source: https://cdn.skypack.dev/-/@streamerbot/client@v1.12.2-9BnWw0CDQ2fH1klZ4JSh/dist=es2019,mode=imports/optimized/@streamerbot/client.js (176)
[0711/162617.858:INFO:CONSOLE(83)] "Failed to reconnect (attempt 78)", source: https://cdn.skypack.dev/-/@streamerbot/client@v1.12.2-9BnWw0CDQ2fH1klZ4JSh/dist=es2019,mode=imports/optimized/@streamerbot/client.js (83)
[0711/162646.577:INFO:CONSOLE(176)] "WebSocket connection to 'ws://127.0.0.1:8080/' failed: Error in connection establishment: net::ERR_CONNECTION_REFUSED", source: https://cdn.skypack.dev/-/@streamerbot/client@v1.12.2-9BnWw0CDQ2fH1klZ4JSh/dist=es2019,mode=imports/optimized/@streamerbot/client.js (176)
[0711/162646.577:INFO:CONSOLE(83)] "Failed to reconnect (attempt 79)", source: https://cdn.skypack.dev/-/@streamerbot/client@v1.12.2-9BnWw0CDQ2fH1klZ4JSh/dist=es2019,mode=imports/optimized/@streamerbot/client.js (83)
[0711/162649.902:INFO:CONSOLE(176)] "WebSocket connection to 'ws://127.0.0.1:8080/' failed: Error in connection establishment: net::ERR_CONNECTION_REFUSED", source: https://cdn.skypack.dev/-/@streamerbot/client@v1.12.2-9BnWw0CDQ2fH1klZ4JSh/dist=es2019,mode=imports/optimized/@streamerbot/client.js (176)
[0711/162649.902:INFO:CONSOLE(83)] "Failed to reconnect (attempt 79)", source: https://cdn.skypack.dev/-/@streamerbot/client@v1.12.2-9BnWw0CDQ2fH1klZ4JSh/dist=es2019,mode=imports/optimized/@streamerbot/client.js (83)
[0711/162718.609:INFO:CONSOLE(176)] "WebSocket connection to 'ws://127.0.0.1:8080/' failed: Error in connection establishment: net::ERR_CONNECTION_REFUSED", source: https://cdn.skypack.dev/-/@streamerbot/client@v1.12.2-9BnWw0CDQ2fH1klZ4JSh/dist=es2019,mode=imports/optimized/@streamerbot/client.js (176)
[0711/162718.609:INFO:CONSOLE(83)] "Failed to reconnect (attempt 80)", source: https://cdn.skypack.dev/-/@streamerbot/client@v1.12.2-9BnWw0CDQ2fH1klZ4JSh/dist=es2019,mode=imports/optimized/@streamerbot/client.js (83)
[0711/162721.951:INFO:CONSOLE(176)] "WebSocket connection to 'ws://127.0.0.1:8080/' failed: Error in connection establishment: net::ERR_CONNECTION_REFUSED", source: https://cdn.skypack.dev/-/@streamerbot/client@v1.12.2-9BnWw0CDQ2fH1klZ4JSh/dist=es2019,mode=imports/optimized/@streamerbot/client.js (176)
[0711/162721.951:INFO:CONSOLE(83)] "Failed to reconnect (attempt 80)", source: https://cdn.skypack.dev/-/@streamerbot/client@v1.12.2-9BnWw0CDQ2fH1klZ4JSh/dist=es2019,mode=imports/optimized/@streamerbot/client.js (83)
[0711/162750.637:INFO:CONSOLE(176)] "WebSocket connection to 'ws://127.0.0.1:8080/' failed: Error in connection establishment: net::ERR_CONNECTION_REFUSED", source: https://cdn.skypack.dev/-/@streamerbot/client@v1.12.2-9BnWw0CDQ2fH1klZ4JSh/dist=es2019,mode=imports/optimized/@streamerbot/client.js (176)
[0711/162750.637:INFO:CONSOLE(83)] "Failed to reconnect (attempt 81)", source: https://cdn.skypack.dev/-/@streamerbot/client@v1.12.2-9BnWw0CDQ2fH1klZ4JSh/dist=es2019,mode=imports/optimized/@streamerbot/client.js (83)
[0711/162753.984:INFO:CONSOLE(176)] "WebSocket connection to 'ws://127.0.0.1:8080/' failed: Error in connection establishment: net::ERR_CONNECTION_REFUSED", source: https://cdn.skypack.dev/-/@streamerbot/client@v1.12.2-9BnWw0CDQ2fH1klZ4JSh/dist=es2019,mode=imports/optimized/@streamerbot/client.js (176)
[0711/162753.984:INFO:CONSOLE(83)] "Failed to reconnect (attempt 81)", source: https://cdn.skypack.dev/-/@streamerbot/client@v1.12.2-9BnWw0CDQ2fH1klZ4JSh/dist=es2019,mode=imports/optimized/@streamerbot/client.js (83)
[0711/162822.674:INFO:CONSOLE(176)] "WebSocket connection to 'ws://127.0.0.1:8080/' failed: Error in connection establishment: net::ERR_CONNECTION_REFUSED", source: https://cdn.skypack.dev/-/@streamerbot/client@v1.12.2-9BnWw0CDQ2fH1klZ4JSh/dist=es2019,mode=imports/optimized/@streamerbot/client.js (176)
[0711/162822.674:INFO:CONSOLE(83)] "Failed to reconnect (attempt 82)", source: https://cdn.skypack.dev/-/@streamerbot/client@v1.12.2-9BnWw0CDQ2fH1klZ4JSh/dist=es2019,mode=imports/optimized/@streamerbot/client.js (83)
[0711/162826.025:INFO:CONSOLE(176)] "WebSocket connection to 'ws://127.0.0.1:8080/' failed: Error in connection establishment: net::ERR_CONNECTION_REFUSED", source: https://cdn.skypack.dev/-/@streamerbot/client@v1.12.2-9BnWw0CDQ2fH1klZ4JSh/dist=es2019,mode=imports/optimized/@streamerbot/client.js (176)
[0711/162826.025:INFO:CONSOLE(83)] "Failed to reconnect (attempt 82)", source: https://cdn.skypack.dev/-/@streamerbot/client@v1.12.2-9BnWw0CDQ2fH1klZ4JSh/dist=es2019,mode=imports/optimized/@streamerbot/client.js (83)
[0711/162854.723:INFO:CONSOLE(176)] "WebSocket connection to 'ws://127.0.0.1:8080/' failed: Error in connection establishment: net::ERR_CONNECTION_REFUSED", source: https://cdn.skypack.dev/-/@streamerbot/client@v1.12.2-9BnWw0CDQ2fH1klZ4JSh/dist=es2019,mode=imports/optimized/@streamerbot/client.js (176)
[0711/162854.723:INFO:CONSOLE(83)] "Failed to reconnect (attempt 83)", source: https://cdn.skypack.dev/-/@streamerbot/client@v1.12.2-9BnWw0CDQ2fH1klZ4JSh/dist=es2019,mode=imports/optimized/@streamerbot/client.js (83)
[0711/162858.071:INFO:CONSOLE(176)] "WebSocket connection to 'ws://127.0.0.1:8080/' failed: Error in connection establishment: net::ERR_CONNECTION_REFUSED", source: https://cdn.skypack.dev/-/@streamerbot/client@v1.12.2-9BnWw0CDQ2fH1klZ4JSh/dist=es2019,mode=imports/optimized/@streamerbot/client.js (176)
[0711/162858.071:INFO:CONSOLE(83)] "Failed to reconnect (attempt 83)", source: https://cdn.skypack.dev/-/@streamerbot/client@v1.12.2-9BnWw0CDQ2fH1klZ4JSh/dist=es2019,mode=imports/optimized/@streamerbot/client.js (83)
[0711/162926.756:INFO:CONSOLE(176)] "WebSocket connection to 'ws://127.0.0.1:8080/' failed: Error in connection establishment: net::ERR_CONNECTION_REFUSED", source: https://cdn.skypack.dev/-/@streamerbot/client@v1.12.2-9BnWw0CDQ2fH1klZ4JSh/dist=es2019,mode=imports/optimized/@streamerbot/client.js (176)
[0711/162926.756:INFO:CONSOLE(83)] "Failed to reconnect (attempt 84)", source: https://cdn.skypack.dev/-/@streamerbot/client@v1.12.2-9BnWw0CDQ2fH1klZ4JSh/dist=es2019,mode=imports/optimized/@streamerbot/client.js (83)
[0711/162930.121:INFO:CONSOLE(176)] "WebSocket connection to 'ws://127.0.0.1:8080/' failed: Error in connection establishment: net::ERR_CONNECTION_REFUSED", source: https://cdn.skypack.dev/-/@streamerbot/client@v1.12.2-9BnWw0CDQ2fH1klZ4JSh/dist=es2019,mode=imports/optimized/@streamerbot/client.js (176)
[0711/162930.121:INFO:CONSOLE(83)] "Failed to reconnect (attempt 84)", source: https://cdn.skypack.dev/-/@streamerbot/client@v1.12.2-9BnWw0CDQ2fH1klZ4JSh/dist=es2019,mode=imports/optimized/@streamerbot/client.js (83)
[0711/162958.801:INFO:CONSOLE(176)] "WebSocket connection to 'ws://127.0.0.1:8080/' failed: Error in connection establishment: net::ERR_CONNECTION_REFUSED", source: https://cdn.skypack.dev/-/@streamerbot/client@v1.12.2-9BnWw0CDQ2fH1klZ4JSh/dist=es2019,mode=imports/optimized/@streamerbot/client.js (176)
[0711/162958.801:INFO:CONSOLE(83)] "Failed to reconnect (attempt 85)", source: https://cdn.skypack.dev/-/@streamerbot/client@v1.12.2-9BnWw0CDQ2fH1klZ4JSh/dist=es2019,mode=imports/optimized/@streamerbot/client.js (83)
[0711/163002.154:INFO:CONSOLE(176)] "WebSocket connection to 'ws://127.0.0.1:8080/' failed: Error in connection establishment: net::ERR_CONNECTION_REFUSED", source: https://cdn.skypack.dev/-/@streamerbot/client@v1.12.2-9BnWw0CDQ2fH1klZ4JSh/dist=es2019,mode=imports/optimized/@streamerbot/client.js (176)
[0711/163002.154:INFO:CONSOLE(83)] "Failed to reconnect (attempt 85)", source: https://cdn.skypack.dev/-/@streamerbot/client@v1.12.2-9BnWw0CDQ2fH1klZ4JSh/dist=es2019,mode=imports/optimized/@streamerbot/client.js (83)
[0711/163030.836:INFO:CONSOLE(176)] "WebSocket connection to 'ws://127.0.0.1:8080/' failed: Error in connection establishment: net::ERR_CONNECTION_REFUSED", source: https://cdn.skypack.dev/-/@streamerbot/client@v1.12.2-9BnWw0CDQ2fH1klZ4JSh/dist=es2019,mode=imports/optimized/@streamerbot/client.js (176)
[0711/163030.836:INFO:CONSOLE(83)] "Failed to reconnect (attempt 86)", source: https://cdn.skypack.dev/-/@streamerbot/client@v1.12.2-9BnWw0CDQ2fH1klZ4JSh/dist=es2019,mode=imports/optimized/@streamerbot/client.js (83)
[0711/163034.190:INFO:CONSOLE(176)] "WebSocket connection to 'ws://127.0.0.1:8080/' failed: Error in connection establishment: net::ERR_CONNECTION_REFUSED", source: https://cdn.skypack.dev/-/@streamerbot/client@v1.12.2-9BnWw0CDQ2fH1klZ4JSh/dist=es2019,mode=imports/optimized/@streamerbot/client.js (176)
[0711/163034.190:INFO:CONSOLE(83)] "Failed to reconnect (attempt 86)", source: https://cdn.skypack.dev/-/@streamerbot/client@v1.12.2-9BnWw0CDQ2fH1klZ4JSh/dist=es2019,mode=imports/optimized/@streamerbot/client.js (83)
[0711/163102.872:INFO:CONSOLE(176)] "WebSocket connection to 'ws://127.0.0.1:8080/' failed: Error in connection establishment: net::ERR_CONNECTION_REFUSED", source: https://cdn.skypack.dev/-/@streamerbot/client@v1.12.2-9BnWw0CDQ2fH1klZ4JSh/dist=es2019,mode=imports/optimized/@streamerbot/client.js (176)
[0711/163102.872:INFO:CONSOLE(83)] "Failed to reconnect (attempt 87)", source: https://cdn.skypack.dev/-/@streamerbot/client@v1.12.2-9BnWw0CDQ2fH1klZ4JSh/dist=es2019,mode=imports/optimized/@streamerbot/client.js (83)
[0711/163106.232:INFO:CONSOLE(176)] "WebSocket connection to 'ws://127.0.0.1:8080/' failed: Error in connection establishment: net::ERR_CONNECTION_REFUSED", source: https://cdn.skypack.dev/-/@streamerbot/client@v1.12.2-9BnWw0CDQ2fH1klZ4JSh/dist=es2019,mode=imports/optimized/@streamerbot/client.js (176)
[0711/163106.232:INFO:CONSOLE(83)] "Failed to reconnect (attempt 87)", source: https://cdn.skypack.dev/-/@streamerbot/client@v1.12.2-9BnWw0CDQ2fH1klZ4JSh/dist=es2019,mode=imports/optimized/@streamerbot/client.js (83)
[0711/163134.902:INFO:CONSOLE(176)] "WebSocket connection to 'ws://127.0.0.1:8080/' failed: Error in connection establishment: net::ERR_CONNECTION_REFUSED", source: https://cdn.skypack.dev/-/@streamerbot/client@v1.12.2-9BnWw0CDQ2fH1klZ4JSh/dist=es2019,mode=imports/optimized/@streamerbot/client.js (176)
[0711/163134.902:INFO:CONSOLE(83)] "Failed to reconnect (attempt 88)", source: https://cdn.skypack.dev/-/@streamerbot/client@v1.12.2-9BnWw0CDQ2fH1klZ4JSh/dist=es2019,mode=imports/optimized/@streamerbot/client.js (83)
[0711/163138.271:INFO:CONSOLE(176)] "WebSocket connection to 'ws://127.0.0.1:8080/' failed: Error in connection establishment: net::ERR_CONNECTION_REFUSED", source: https://cdn.skypack.dev/-/@streamerbot/client@v1.12.2-9BnWw0CDQ2fH1klZ4JSh/dist=es2019,mode=imports/optimized/@streamerbot/client.js (176)
[0711/163138.271:INFO:CONSOLE(83)] "Failed to reconnect (attempt 88)", source: https://cdn.skypack.dev/-/@streamerbot/client@v1.12.2-9BnWw0CDQ2fH1klZ4JSh/dist=es2019,mode=imports/optimized/@streamerbot/client.js (83)
[0711/163206.943:INFO:CONSOLE(176)] "WebSocket connection to 'ws://127.0.0.1:8080/' failed: Error in connection establishment: net::ERR_CONNECTION_REFUSED", source: https://cdn.skypack.dev/-/@streamerbot/client@v1.12.2-9BnWw0CDQ2fH1klZ4JSh/dist=es2019,mode=imports/optimized/@streamerbot/client.js (176)
[0711/163206.943:INFO:CONSOLE(83)] "Failed to reconnect (attempt 89)", source: https://cdn.skypack.dev/-/@streamerbot/client@v1.12.2-9BnWw0CDQ2fH1klZ4JSh/dist=es2019,mode=imports/optimized/@streamerbot/client.js (83)
[0711/163210.316:INFO:CONSOLE(176)] "WebSocket connection to 'ws://127.0.0.1:8080/' failed: Error in connection establishment: net::ERR_CONNECTION_REFUSED", source: https://cdn.skypack.dev/-/@streamerbot/client@v1.12.2-9BnWw0CDQ2fH1klZ4JSh/dist=es2019,mode=imports/optimized/@streamerbot/client.js (176)
[0711/163210.316:INFO:CONSOLE(83)] "Failed to reconnect (attempt 89)", source: https://cdn.skypack.dev/-/@streamerbot/client@v1.12.2-9BnWw0CDQ2fH1klZ4JSh/dist=es2019,mode=imports/optimized/@streamerbot/client.js (83)
[0711/163238.983:INFO:CONSOLE(176)] "WebSocket connection to 'ws://127.0.0.1:8080/' failed: Error in connection establishment: net::ERR_CONNECTION_REFUSED", source: https://cdn.skypack.dev/-/@streamerbot/client@v1.12.2-9BnWw0CDQ2fH1klZ4JSh/dist=es2019,mode=imports/optimized/@streamerbot/client.js (176)
[0711/163238.983:INFO:CONSOLE(83)] "Failed to reconnect (attempt 90)", source: https://cdn.skypack.dev/-/@streamerbot/client@v1.12.2-9BnWw0CDQ2fH1klZ4JSh/dist=es2019,mode=imports/optimized/@streamerbot/client.js (83)
[0711/163242.353:INFO:CONSOLE(176)] "WebSocket connection to 'ws://127.0.0.1:8080/' failed: Error in connection establishment: net::ERR_CONNECTION_REFUSED", source: https://cdn.skypack.dev/-/@streamerbot/client@v1.12.2-9BnWw0CDQ2fH1klZ4JSh/dist=es2019,mode=imports/optimized/@streamerbot/client.js (176)
[0711/163242.353:INFO:CONSOLE(83)] "Failed to reconnect (attempt 90)", source: https://cdn.skypack.dev/-/@streamerbot/client@v1.12.2-9BnWw0CDQ2fH1klZ4JSh/dist=es2019,mode=imports/optimized/@streamerbot/client.js (83)
[0711/163311.031:INFO:CONSOLE(176)] "WebSocket connection to 'ws://127.0.0.1:8080/' failed: Error in connection establishment: net::ERR_CONNECTION_REFUSED", source: https://cdn.skypack.dev/-/@streamerbot/client@v1.12.2-9BnWw0CDQ2fH1klZ4JSh/dist=es2019,mode=imports/optimized/@streamerbot/client.js (176)
[0711/163311.031:INFO:CONSOLE(83)] "Failed to reconnect (attempt 91)", source: https://cdn.skypack.dev/-/@streamerbot/client@v1.12.2-9BnWw0CDQ2fH1klZ4JSh/dist=es2019,mode=imports/optimized/@streamerbot/client.js (83)
[0711/163314.392:INFO:CONSOLE(176)] "WebSocket connection to 'ws://127.0.0.1:8080/' failed: Error in connection establishment: net::ERR_CONNECTION_REFUSED", source: https://cdn.skypack.dev/-/@streamerbot/client@v1.12.2-9BnWw0CDQ2fH1klZ4JSh/dist=es2019,mode=imports/optimized/@streamerbot/client.js (176)
[0711/163314.392:INFO:CONSOLE(83)] "Failed to reconnect (attempt 91)", source: https://cdn.skypack.dev/-/@streamerbot/client@v1.12.2-9BnWw0CDQ2fH1klZ4JSh/dist=es2019,mode=imports/optimized/@streamerbot/client.js (83)
[0711/163343.070:INFO:CONSOLE(176)] "WebSocket connection to 'ws://127.0.0.1:8080/' failed: Error in connection establishment: net::ERR_CONNECTION_REFUSED", source: https://cdn.skypack.dev/-/@streamerbot/client@v1.12.2-9BnWw0CDQ2fH1klZ4JSh/dist=es2019,mode=imports/optimized/@streamerbot/client.js (176)
[0711/163343.070:INFO:CONSOLE(83)] "Failed to reconnect (attempt 92)", source: https://cdn.skypack.dev/-/@streamerbot/client@v1.12.2-9BnWw0CDQ2fH1klZ4JSh/dist=es2019,mode=imports/optimized/@streamerbot/client.js (83)
[0711/163346.440:INFO:CONSOLE(176)] "WebSocket connection to 'ws://127.0.0.1:8080/' failed: Error in connection establishment: net::ERR_CONNECTION_REFUSED", source: https://cdn.skypack.dev/-/@streamerbot/client@v1.12.2-9BnWw0CDQ2fH1klZ4JSh/dist=es2019,mode=imports/optimized/@streamerbot/client.js (176)
[0711/163346.440:INFO:CONSOLE(83)] "Failed to reconnect (attempt 92)", source: https://cdn.skypack.dev/-/@streamerbot/client@v1.12.2-9BnWw0CDQ2fH1klZ4JSh/dist=es2019,mode=imports/optimized/@streamerbot/client.js (83)
[0711/163415.120:INFO:CONSOLE(176)] "WebSocket connection to 'ws://127.0.0.1:8080/' failed: Error in connection establishment: net::ERR_CONNECTION_REFUSED", source: https://cdn.skypack.dev/-/@streamerbot/client@v1.12.2-9BnWw0CDQ2fH1klZ4JSh/dist=es2019,mode=imports/optimized/@streamerbot/client.js (176)
[0711/163415.120:INFO:CONSOLE(83)] "Failed to reconnect (attempt 93)", source: https://cdn.skypack.dev/-/@streamerbot/client@v1.12.2-9BnWw0CDQ2fH1klZ4JSh/dist=es2019,mode=imports/optimized/@streamerbot/client.js (83)
[0711/163418.483:INFO:CONSOLE(176)] "WebSocket connection to 'ws://127.0.0.1:8080/' failed: Error in connection establishment: net::ERR_CONNECTION_REFUSED", source: https://cdn.skypack.dev/-/@streamerbot/client@v1.12.2-9BnWw0CDQ2fH1klZ4JSh/dist=es2019,mode=imports/optimized/@streamerbot/client.js (176)
[0711/163418.483:INFO:CONSOLE(83)] "Failed to reconnect (attempt 93)", source: https://cdn.skypack.dev/-/@streamerbot/client@v1.12.2-9BnWw0CDQ2fH1klZ4JSh/dist=es2019,mode=imports/optimized/@streamerbot/client.js (83)
[0711/163447.165:INFO:CONSOLE(176)] "WebSocket connection to 'ws://127.0.0.1:8080/' failed: Error in connection establishment: net::ERR_CONNECTION_REFUSED", source: https://cdn.skypack.dev/-/@streamerbot/client@v1.12.2-9BnWw0CDQ2fH1klZ4JSh/dist=es2019,mode=imports/optimized/@streamerbot/client.js (176)
[0711/163447.165:INFO:CONSOLE(83)] "Failed to reconnect (attempt 94)", source: https://cdn.skypack.dev/-/@streamerbot/client@v1.12.2-9BnWw0CDQ2fH1klZ4JSh/dist=es2019,mode=imports/optimized/@streamerbot/client.js (83)
[0711/163450.530:INFO:CONSOLE(176)] "WebSocket connection to 'ws://127.0.0.1:8080/' failed: Error in connection establishment: net::ERR_CONNECTION_REFUSED", source: https://cdn.skypack.dev/-/@streamerbot/client@v1.12.2-9BnWw0CDQ2fH1klZ4JSh/dist=es2019,mode=imports/optimized/@streamerbot/client.js (176)
[0711/163450.530:INFO:CONSOLE(83)] "Failed to reconnect (attempt 94)", source: https://cdn.skypack.dev/-/@streamerbot/client@v1.12.2-9BnWw0CDQ2fH1klZ4JSh/dist=es2019,mode=imports/optimized/@streamerbot/client.js (83)
[0711/163519.195:INFO:CONSOLE(176)] "WebSocket connection to 'ws://127.0.0.1:8080/' failed: Error in connection establishment: net::ERR_CONNECTION_REFUSED", source: https://cdn.skypack.dev/-/@streamerbot/client@v1.12.2-9BnWw0CDQ2fH1klZ4JSh/dist=es2019,mode=imports/optimized/@streamerbot/client.js (176)
[0711/163519.195:INFO:CONSOLE(83)] "Failed to reconnect (attempt 95)", source: https://cdn.skypack.dev/-/@streamerbot/client@v1.12.2-9BnWw0CDQ2fH1klZ4JSh/dist=es2019,mode=imports/optimized/@streamerbot/client.js (83)
[0711/163522.580:INFO:CONSOLE(176)] "WebSocket connection to 'ws://127.0.0.1:8080/' failed: Error in connection establishment: net::ERR_CONNECTION_REFUSED", source: https://cdn.skypack.dev/-/@streamerbot/client@v1.12.2-9BnWw0CDQ2fH1klZ4JSh/dist=es2019,mode=imports/optimized/@streamerbot/client.js (176)
[0711/163522.580:INFO:CONSOLE(83)] "Failed to reconnect (attempt 95)", source: https://cdn.skypack.dev/-/@streamerbot/client@v1.12.2-9BnWw0CDQ2fH1klZ4JSh/dist=es2019,mode=imports/optimized/@streamerbot/client.js (83)
[0711/163551.247:INFO:CONSOLE(176)] "WebSocket connection to 'ws://127.0.0.1:8080/' failed: Error in connection establishment: net::ERR_CONNECTION_REFUSED", source: https://cdn.skypack.dev/-/@streamerbot/client@v1.12.2-9BnWw0CDQ2fH1klZ4JSh/dist=es2019,mode=imports/optimized/@streamerbot/client.js (176)
[0711/163551.247:INFO:CONSOLE(83)] "Failed to reconnect (attempt 96)", source: https://cdn.skypack.dev/-/@streamerbot/client@v1.12.2-9BnWw0CDQ2fH1klZ4JSh/dist=es2019,mode=imports/optimized/@streamerbot/client.js (83)
[0711/163554.628:INFO:CONSOLE(176)] "WebSocket connection to 'ws://127.0.0.1:8080/' failed: Error in connection establishment: net::ERR_CONNECTION_REFUSED", source: https://cdn.skypack.dev/-/@streamerbot/client@v1.12.2-9BnWw0CDQ2fH1klZ4JSh/dist=es2019,mode=imports/optimized/@streamerbot/client.js (176)
[0711/163554.628:INFO:CONSOLE(83)] "Failed to reconnect (attempt 96)", source: https://cdn.skypack.dev/-/@streamerbot/client@v1.12.2-9BnWw0CDQ2fH1klZ4JSh/dist=es2019,mode=imports/optimized/@streamerbot/client.js (83)
[0711/163623.283:INFO:CONSOLE(176)] "WebSocket connection to 'ws://127.0.0.1:8080/' failed: Error in connection establishment: net::ERR_CONNECTION_REFUSED", source: https://cdn.skypack.dev/-/@streamerbot/client@v1.12.2-9BnWw0CDQ2fH1klZ4JSh/dist=es2019,mode=imports/optimized/@streamerbot/client.js (176)
[0711/163623.283:INFO:CONSOLE(83)] "Failed to reconnect (attempt 97)", source: https://cdn.skypack.dev/-/@streamerbot/client@v1.12.2-9BnWw0CDQ2fH1klZ4JSh/dist=es2019,mode=imports/optimized/@streamerbot/client.js (83)
[0711/163626.665:INFO:CONSOLE(176)] "WebSocket connection to 'ws://127.0.0.1:8080/' failed: Error in connection establishment: net::ERR_CONNECTION_REFUSED", source: https://cdn.skypack.dev/-/@streamerbot/client@v1.12.2-9BnWw0CDQ2fH1klZ4JSh/dist=es2019,mode=imports/optimized/@streamerbot/client.js (176)
[0711/163626.665:INFO:CONSOLE(83)] "Failed to reconnect (attempt 97)", source: https://cdn.skypack.dev/-/@streamerbot/client@v1.12.2-9BnWw0CDQ2fH1klZ4JSh/dist=es2019,mode=imports/optimized/@streamerbot/client.js (83)
[0711/163655.330:INFO:CONSOLE(176)] "WebSocket connection to 'ws://127.0.0.1:8080/' failed: Error in connection establishment: net::ERR_CONNECTION_REFUSED", source: https://cdn.skypack.dev/-/@streamerbot/client@v1.12.2-9BnWw0CDQ2fH1klZ4JSh/dist=es2019,mode=imports/optimized/@streamerbot/client.js (176)
[0711/163655.330:INFO:CONSOLE(83)] "Failed to reconnect (attempt 98)", source: https://cdn.skypack.dev/-/@streamerbot/client@v1.12.2-9BnWw0CDQ2fH1klZ4JSh/dist=es2019,mode=imports/optimized/@streamerbot/client.js (83)
[0711/163658.697:INFO:CONSOLE(176)] "WebSocket connection to 'ws://127.0.0.1:8080/' failed: Error in connection establishment: net::ERR_CONNECTION_REFUSED", source: https://cdn.skypack.dev/-/@streamerbot/client@v1.12.2-9BnWw0CDQ2fH1klZ4JSh/dist=es2019,mode=imports/optimized/@streamerbot/client.js (176)
[0711/163658.697:INFO:CONSOLE(83)] "Failed to reconnect (attempt 98)", source: https://cdn.skypack.dev/-/@streamerbot/client@v1.12.2-9BnWw0CDQ2fH1klZ4JSh/dist=es2019,mode=imports/optimized/@streamerbot/client.js (83)
[0711/163727.375:INFO:CONSOLE(176)] "WebSocket connection to 'ws://127.0.0.1:8080/' failed: Error in connection establishment: net::ERR_CONNECTION_REFUSED", source: https://cdn.skypack.dev/-/@streamerbot/client@v1.12.2-9BnWw0CDQ2fH1klZ4JSh/dist=es2019,mode=imports/optimized/@streamerbot/client.js (176)
[0711/163727.375:INFO:CONSOLE(83)] "Failed to reconnect (attempt 99)", source: https://cdn.skypack.dev/-/@streamerbot/client@v1.12.2-9BnWw0CDQ2fH1klZ4JSh/dist=es2019,mode=imports/optimized/@streamerbot/client.js (83)
[0711/163730.746:INFO:CONSOLE(176)] "WebSocket connection to 'ws://127.0.0.1:8080/' failed: Error in connection establishment: net::ERR_CONNECTION_REFUSED", source: https://cdn.skypack.dev/-/@streamerbot/client@v1.12.2-9BnWw0CDQ2fH1klZ4JSh/dist=es2019,mode=imports/optimized/@streamerbot/client.js (176)
[0711/163730.746:INFO:CONSOLE(83)] "Failed to reconnect (attempt 99)", source: https://cdn.skypack.dev/-/@streamerbot/client@v1.12.2-9BnWw0CDQ2fH1klZ4JSh/dist=es2019,mode=imports/optimized/@streamerbot/client.js (83)
[0711/163759.409:INFO:CONSOLE(176)] "WebSocket connection to 'ws://127.0.0.1:8080/' failed: Error in connection establishment: net::ERR_CONNECTION_REFUSED", source: https://cdn.skypack.dev/-/@streamerbot/client@v1.12.2-9BnWw0CDQ2fH1klZ4JSh/dist=es2019,mode=imports/optimized/@streamerbot/client.js (176)
[0711/163759.409:INFO:CONSOLE(83)] "Failed to reconnect (attempt 100)", source: https://cdn.skypack.dev/-/@streamerbot/client@v1.12.2-9BnWw0CDQ2fH1klZ4JSh/dist=es2019,mode=imports/optimized/@streamerbot/client.js (83)
[0711/163802.867:INFO:CONSOLE(176)] "WebSocket connection to 'ws://127.0.0.1:8080/' failed: Error in connection establishment: net::ERR_CONNECTION_REFUSED", source: https://cdn.skypack.dev/-/@streamerbot/client@v1.12.2-9BnWw0CDQ2fH1klZ4JSh/dist=es2019,mode=imports/optimized/@streamerbot/client.js (176)
[0711/163802.867:INFO:CONSOLE(83)] "Failed to reconnect (attempt 100)", source: https://cdn.skypack.dev/-/@streamerbot/client@v1.12.2-9BnWw0CDQ2fH1klZ4JSh/dist=es2019,mode=imports/optimized/@streamerbot/client.js (83)
[0711/163831.451:INFO:CONSOLE(176)] "WebSocket connection to 'ws://127.0.0.1:8080/' failed: Error in connection establishment: net::ERR_CONNECTION_REFUSED", source: https://cdn.skypack.dev/-/@streamerbot/client@v1.12.2-9BnWw0CDQ2fH1klZ4JSh/dist=es2019,mode=imports/optimized/@streamerbot/client.js (176)
[0711/163831.451:INFO:CONSOLE(83)] "Failed to reconnect (attempt 101)", source: https://cdn.skypack.dev/-/@streamerbot/client@v1.12.2-9BnWw0CDQ2fH1klZ4JSh/dist=es2019,mode=imports/optimized/@streamerbot/client.js (83)
[0711/163834.915:INFO:CONSOLE(176)] "WebSocket connection to 'ws://127.0.0.1:8080/' failed: Error in connection establishment: net::ERR_CONNECTION_REFUSED", source: https://cdn.skypack.dev/-/@streamerbot/client@v1.12.2-9BnWw0CDQ2fH1klZ4JSh/dist=es2019,mode=imports/optimized/@streamerbot/client.js (176)
[0711/163834.915:INFO:CONSOLE(83)] "Failed to reconnect (attempt 101)", source: https://cdn.skypack.dev/-/@streamerbot/client@v1.12.2-9BnWw0CDQ2fH1klZ4JSh/dist=es2019,mode=imports/optimized/@streamerbot/client.js (83)
[0711/163903.495:INFO:CONSOLE(176)] "WebSocket connection to 'ws://127.0.0.1:8080/' failed: Error in connection establishment: net::ERR_CONNECTION_REFUSED", source: https://cdn.skypack.dev/-/@streamerbot/client@v1.12.2-9BnWw0CDQ2fH1klZ4JSh/dist=es2019,mode=imports/optimized/@streamerbot/client.js (176)
[0711/163903.495:INFO:CONSOLE(83)] "Failed to reconnect (attempt 102)", source: https://cdn.skypack.dev/-/@streamerbot/client@v1.12.2-9BnWw0CDQ2fH1klZ4JSh/dist=es2019,mode=imports/optimized/@streamerbot/client.js (83)
[0711/163906.954:INFO:CONSOLE(176)] "WebSocket connection to 'ws://127.0.0.1:8080/' failed: Error in connection establishment: net::ERR_CONNECTION_REFUSED", source: https://cdn.skypack.dev/-/@streamerbot/client@v1.12.2-9BnWw0CDQ2fH1klZ4JSh/dist=es2019,mode=imports/optimized/@streamerbot/client.js (176)
[0711/163906.954:INFO:CONSOLE(83)] "Failed to reconnect (attempt 102)", source: https://cdn.skypack.dev/-/@streamerbot/client@v1.12.2-9BnWw0CDQ2fH1klZ4JSh/dist=es2019,mode=imports/optimized/@streamerbot/client.js (83)
[0711/163935.535:INFO:CONSOLE(176)] "WebSocket connection to 'ws://127.0.0.1:8080/' failed: Error in connection establishment: net::ERR_CONNECTION_REFUSED", source: https://cdn.skypack.dev/-/@streamerbot/client@v1.12.2-9BnWw0CDQ2fH1klZ4JSh/dist=es2019,mode=imports/optimized/@streamerbot/client.js (176)
[0711/163935.535:INFO:CONSOLE(83)] "Failed to reconnect (attempt 103)", source: https://cdn.skypack.dev/-/@streamerbot/client@v1.12.2-9BnWw0CDQ2fH1klZ4JSh/dist=es2019,mode=imports/optimized/@streamerbot/client.js (83)
[0711/163938.999:INFO:CONSOLE(176)] "WebSocket connection to 'ws://127.0.0.1:8080/' failed: Error in connection establishment: net::ERR_CONNECTION_REFUSED", source: https://cdn.skypack.dev/-/@streamerbot/client@v1.12.2-9BnWw0CDQ2fH1klZ4JSh/dist=es2019,mode=imports/optimized/@streamerbot/client.js (176)
[0711/163938.999:INFO:CONSOLE(83)] "Failed to reconnect (attempt 103)", source: https://cdn.skypack.dev/-/@streamerbot/client@v1.12.2-9BnWw0CDQ2fH1klZ4JSh/dist=es2019,mode=imports/optimized/@streamerbot/client.js (83)
[0711/164007.573:INFO:CONSOLE(176)] "WebSocket connection to 'ws://127.0.0.1:8080/' failed: Error in connection establishment: net::ERR_CONNECTION_REFUSED", source: https://cdn.skypack.dev/-/@streamerbot/client@v1.12.2-9BnWw0CDQ2fH1klZ4JSh/dist=es2019,mode=imports/optimized/@streamerbot/client.js (176)
[0711/164007.573:INFO:CONSOLE(83)] "Failed to reconnect (attempt 104)", source: https://cdn.skypack.dev/-/@streamerbot/client@v1.12.2-9BnWw0CDQ2fH1klZ4JSh/dist=es2019,mode=imports/optimized/@streamerbot/client.js (83)
[0711/164011.027:INFO:CONSOLE(176)] "WebSocket connection to 'ws://127.0.0.1:8080/' failed: Error in connection establishment: net::ERR_CONNECTION_REFUSED", source: https://cdn.skypack.dev/-/@streamerbot/client@v1.12.2-9BnWw0CDQ2fH1klZ4JSh/dist=es2019,mode=imports/optimized/@streamerbot/client.js (176)
[0711/164011.028:INFO:CONSOLE(83)] "Failed to reconnect (attempt 104)", source: https://cdn.skypack.dev/-/@streamerbot/client@v1.12.2-9BnWw0CDQ2fH1klZ4JSh/dist=es2019,mode=imports/optimized/@streamerbot/client.js (83)
[0711/164039.612:INFO:CONSOLE(176)] "WebSocket connection to 'ws://127.0.0.1:8080/' failed: Error in connection establishment: net::ERR_CONNECTION_REFUSED", source: https://cdn.skypack.dev/-/@streamerbot/client@v1.12.2-9BnWw0CDQ2fH1klZ4JSh/dist=es2019,mode=imports/optimized/@streamerbot/client.js (176)
[0711/164039.612:INFO:CONSOLE(83)] "Failed to reconnect (attempt 105)", source: https://cdn.skypack.dev/-/@streamerbot/client@v1.12.2-9BnWw0CDQ2fH1klZ4JSh/dist=es2019,mode=imports/optimized/@streamerbot/client.js (83)
[0711/164043.065:INFO:CONSOLE(176)] "WebSocket connection to 'ws://127.0.0.1:8080/' failed: Error in connection establishment: net::ERR_CONNECTION_REFUSED", source: https://cdn.skypack.dev/-/@streamerbot/client@v1.12.2-9BnWw0CDQ2fH1klZ4JSh/dist=es2019,mode=imports/optimized/@streamerbot/client.js (176)
[0711/164043.065:INFO:CONSOLE(83)] "Failed to reconnect (attempt 105)", source: https://cdn.skypack.dev/-/@streamerbot/client@v1.12.2-9BnWw0CDQ2fH1klZ4JSh/dist=es2019,mode=imports/optimized/@streamerbot/client.js (83)
[0711/164111.649:INFO:CONSOLE(176)] "WebSocket connection to 'ws://127.0.0.1:8080/' failed: Error in connection establishment: net::ERR_CONNECTION_REFUSED", source: https://cdn.skypack.dev/-/@streamerbot/client@v1.12.2-9BnWw0CDQ2fH1klZ4JSh/dist=es2019,mode=imports/optimized/@streamerbot/client.js (176)
[0711/164111.649:INFO:CONSOLE(83)] "Failed to reconnect (attempt 106)", source: https://cdn.skypack.dev/-/@streamerbot/client@v1.12.2-9BnWw0CDQ2fH1klZ4JSh/dist=es2019,mode=imports/optimized/@streamerbot/client.js (83)
[0711/164115.111:INFO:CONSOLE(176)] "WebSocket connection to 'ws://127.0.0.1:8080/' failed: Error in connection establishment: net::ERR_CONNECTION_REFUSED", source: https://cdn.skypack.dev/-/@streamerbot/client@v1.12.2-9BnWw0CDQ2fH1klZ4JSh/dist=es2019,mode=imports/optimized/@streamerbot/client.js (176)
[0711/164115.111:INFO:CONSOLE(83)] "Failed to reconnect (attempt 106)", source: https://cdn.skypack.dev/-/@streamerbot/client@v1.12.2-9BnWw0CDQ2fH1klZ4JSh/dist=es2019,mode=imports/optimized/@streamerbot/client.js (83)
[0711/164143.691:INFO:CONSOLE(176)] "WebSocket connection to 'ws://127.0.0.1:8080/' failed: Error in connection establishment: net::ERR_CONNECTION_REFUSED", source: https://cdn.skypack.dev/-/@streamerbot/client@v1.12.2-9BnWw0CDQ2fH1klZ4JSh/dist=es2019,mode=imports/optimized/@streamerbot/client.js (176)
[0711/164143.691:INFO:CONSOLE(83)] "Failed to reconnect (attempt 107)", source: https://cdn.skypack.dev/-/@streamerbot/client@v1.12.2-9BnWw0CDQ2fH1klZ4JSh/dist=es2019,mode=imports/optimized/@streamerbot/client.js (83)
[0711/164147.147:INFO:CONSOLE(176)] "WebSocket connection to 'ws://127.0.0.1:8080/' failed: Error in connection establishment: net::ERR_CONNECTION_REFUSED", source: https://cdn.skypack.dev/-/@streamerbot/client@v1.12.2-9BnWw0CDQ2fH1klZ4JSh/dist=es2019,mode=imports/optimized/@streamerbot/client.js (176)
[0711/164147.147:INFO:CONSOLE(83)] "Failed to reconnect (attempt 107)", source: https://cdn.skypack.dev/-/@streamerbot/client@v1.12.2-9BnWw0CDQ2fH1klZ4JSh/dist=es2019,mode=imports/optimized/@streamerbot/client.js (83)
[0711/164215.727:INFO:CONSOLE(176)] "WebSocket connection to 'ws://127.0.0.1:8080/' failed: Error in connection establishment: net::ERR_CONNECTION_REFUSED", source: https://cdn.skypack.dev/-/@streamerbot/client@v1.12.2-9BnWw0CDQ2fH1klZ4JSh/dist=es2019,mode=imports/optimized/@streamerbot/client.js (176)
[0711/164215.727:INFO:CONSOLE(83)] "Failed to reconnect (attempt 108)", source: https://cdn.skypack.dev/-/@streamerbot/client@v1.12.2-9BnWw0CDQ2fH1klZ4JSh/dist=es2019,mode=imports/optimized/@streamerbot/client.js (83)
[0711/164219.200:INFO:CONSOLE(176)] "WebSocket connection to 'ws://127.0.0.1:8080/' failed: Error in connection establishment: net::ERR_CONNECTION_REFUSED", source: https://cdn.skypack.dev/-/@streamerbot/client@v1.12.2-9BnWw0CDQ2fH1klZ4JSh/dist=es2019,mode=imports/optimized/@streamerbot/client.js (176)
[0711/164219.200:INFO:CONSOLE(83)] "Failed to reconnect (attempt 108)", source: https://cdn.skypack.dev/-/@streamerbot/client@v1.12.2-9BnWw0CDQ2fH1klZ4JSh/dist=es2019,mode=imports/optimized/@streamerbot/client.js (83)
[0711/164247.772:INFO:CONSOLE(176)] "WebSocket connection to 'ws://127.0.0.1:8080/' failed: Error in connection establishment: net::ERR_CONNECTION_REFUSED", source: https://cdn.skypack.dev/-/@streamerbot/client@v1.12.2-9BnWw0CDQ2fH1klZ4JSh/dist=es2019,mode=imports/optimized/@streamerbot/client.js (176)
[0711/164247.772:INFO:CONSOLE(83)] "Failed to reconnect (attempt 109)", source: https://cdn.skypack.dev/-/@streamerbot/client@v1.12.2-9BnWw0CDQ2fH1klZ4JSh/dist=es2019,mode=imports/optimized/@streamerbot/client.js (83)
[0711/164251.238:INFO:CONSOLE(176)] "WebSocket connection to 'ws://127.0.0.1:8080/' failed: Error in connection establishment: net::ERR_CONNECTION_REFUSED", source: https://cdn.skypack.dev/-/@streamerbot/client@v1.12.2-9BnWw0CDQ2fH1klZ4JSh/dist=es2019,mode=imports/optimized/@streamerbot/client.js (176)
[0711/164251.238:INFO:CONSOLE(83)] "Failed to reconnect (attempt 109)", source: https://cdn.skypack.dev/-/@streamerbot/client@v1.12.2-9BnWw0CDQ2fH1klZ4JSh/dist=es2019,mode=imports/optimized/@streamerbot/client.js (83)
[0711/164319.823:INFO:CONSOLE(176)] "WebSocket connection to 'ws://127.0.0.1:8080/' failed: Error in connection establishment: net::ERR_CONNECTION_REFUSED", source: https://cdn.skypack.dev/-/@streamerbot/client@v1.12.2-9BnWw0CDQ2fH1klZ4JSh/dist=es2019,mode=imports/optimized/@streamerbot/client.js (176)
[0711/164319.823:INFO:CONSOLE(83)] "Failed to reconnect (attempt 110)", source: https://cdn.skypack.dev/-/@streamerbot/client@v1.12.2-9BnWw0CDQ2fH1klZ4JSh/dist=es2019,mode=imports/optimized/@streamerbot/client.js (83)
[0711/164323.276:INFO:CONSOLE(176)] "WebSocket connection to 'ws://127.0.0.1:8080/' failed: Error in connection establishment: net::ERR_CONNECTION_REFUSED", source: https://cdn.skypack.dev/-/@streamerbot/client@v1.12.2-9BnWw0CDQ2fH1klZ4JSh/dist=es2019,mode=imports/optimized/@streamerbot/client.js (176)
[0711/164323.276:INFO:CONSOLE(83)] "Failed to reconnect (attempt 110)", source: https://cdn.skypack.dev/-/@streamerbot/client@v1.12.2-9BnWw0CDQ2fH1klZ4JSh/dist=es2019,mode=imports/optimized/@streamerbot/client.js (83)
[0711/164351.853:INFO:CONSOLE(176)] "WebSocket connection to 'ws://127.0.0.1:8080/' failed: Error in connection establishment: net::ERR_CONNECTION_REFUSED", source: https://cdn.skypack.dev/-/@streamerbot/client@v1.12.2-9BnWw0CDQ2fH1klZ4JSh/dist=es2019,mode=imports/optimized/@streamerbot/client.js (176)
[0711/164351.853:INFO:CONSOLE(83)] "Failed to reconnect (attempt 111)", source: https://cdn.skypack.dev/-/@streamerbot/client@v1.12.2-9BnWw0CDQ2fH1klZ4JSh/dist=es2019,mode=imports/optimized/@streamerbot/client.js (83)
[0711/164355.308:INFO:CONSOLE(176)] "WebSocket connection to 'ws://127.0.0.1:8080/' failed: Error in connection establishment: net::ERR_CONNECTION_REFUSED", source: https://cdn.skypack.dev/-/@streamerbot/client@v1.12.2-9BnWw0CDQ2fH1klZ4JSh/dist=es2019,mode=imports/optimized/@streamerbot/client.js (176)
[0711/164355.308:INFO:CONSOLE(83)] "Failed to reconnect (attempt 111)", source: https://cdn.skypack.dev/-/@streamerbot/client@v1.12.2-9BnWw0CDQ2fH1klZ4JSh/dist=es2019,mode=imports/optimized/@streamerbot/client.js (83)
[0711/164423.898:INFO:CONSOLE(176)] "WebSocket connection to 'ws://127.0.0.1:8080/' failed: Error in connection establishment: net::ERR_CONNECTION_REFUSED", source: https://cdn.skypack.dev/-/@streamerbot/client@v1.12.2-9BnWw0CDQ2fH1klZ4JSh/dist=es2019,mode=imports/optimized/@streamerbot/client.js (176)
[0711/164423.898:INFO:CONSOLE(83)] "Failed to reconnect (attempt 112)", source: https://cdn.skypack.dev/-/@streamerbot/client@v1.12.2-9BnWw0CDQ2fH1klZ4JSh/dist=es2019,mode=imports/optimized/@streamerbot/client.js (83)
[0711/164427.346:INFO:CONSOLE(176)] "WebSocket connection to 'ws://127.0.0.1:8080/' failed: Error in connection establishment: net::ERR_CONNECTION_REFUSED", source: https://cdn.skypack.dev/-/@streamerbot/client@v1.12.2-9BnWw0CDQ2fH1klZ4JSh/dist=es2019,mode=imports/optimized/@streamerbot/client.js (176)
[0711/164427.346:INFO:CONSOLE(83)] "Failed to reconnect (attempt 112)", source: https://cdn.skypack.dev/-/@streamerbot/client@v1.12.2-9BnWw0CDQ2fH1klZ4JSh/dist=es2019,mode=imports/optimized/@streamerbot/client.js (83)
[0711/164455.942:INFO:CONSOLE(176)] "WebSocket connection to 'ws://127.0.0.1:8080/' failed: Error in connection establishment: net::ERR_CONNECTION_REFUSED", source: https://cdn.skypack.dev/-/@streamerbot/client@v1.12.2-9BnWw0CDQ2fH1klZ4JSh/dist=es2019,mode=imports/optimized/@streamerbot/client.js (176)
[0711/164455.942:INFO:CONSOLE(83)] "Failed to reconnect (attempt 113)", source: https://cdn.skypack.dev/-/@streamerbot/client@v1.12.2-9BnWw0CDQ2fH1klZ4JSh/dist=es2019,mode=imports/optimized/@streamerbot/client.js (83)
[0711/164459.385:INFO:CONSOLE(176)] "WebSocket connection to 'ws://127.0.0.1:8080/' failed: Error in connection establishment: net::ERR_CONNECTION_REFUSED", source: https://cdn.skypack.dev/-/@streamerbot/client@v1.12.2-9BnWw0CDQ2fH1klZ4JSh/dist=es2019,mode=imports/optimized/@streamerbot/client.js (176)
[0711/164459.385:INFO:CONSOLE(83)] "Failed to reconnect (attempt 113)", source: https://cdn.skypack.dev/-/@streamerbot/client@v1.12.2-9BnWw0CDQ2fH1klZ4JSh/dist=es2019,mode=imports/optimized/@streamerbot/client.js (83)
[0711/164527.982:INFO:CONSOLE(176)] "WebSocket connection to 'ws://127.0.0.1:8080/' failed: Error in connection establishment: net::ERR_CONNECTION_REFUSED", source: https://cdn.skypack.dev/-/@streamerbot/client@v1.12.2-9BnWw0CDQ2fH1klZ4JSh/dist=es2019,mode=imports/optimized/@streamerbot/client.js (176)
[0711/164527.982:INFO:CONSOLE(83)] "Failed to reconnect (attempt 114)", source: https://cdn.skypack.dev/-/@streamerbot/client@v1.12.2-9BnWw0CDQ2fH1klZ4JSh/dist=es2019,mode=imports/optimized/@streamerbot/client.js (83)
[0711/164531.425:INFO:CONSOLE(176)] "WebSocket connection to 'ws://127.0.0.1:8080/' failed: Error in connection establishment: net::ERR_CONNECTION_REFUSED", source: https://cdn.skypack.dev/-/@streamerbot/client@v1.12.2-9BnWw0CDQ2fH1klZ4JSh/dist=es2019,mode=imports/optimized/@streamerbot/client.js (176)
[0711/164531.425:INFO:CONSOLE(83)] "Failed to reconnect (attempt 114)", source: https://cdn.skypack.dev/-/@streamerbot/client@v1.12.2-9BnWw0CDQ2fH1klZ4JSh/dist=es2019,mode=imports/optimized/@streamerbot/client.js (83)
[0711/164600.019:INFO:CONSOLE(176)] "WebSocket connection to 'ws://127.0.0.1:8080/' failed: Error in connection establishment: net::ERR_CONNECTION_REFUSED", source: https://cdn.skypack.dev/-/@streamerbot/client@v1.12.2-9BnWw0CDQ2fH1klZ4JSh/dist=es2019,mode=imports/optimized/@streamerbot/client.js (176)
[0711/164600.019:INFO:CONSOLE(83)] "Failed to reconnect (attempt 115)", source: https://cdn.skypack.dev/-/@streamerbot/client@v1.12.2-9BnWw0CDQ2fH1klZ4JSh/dist=es2019,mode=imports/optimized/@streamerbot/client.js (83)
[0711/164603.456:INFO:CONSOLE(176)] "WebSocket connection to 'ws://127.0.0.1:8080/' failed: Error in connection establishment: net::ERR_CONNECTION_REFUSED", source: https://cdn.skypack.dev/-/@streamerbot/client@v1.12.2-9BnWw0CDQ2fH1klZ4JSh/dist=es2019,mode=imports/optimized/@streamerbot/client.js (176)
[0711/164603.456:INFO:CONSOLE(83)] "Failed to reconnect (attempt 115)", source: https://cdn.skypack.dev/-/@streamerbot/client@v1.12.2-9BnWw0CDQ2fH1klZ4JSh/dist=es2019,mode=imports/optimized/@streamerbot/client.js (83)
[0711/164632.068:INFO:CONSOLE(176)] "WebSocket connection to 'ws://127.0.0.1:8080/' failed: Error in connection establishment: net::ERR_CONNECTION_REFUSED", source: https://cdn.skypack.dev/-/@streamerbot/client@v1.12.2-9BnWw0CDQ2fH1klZ4JSh/dist=es2019,mode=imports/optimized/@streamerbot/client.js (176)
[0711/164632.068:INFO:CONSOLE(83)] "Failed to reconnect (attempt 116)", source: https://cdn.skypack.dev/-/@streamerbot/client@v1.12.2-9BnWw0CDQ2fH1klZ4JSh/dist=es2019,mode=imports/optimized/@streamerbot/client.js (83)
[0711/164635.482:INFO:CONSOLE(176)] "WebSocket connection to 'ws://127.0.0.1:8080/' failed: Error in connection establishment: net::ERR_CONNECTION_REFUSED", source: https://cdn.skypack.dev/-/@streamerbot/client@v1.12.2-9BnWw0CDQ2fH1klZ4JSh/dist=es2019,mode=imports/optimized/@streamerbot/client.js (176)
[0711/164635.482:INFO:CONSOLE(83)] "Failed to reconnect (attempt 116)", source: https://cdn.skypack.dev/-/@streamerbot/client@v1.12.2-9BnWw0CDQ2fH1klZ4JSh/dist=es2019,mode=imports/optimized/@streamerbot/client.js (83)
[0711/164704.115:INFO:CONSOLE(176)] "WebSocket connection to 'ws://127.0.0.1:8080/' failed: Error in connection establishment: net::ERR_CONNECTION_REFUSED", source: https://cdn.skypack.dev/-/@streamerbot/client@v1.12.2-9BnWw0CDQ2fH1klZ4JSh/dist=es2019,mode=imports/optimized/@streamerbot/client.js (176)
[0711/164704.115:INFO:CONSOLE(83)] "Failed to reconnect (attempt 117)", source: https://cdn.skypack.dev/-/@streamerbot/client@v1.12.2-9BnWw0CDQ2fH1klZ4JSh/dist=es2019,mode=imports/optimized/@streamerbot/client.js (83)
[0711/164707.521:INFO:CONSOLE(176)] "WebSocket connection to 'ws://127.0.0.1:8080/' failed: Error in connection establishment: net::ERR_CONNECTION_REFUSED", source: https://cdn.skypack.dev/-/@streamerbot/client@v1.12.2-9BnWw0CDQ2fH1klZ4JSh/dist=es2019,mode=imports/optimized/@streamerbot/client.js (176)
[0711/164707.521:INFO:CONSOLE(83)] "Failed to reconnect (attempt 117)", source: https://cdn.skypack.dev/-/@streamerbot/client@v1.12.2-9BnWw0CDQ2fH1klZ4JSh/dist=es2019,mode=imports/optimized/@streamerbot/client.js (83)
[0711/164736.155:INFO:CONSOLE(176)] "WebSocket connection to 'ws://127.0.0.1:8080/' failed: Error in connection establishment: net::ERR_CONNECTION_REFUSED", source: https://cdn.skypack.dev/-/@streamerbot/client@v1.12.2-9BnWw0CDQ2fH1klZ4JSh/dist=es2019,mode=imports/optimized/@streamerbot/client.js (176)
[0711/164736.155:INFO:CONSOLE(83)] "Failed to reconnect (attempt 118)", source: https://cdn.skypack.dev/-/@streamerbot/client@v1.12.2-9BnWw0CDQ2fH1klZ4JSh/dist=es2019,mode=imports/optimized/@streamerbot/client.js (83)
[0711/164739.565:INFO:CONSOLE(176)] "WebSocket connection to 'ws://127.0.0.1:8080/' failed: Error in connection establishment: net::ERR_CONNECTION_REFUSED", source: https://cdn.skypack.dev/-/@streamerbot/client@v1.12.2-9BnWw0CDQ2fH1klZ4JSh/dist=es2019,mode=imports/optimized/@streamerbot/client.js (176)
[0711/164739.565:INFO:CONSOLE(83)] "Failed to reconnect (attempt 118)", source: https://cdn.skypack.dev/-/@streamerbot/client@v1.12.2-9BnWw0CDQ2fH1klZ4JSh/dist=es2019,mode=imports/optimized/@streamerbot/client.js (83)
[0711/164808.188:INFO:CONSOLE(176)] "WebSocket connection to 'ws://127.0.0.1:8080/' failed: Error in connection establishment: net::ERR_CONNECTION_REFUSED", source: https://cdn.skypack.dev/-/@streamerbot/client@v1.12.2-9BnWw0CDQ2fH1klZ4JSh/dist=es2019,mode=imports/optimized/@streamerbot/client.js (176)
[0711/164808.188:INFO:CONSOLE(83)] "Failed to reconnect (attempt 119)", source: https://cdn.skypack.dev/-/@streamerbot/client@v1.12.2-9BnWw0CDQ2fH1klZ4JSh/dist=es2019,mode=imports/optimized/@streamerbot/client.js (83)
[0711/164811.610:INFO:CONSOLE(176)] "WebSocket connection to 'ws://127.0.0.1:8080/' failed: Error in connection establishment: net::ERR_CONNECTION_REFUSED", source: https://cdn.skypack.dev/-/@streamerbot/client@v1.12.2-9BnWw0CDQ2fH1klZ4JSh/dist=es2019,mode=imports/optimized/@streamerbot/client.js (176)
[0711/164811.610:INFO:CONSOLE(83)] "Failed to reconnect (attempt 119)", source: https://cdn.skypack.dev/-/@streamerbot/client@v1.12.2-9BnWw0CDQ2fH1klZ4JSh/dist=es2019,mode=imports/optimized/@streamerbot/client.js (83)
[0711/164840.213:INFO:CONSOLE(176)] "WebSocket connection to 'ws://127.0.0.1:8080/' failed: Error in connection establishment: net::ERR_CONNECTION_REFUSED", source: https://cdn.skypack.dev/-/@streamerbot/client@v1.12.2-9BnWw0CDQ2fH1klZ4JSh/dist=es2019,mode=imports/optimized/@streamerbot/client.js (176)
[0711/164840.213:INFO:CONSOLE(83)] "Failed to reconnect (attempt 120)", source: https://cdn.skypack.dev/-/@streamerbot/client@v1.12.2-9BnWw0CDQ2fH1klZ4JSh/dist=es2019,mode=imports/optimized/@streamerbot/client.js (83)
[0711/164843.646:INFO:CONSOLE(176)] "WebSocket connection to 'ws://127.0.0.1:8080/' failed: Error in connection establishment: net::ERR_CONNECTION_REFUSED", source: https://cdn.skypack.dev/-/@streamerbot/client@v1.12.2-9BnWw0CDQ2fH1klZ4JSh/dist=es2019,mode=imports/optimized/@streamerbot/client.js (176)
[0711/164843.646:INFO:CONSOLE(83)] "Failed to reconnect (attempt 120)", source: https://cdn.skypack.dev/-/@streamerbot/client@v1.12.2-9BnWw0CDQ2fH1klZ4JSh/dist=es2019,mode=imports/optimized/@streamerbot/client.js (83)
[0711/164912.258:INFO:CONSOLE(176)] "WebSocket connection to 'ws://127.0.0.1:8080/' failed: Error in connection establishment: net::ERR_CONNECTION_REFUSED", source: https://cdn.skypack.dev/-/@streamerbot/client@v1.12.2-9BnWw0CDQ2fH1klZ4JSh/dist=es2019,mode=imports/optimized/@streamerbot/client.js (176)
[0711/164912.258:INFO:CONSOLE(83)] "Failed to reconnect (attempt 121)", source: https://cdn.skypack.dev/-/@streamerbot/client@v1.12.2-9BnWw0CDQ2fH1klZ4JSh/dist=es2019,mode=imports/optimized/@streamerbot/client.js (83)
[0711/164915.664:INFO:CONSOLE(176)] "WebSocket connection to 'ws://127.0.0.1:8080/' failed: Error in connection establishment: net::ERR_CONNECTION_REFUSED", source: https://cdn.skypack.dev/-/@streamerbot/client@v1.12.2-9BnWw0CDQ2fH1klZ4JSh/dist=es2019,mode=imports/optimized/@streamerbot/client.js (176)
[0711/164915.664:INFO:CONSOLE(83)] "Failed to reconnect (attempt 121)", source: https://cdn.skypack.dev/-/@streamerbot/client@v1.12.2-9BnWw0CDQ2fH1klZ4JSh/dist=es2019,mode=imports/optimized/@streamerbot/client.js (83)
[0711/164944.296:INFO:CONSOLE(176)] "WebSocket connection to 'ws://127.0.0.1:8080/' failed: Error in connection establishment: net::ERR_CONNECTION_REFUSED", source: https://cdn.skypack.dev/-/@streamerbot/client@v1.12.2-9BnWw0CDQ2fH1klZ4JSh/dist=es2019,mode=imports/optimized/@streamerbot/client.js (176)
[0711/164944.296:INFO:CONSOLE(83)] "Failed to reconnect (attempt 122)", source: https://cdn.skypack.dev/-/@streamerbot/client@v1.12.2-9BnWw0CDQ2fH1klZ4JSh/dist=es2019,mode=imports/optimized/@streamerbot/client.js (83)
[0711/164947.706:INFO:CONSOLE(176)] "WebSocket connection to 'ws://127.0.0.1:8080/' failed: Error in connection establishment: net::ERR_CONNECTION_REFUSED", source: https://cdn.skypack.dev/-/@streamerbot/client@v1.12.2-9BnWw0CDQ2fH1klZ4JSh/dist=es2019,mode=imports/optimized/@streamerbot/client.js (176)
[0711/164947.706:INFO:CONSOLE(83)] "Failed to reconnect (attempt 122)", source: https://cdn.skypack.dev/-/@streamerbot/client@v1.12.2-9BnWw0CDQ2fH1klZ4JSh/dist=es2019,mode=imports/optimized/@streamerbot/client.js (83)
[0711/165016.343:INFO:CONSOLE(176)] "WebSocket connection to 'ws://127.0.0.1:8080/' failed: Error in connection establishment: net::ERR_CONNECTION_REFUSED", source: https://cdn.skypack.dev/-/@streamerbot/client@v1.12.2-9BnWw0CDQ2fH1klZ4JSh/dist=es2019,mode=imports/optimized/@streamerbot/client.js (176)
[0711/165016.343:INFO:CONSOLE(83)] "Failed to reconnect (attempt 123)", source: https://cdn.skypack.dev/-/@streamerbot/client@v1.12.2-9BnWw0CDQ2fH1klZ4JSh/dist=es2019,mode=imports/optimized/@streamerbot/client.js (83)
[0711/165019.755:INFO:CONSOLE(176)] "WebSocket connection to 'ws://127.0.0.1:8080/' failed: Error in connection establishment: net::ERR_CONNECTION_REFUSED", source: https://cdn.skypack.dev/-/@streamerbot/client@v1.12.2-9BnWw0CDQ2fH1klZ4JSh/dist=es2019,mode=imports/optimized/@streamerbot/client.js (176)
[0711/165019.755:INFO:CONSOLE(83)] "Failed to reconnect (attempt 123)", source: https://cdn.skypack.dev/-/@streamerbot/client@v1.12.2-9BnWw0CDQ2fH1klZ4JSh/dist=es2019,mode=imports/optimized/@streamerbot/client.js (83)
[0711/165048.403:INFO:CONSOLE(176)] "WebSocket connection to 'ws://127.0.0.1:8080/' failed: Error in connection establishment: net::ERR_CONNECTION_REFUSED", source: https://cdn.skypack.dev/-/@streamerbot/client@v1.12.2-9BnWw0CDQ2fH1klZ4JSh/dist=es2019,mode=imports/optimized/@streamerbot/client.js (176)
[0711/165048.403:INFO:CONSOLE(83)] "Failed to reconnect (attempt 124)", source: https://cdn.skypack.dev/-/@streamerbot/client@v1.12.2-9BnWw0CDQ2fH1klZ4JSh/dist=es2019,mode=imports/optimized/@streamerbot/client.js (83)
[0711/165051.787:INFO:CONSOLE(176)] "WebSocket connection to 'ws://127.0.0.1:8080/' failed: Error in connection establishment: net::ERR_CONNECTION_REFUSED", source: https://cdn.skypack.dev/-/@streamerbot/client@v1.12.2-9BnWw0CDQ2fH1klZ4JSh/dist=es2019,mode=imports/optimized/@streamerbot/client.js (176)
[0711/165051.787:INFO:CONSOLE(83)] "Failed to reconnect (attempt 124)", source: https://cdn.skypack.dev/-/@streamerbot/client@v1.12.2-9BnWw0CDQ2fH1klZ4JSh/dist=es2019,mode=imports/optimized/@streamerbot/client.js (83)
[0711/165120.428:INFO:CONSOLE(176)] "WebSocket connection to 'ws://127.0.0.1:8080/' failed: Error in connection establishment: net::ERR_CONNECTION_REFUSED", source: https://cdn.skypack.dev/-/@streamerbot/client@v1.12.2-9BnWw0CDQ2fH1klZ4JSh/dist=es2019,mode=imports/optimized/@streamerbot/client.js (176)
[0711/165120.428:INFO:CONSOLE(83)] "Failed to reconnect (attempt 125)", source: https://cdn.skypack.dev/-/@streamerbot/client@v1.12.2-9BnWw0CDQ2fH1klZ4JSh/dist=es2019,mode=imports/optimized/@streamerbot/client.js (83)
[0711/165123.827:INFO:CONSOLE(176)] "WebSocket connection to 'ws://127.0.0.1:8080/' failed: Error in connection establishment: net::ERR_CONNECTION_REFUSED", source: https://cdn.skypack.dev/-/@streamerbot/client@v1.12.2-9BnWw0CDQ2fH1klZ4JSh/dist=es2019,mode=imports/optimized/@streamerbot/client.js (176)
[0711/165123.827:INFO:CONSOLE(83)] "Failed to reconnect (attempt 125)", source: https://cdn.skypack.dev/-/@streamerbot/client@v1.12.2-9BnWw0CDQ2fH1klZ4JSh/dist=es2019,mode=imports/optimized/@streamerbot/client.js (83)
[0711/165152.462:INFO:CONSOLE(176)] "WebSocket connection to 'ws://127.0.0.1:8080/' failed: Error in connection establishment: net::ERR_CONNECTION_REFUSED", source: https://cdn.skypack.dev/-/@streamerbot/client@v1.12.2-9BnWw0CDQ2fH1klZ4JSh/dist=es2019,mode=imports/optimized/@streamerbot/client.js (176)
[0711/165152.462:INFO:CONSOLE(83)] "Failed to reconnect (attempt 126)", source: https://cdn.skypack.dev/-/@streamerbot/client@v1.12.2-9BnWw0CDQ2fH1klZ4JSh/dist=es2019,mode=imports/optimized/@streamerbot/client.js (83)
[0711/165155.852:INFO:CONSOLE(176)] "WebSocket connection to 'ws://127.0.0.1:8080/' failed: Error in connection establishment: net::ERR_CONNECTION_REFUSED", source: https://cdn.skypack.dev/-/@streamerbot/client@v1.12.2-9BnWw0CDQ2fH1klZ4JSh/dist=es2019,mode=imports/optimized/@streamerbot/client.js (176)
[0711/165155.852:INFO:CONSOLE(83)] "Failed to reconnect (attempt 126)", source: https://cdn.skypack.dev/-/@streamerbot/client@v1.12.2-9BnWw0CDQ2fH1klZ4JSh/dist=es2019,mode=imports/optimized/@streamerbot/client.js (83)
[0711/165224.496:INFO:CONSOLE(176)] "WebSocket connection to 'ws://127.0.0.1:8080/' failed: Error in connection establishment: net::ERR_CONNECTION_REFUSED", source: https://cdn.skypack.dev/-/@streamerbot/client@v1.12.2-9BnWw0CDQ2fH1klZ4JSh/dist=es2019,mode=imports/optimized/@streamerbot/client.js (176)
[0711/165224.496:INFO:CONSOLE(83)] "Failed to reconnect (attempt 127)", source: https://cdn.skypack.dev/-/@streamerbot/client@v1.12.2-9BnWw0CDQ2fH1klZ4JSh/dist=es2019,mode=imports/optimized/@streamerbot/client.js (83)
[0711/165227.884:INFO:CONSOLE(176)] "WebSocket connection to 'ws://127.0.0.1:8080/' failed: Error in connection establishment: net::ERR_CONNECTION_REFUSED", source: https://cdn.skypack.dev/-/@streamerbot/client@v1.12.2-9BnWw0CDQ2fH1klZ4JSh/dist=es2019,mode=imports/optimized/@streamerbot/client.js (176)
[0711/165227.884:INFO:CONSOLE(83)] "Failed to reconnect (attempt 127)", source: https://cdn.skypack.dev/-/@streamerbot/client@v1.12.2-9BnWw0CDQ2fH1klZ4JSh/dist=es2019,mode=imports/optimized/@streamerbot/client.js (83)
[0711/165256.543:INFO:CONSOLE(176)] "WebSocket connection to 'ws://127.0.0.1:8080/' failed: Error in connection establishment: net::ERR_CONNECTION_REFUSED", source: https://cdn.skypack.dev/-/@streamerbot/client@v1.12.2-9BnWw0CDQ2fH1klZ4JSh/dist=es2019,mode=imports/optimized/@streamerbot/client.js (176)
[0711/165256.543:INFO:CONSOLE(83)] "Failed to reconnect (attempt 128)", source: https://cdn.skypack.dev/-/@streamerbot/client@v1.12.2-9BnWw0CDQ2fH1klZ4JSh/dist=es2019,mode=imports/optimized/@streamerbot/client.js (83)
[0711/165259.915:INFO:CONSOLE(176)] "WebSocket connection to 'ws://127.0.0.1:8080/' failed: Error in connection establishment: net::ERR_CONNECTION_REFUSED", source: https://cdn.skypack.dev/-/@streamerbot/client@v1.12.2-9BnWw0CDQ2fH1klZ4JSh/dist=es2019,mode=imports/optimized/@streamerbot/client.js (176)
[0711/165259.915:INFO:CONSOLE(83)] "Failed to reconnect (attempt 128)", source: https://cdn.skypack.dev/-/@streamerbot/client@v1.12.2-9BnWw0CDQ2fH1klZ4JSh/dist=es2019,mode=imports/optimized/@streamerbot/client.js (83)
[0711/165328.579:INFO:CONSOLE(176)] "WebSocket connection to 'ws://127.0.0.1:8080/' failed: Error in connection establishment: net::ERR_CONNECTION_REFUSED", source: https://cdn.skypack.dev/-/@streamerbot/client@v1.12.2-9BnWw0CDQ2fH1klZ4JSh/dist=es2019,mode=imports/optimized/@streamerbot/client.js (176)
[0711/165328.579:INFO:CONSOLE(83)] "Failed to reconnect (attempt 129)", source: https://cdn.skypack.dev/-/@streamerbot/client@v1.12.2-9BnWw0CDQ2fH1klZ4JSh/dist=es2019,mode=imports/optimized/@streamerbot/client.js (83)
[0711/165331.944:INFO:CONSOLE(176)] "WebSocket connection to 'ws://127.0.0.1:8080/' failed: Error in connection establishment: net::ERR_CONNECTION_REFUSED", source: https://cdn.skypack.dev/-/@streamerbot/client@v1.12.2-9BnWw0CDQ2fH1klZ4JSh/dist=es2019,mode=imports/optimized/@streamerbot/client.js (176)
[0711/165331.944:INFO:CONSOLE(83)] "Failed to reconnect (attempt 129)", source: https://cdn.skypack.dev/-/@streamerbot/client@v1.12.2-9BnWw0CDQ2fH1klZ4JSh/dist=es2019,mode=imports/optimized/@streamerbot/client.js (83)
[0711/165400.629:INFO:CONSOLE(176)] "WebSocket connection to 'ws://127.0.0.1:8080/' failed: Error in connection establishment: net::ERR_CONNECTION_REFUSED", source: https://cdn.skypack.dev/-/@streamerbot/client@v1.12.2-9BnWw0CDQ2fH1klZ4JSh/dist=es2019,mode=imports/optimized/@streamerbot/client.js (176)
[0711/165400.629:INFO:CONSOLE(83)] "Failed to reconnect (attempt 130)", source: https://cdn.skypack.dev/-/@streamerbot/client@v1.12.2-9BnWw0CDQ2fH1klZ4JSh/dist=es2019,mode=imports/optimized/@streamerbot/client.js (83)
[0711/165403.619:WARNING:gpu_process_host.cc(1205)] The GPU process has crashed 1 time(s)
[0711/165403.629:WARNING:gpu_process_host.cc(1205)] The GPU process has crashed 1 time(s)
[0711/170133.667:INFO:CONSOLE(59)] "[reward-notifications] script loaded", source: http://localhost:55607/reward-notifications.js (59)
[0711/170133.667:INFO:CONSOLE(86)] "[reward-notifications] listener attached", source: http://localhost:55607/reward-notifications.js (86)
[0711/170135.688:INFO:CONSOLE(176)] "WebSocket connection to 'ws://127.0.0.1:8080/' failed: Error in connection establishment: net::ERR_CONNECTION_REFUSED", source: https://cdn.skypack.dev/-/@streamerbot/client@v1.12.2-9BnWw0CDQ2fH1klZ4JSh/dist=es2019,mode=imports/optimized/@streamerbot/client.js (176)
[0711/170135.690:INFO:CONSOLE(83)] "Failed to connect:", source: https://cdn.skypack.dev/-/@streamerbot/client@v1.12.2-9BnWw0CDQ2fH1klZ4JSh/dist=es2019,mode=imports/optimized/@streamerbot/client.js (83)
[0711/170138.710:INFO:CONSOLE(176)] "WebSocket connection to 'ws://127.0.0.1:8080/' failed: Error in connection establishment: net::ERR_CONNECTION_REFUSED", source: https://cdn.skypack.dev/-/@streamerbot/client@v1.12.2-9BnWw0CDQ2fH1klZ4JSh/dist=es2019,mode=imports/optimized/@streamerbot/client.js (176)
[0711/170138.710:INFO:CONSOLE(83)] "Failed to reconnect (attempt 1)", source: https://cdn.skypack.dev/-/@streamerbot/client@v1.12.2-9BnWw0CDQ2fH1klZ4JSh/dist=es2019,mode=imports/optimized/@streamerbot/client.js (83)
[0711/170142.757:INFO:CONSOLE(176)] "WebSocket connection to 'ws://127.0.0.1:8080/' failed: Error in connection establishment: net::ERR_CONNECTION_REFUSED", source: https://cdn.skypack.dev/-/@streamerbot/client@v1.12.2-9BnWw0CDQ2fH1klZ4JSh/dist=es2019,mode=imports/optimized/@streamerbot/client.js (176)
[0711/170142.757:INFO:CONSOLE(83)] "Failed to reconnect (attempt 2)", source: https://cdn.skypack.dev/-/@streamerbot/client@v1.12.2-9BnWw0CDQ2fH1klZ4JSh/dist=es2019,mode=imports/optimized/@streamerbot/client.js (83)
[0711/170147.780:INFO:CONSOLE(176)] "WebSocket connection to 'ws://127.0.0.1:8080/' failed: Error in connection establishment: net::ERR_CONNECTION_REFUSED", source: https://cdn.skypack.dev/-/@streamerbot/client@v1.12.2-9BnWw0CDQ2fH1klZ4JSh/dist=es2019,mode=imports/optimized/@streamerbot/client.js (176)
[0711/170147.780:INFO:CONSOLE(83)] "Failed to reconnect (attempt 3)", source: https://cdn.skypack.dev/-/@streamerbot/client@v1.12.2-9BnWw0CDQ2fH1klZ4JSh/dist=es2019,mode=imports/optimized/@streamerbot/client.js (83)
[0711/170153.812:INFO:CONSOLE(176)] "WebSocket connection to 'ws://127.0.0.1:8080/' failed: Error in connection establishment: net::ERR_CONNECTION_REFUSED", source: https://cdn.skypack.dev/-/@streamerbot/client@v1.12.2-9BnWw0CDQ2fH1klZ4JSh/dist=es2019,mode=imports/optimized/@streamerbot/client.js (176)
[0711/170153.812:INFO:CONSOLE(83)] "Failed to reconnect (attempt 4)", source: https://cdn.skypack.dev/-/@streamerbot/client@v1.12.2-9BnWw0CDQ2fH1klZ4JSh/dist=es2019,mode=imports/optimized/@streamerbot/client.js (83)
[0711/170200.837:INFO:CONSOLE(176)] "WebSocket connection to 'ws://127.0.0.1:8080/' failed: Error in connection establishment: net::ERR_CONNECTION_REFUSED", source: https://cdn.skypack.dev/-/@streamerbot/client@v1.12.2-9BnWw0CDQ2fH1klZ4JSh/dist=es2019,mode=imports/optimized/@streamerbot/client.js (176)
[0711/170200.837:INFO:CONSOLE(83)] "Failed to reconnect (attempt 5)", source: https://cdn.skypack.dev/-/@streamerbot/client@v1.12.2-9BnWw0CDQ2fH1klZ4JSh/dist=es2019,mode=imports/optimized/@streamerbot/client.js (83)
[0711/170209.999:INFO:CONSOLE(176)] "WebSocket connection to 'ws://127.0.0.1:8080/' failed: Error in connection establishment: net::ERR_CONNECTION_REFUSED", source: https://cdn.skypack.dev/-/@streamerbot/client@v1.12.2-9BnWw0CDQ2fH1klZ4JSh/dist=es2019,mode=imports/optimized/@streamerbot/client.js (176)
[0711/170209.999:INFO:CONSOLE(83)] "Failed to reconnect (attempt 6)", source: https://cdn.skypack.dev/-/@streamerbot/client@v1.12.2-9BnWw0CDQ2fH1klZ4JSh/dist=es2019,mode=imports/optimized/@streamerbot/client.js (83)
[0711/170222.905:INFO:CONSOLE(59)] "[reward-notifications] script loaded", source: http://localhost:63564/reward-notifications.js (59)
[0711/170222.905:INFO:CONSOLE(86)] "[reward-notifications] listener attached", source: http://localhost:63564/reward-notifications.js (86)
[0711/170443.954:ERROR:browser_process_sub_thread.cc(221)] Waited 10 ms for network service
[0711/170659.937:INFO:CONSOLE(176)] "WebSocket connection to 'ws://127.0.0.1:8080/' failed: Error in connection establishment: net::ERR_CONNECTION_REFUSED", source: https://cdn.skypack.dev/-/@streamerbot/client@v1.12.2-9BnWw0CDQ2fH1klZ4JSh/dist=es2019,mode=imports/optimized/@streamerbot/client.js (176)
[0711/170659.937:INFO:CONSOLE(83)] "Failed to reconnect (attempt 1)", source: https://cdn.skypack.dev/-/@streamerbot/client@v1.12.2-9BnWw0CDQ2fH1klZ4JSh/dist=es2019,mode=imports/optimized/@streamerbot/client.js (83)
[0711/170703.966:INFO:CONSOLE(176)] "WebSocket connection to 'ws://127.0.0.1:8080/' failed: Error in connection establishment: net::ERR_CONNECTION_REFUSED", source: https://cdn.skypack.dev/-/@streamerbot/client@v1.12.2-9BnWw0CDQ2fH1klZ4JSh/dist=es2019,mode=imports/optimized/@streamerbot/client.js (176)
[0711/170703.966:INFO:CONSOLE(83)] "Failed to reconnect (attempt 2)", source: https://cdn.skypack.dev/-/@streamerbot/client@v1.12.2-9BnWw0CDQ2fH1klZ4JSh/dist=es2019,mode=imports/optimized/@streamerbot/client.js (83)
[0711/170709.015:INFO:CONSOLE(176)] "WebSocket connection to 'ws://127.0.0.1:8080/' failed: Error in connection establishment: net::ERR_CONNECTION_REFUSED", source: https://cdn.skypack.dev/-/@streamerbot/client@v1.12.2-9BnWw0CDQ2fH1klZ4JSh/dist=es2019,mode=imports/optimized/@streamerbot/client.js (176)
[0711/170709.015:INFO:CONSOLE(83)] "Failed to reconnect (attempt 3)", source: https://cdn.skypack.dev/-/@streamerbot/client@v1.12.2-9BnWw0CDQ2fH1klZ4JSh/dist=es2019,mode=imports/optimized/@streamerbot/client.js (83)
[0711/170715.054:INFO:CONSOLE(176)] "WebSocket connection to 'ws://127.0.0.1:8080/' failed: Error in connection establishment: net::ERR_CONNECTION_REFUSED", source: https://cdn.skypack.dev/-/@streamerbot/client@v1.12.2-9BnWw0CDQ2fH1klZ4JSh/dist=es2019,mode=imports/optimized/@streamerbot/client.js (176)
[0711/170715.054:INFO:CONSOLE(83)] "Failed to reconnect (attempt 4)", source: https://cdn.skypack.dev/-/@streamerbot/client@v1.12.2-9BnWw0CDQ2fH1klZ4JSh/dist=es2019,mode=imports/optimized/@streamerbot/client.js (83)
[0711/170722.100:INFO:CONSOLE(176)] "WebSocket connection to 'ws://127.0.0.1:8080/' failed: Error in connection establishment: net::ERR_CONNECTION_REFUSED", source: https://cdn.skypack.dev/-/@streamerbot/client@v1.12.2-9BnWw0CDQ2fH1klZ4JSh/dist=es2019,mode=imports/optimized/@streamerbot/client.js (176)
[0711/170722.100:INFO:CONSOLE(83)] "Failed to reconnect (attempt 5)", source: https://cdn.skypack.dev/-/@streamerbot/client@v1.12.2-9BnWw0CDQ2fH1klZ4JSh/dist=es2019,mode=imports/optimized/@streamerbot/client.js (83)
[0711/170730.137:INFO:CONSOLE(176)] "WebSocket connection to 'ws://127.0.0.1:8080/' failed: Error in connection establishment: net::ERR_CONNECTION_REFUSED", source: https://cdn.skypack.dev/-/@streamerbot/client@v1.12.2-9BnWw0CDQ2fH1klZ4JSh/dist=es2019,mode=imports/optimized/@streamerbot/client.js (176)
[0711/170730.137:INFO:CONSOLE(83)] "Failed to reconnect (attempt 6)", source: https://cdn.skypack.dev/-/@streamerbot/client@v1.12.2-9BnWw0CDQ2fH1klZ4JSh/dist=es2019,mode=imports/optimized/@streamerbot/client.js (83)
[0711/170739.178:INFO:CONSOLE(176)] "WebSocket connection to 'ws://127.0.0.1:8080/' failed: Error in connection establishment: net::ERR_CONNECTION_REFUSED", source: https://cdn.skypack.dev/-/@streamerbot/client@v1.12.2-9BnWw0CDQ2fH1klZ4JSh/dist=es2019,mode=imports/optimized/@streamerbot/client.js (176)
[0711/170739.178:INFO:CONSOLE(83)] "Failed to reconnect (attempt 7)", source: https://cdn.skypack.dev/-/@streamerbot/client@v1.12.2-9BnWw0CDQ2fH1klZ4JSh/dist=es2019,mode=imports/optimized/@streamerbot/client.js (83)
[0711/170749.226:INFO:CONSOLE(176)] "WebSocket connection to 'ws://127.0.0.1:8080/' failed: Error in connection establishment: net::ERR_CONNECTION_REFUSED", source: https://cdn.skypack.dev/-/@streamerbot/client@v1.12.2-9BnWw0CDQ2fH1klZ4JSh/dist=es2019,mode=imports/optimized/@streamerbot/client.js (176)
[0711/170749.226:INFO:CONSOLE(83)] "Failed to reconnect (attempt 8)", source: https://cdn.skypack.dev/-/@streamerbot/client@v1.12.2-9BnWw0CDQ2fH1klZ4JSh/dist=es2019,mode=imports/optimized/@streamerbot/client.js (83)
[0711/170800.285:INFO:CONSOLE(176)] "WebSocket connection to 'ws://127.0.0.1:8080/' failed: Error in connection establishment: net::ERR_CONNECTION_REFUSED", source: https://cdn.skypack.dev/-/@streamerbot/client@v1.12.2-9BnWw0CDQ2fH1klZ4JSh/dist=es2019,mode=imports/optimized/@streamerbot/client.js (176)
[0711/170800.285:INFO:CONSOLE(83)] "Failed to reconnect (attempt 9)", source: https://cdn.skypack.dev/-/@streamerbot/client@v1.12.2-9BnWw0CDQ2fH1klZ4JSh/dist=es2019,mode=imports/optimized/@streamerbot/client.js (83)
[0711/170812.333:INFO:CONSOLE(176)] "WebSocket connection to 'ws://127.0.0.1:8080/' failed: Error in connection establishment: net::ERR_CONNECTION_REFUSED", source: https://cdn.skypack.dev/-/@streamerbot/client@v1.12.2-9BnWw0CDQ2fH1klZ4JSh/dist=es2019,mode=imports/optimized/@streamerbot/client.js (176)
[0711/170812.333:INFO:CONSOLE(83)] "Failed to reconnect (attempt 10)", source: https://cdn.skypack.dev/-/@streamerbot/client@v1.12.2-9BnWw0CDQ2fH1klZ4JSh/dist=es2019,mode=imports/optimized/@streamerbot/client.js (83)
[0711/170825.400:INFO:CONSOLE(176)] "WebSocket connection to 'ws://127.0.0.1:8080/' failed: Error in connection establishment: net::ERR_CONNECTION_REFUSED", source: https://cdn.skypack.dev/-/@streamerbot/client@v1.12.2-9BnWw0CDQ2fH1klZ4JSh/dist=es2019,mode=imports/optimized/@streamerbot/client.js (176)
[0711/170825.400:INFO:CONSOLE(83)] "Failed to reconnect (attempt 11)", source: https://cdn.skypack.dev/-/@streamerbot/client@v1.12.2-9BnWw0CDQ2fH1klZ4JSh/dist=es2019,mode=imports/optimized/@streamerbot/client.js (83)
[0711/170836.513:INFO:CONSOLE(59)] "[reward-notifications] script loaded", source: http://localhost:64457/reward-notifications.js (59)
[0711/170836.513:INFO:CONSOLE(86)] "[reward-notifications] listener attached", source: http://localhost:64457/reward-notifications.js (86)
[0711/170909.747:INFO:CONSOLE(176)] "WebSocket connection to 'ws://127.0.0.1:8080/' failed: Error in connection establishment: net::ERR_CONNECTION_REFUSED", source: https://cdn.skypack.dev/-/@streamerbot/client@v1.12.2-9BnWw0CDQ2fH1klZ4JSh/dist=es2019,mode=imports/optimized/@streamerbot/client.js (176)
[0711/170909.747:INFO:CONSOLE(176)] "WebSocket connection to 'ws://127.0.0.1:8080/' failed: Error in connection establishment: net::ERR_CONNECTION_REFUSED", source: https://cdn.skypack.dev/-/@streamerbot/client@v1.12.2-9BnWw0CDQ2fH1klZ4JSh/dist=es2019,mode=imports/optimized/@streamerbot/client.js (176)
[0711/170909.747:INFO:CONSOLE(83)] "Failed to reconnect (attempt 1)", source: https://cdn.skypack.dev/-/@streamerbot/client@v1.12.2-9BnWw0CDQ2fH1klZ4JSh/dist=es2019,mode=imports/optimized/@streamerbot/client.js (83)
[0711/170909.747:INFO:CONSOLE(83)] "Failed to reconnect (attempt 1)", source: https://cdn.skypack.dev/-/@streamerbot/client@v1.12.2-9BnWw0CDQ2fH1klZ4JSh/dist=es2019,mode=imports/optimized/@streamerbot/client.js (83)
[0711/170913.794:INFO:CONSOLE(176)] "WebSocket connection to 'ws://127.0.0.1:8080/' failed: Error in connection establishment: net::ERR_CONNECTION_REFUSED", source: https://cdn.skypack.dev/-/@streamerbot/client@v1.12.2-9BnWw0CDQ2fH1klZ4JSh/dist=es2019,mode=imports/optimized/@streamerbot/client.js (176)
[0711/170913.794:INFO:CONSOLE(176)] "WebSocket connection to 'ws://127.0.0.1:8080/' failed: Error in connection establishment: net::ERR_CONNECTION_REFUSED", source: https://cdn.skypack.dev/-/@streamerbot/client@v1.12.2-9BnWw0CDQ2fH1klZ4JSh/dist=es2019,mode=imports/optimized/@streamerbot/client.js (176)
[0711/170913.794:INFO:CONSOLE(83)] "Failed to reconnect (attempt 2)", source: https://cdn.skypack.dev/-/@streamerbot/client@v1.12.2-9BnWw0CDQ2fH1klZ4JSh/dist=es2019,mode=imports/optimized/@streamerbot/client.js (83)
[0711/170913.794:INFO:CONSOLE(83)] "Failed to reconnect (attempt 2)", source: https://cdn.skypack.dev/-/@streamerbot/client@v1.12.2-9BnWw0CDQ2fH1klZ4JSh/dist=es2019,mode=imports/optimized/@streamerbot/client.js (83)
[0711/170923.968:INFO:CONSOLE(59)] "[reward-notifications] script loaded", source: http://localhost:62330/reward-notifications.js (59)
[0711/170923.968:INFO:CONSOLE(86)] "[reward-notifications] listener attached", source: http://localhost:62330/reward-notifications.js (86)
[0711/170927.119:ERROR:browser_process_sub_thread.cc(221)] Waited 11 ms for network service
[0711/170927.833:ERROR:browser_process_sub_thread.cc(221)] Waited 10 ms for network service
[0711/192115.658:INFO:CONSOLE(14)] "emotes: 0", source: http://localhost:62330/emote-rain.js (14)
[0711/192127.135:INFO:CONSOLE(14)] "emotes: 0", source: http://localhost:62330/emote-rain.js (14)
[0711/192154.443:INFO:CONSOLE(14)] "emotes: 0", source: http://localhost:62330/emote-rain.js (14)
[0711/192204.091:INFO:CONSOLE(14)] "emotes: 0", source: http://localhost:62330/emote-rain.js (14)
[0711/192257.218:INFO:CONSOLE(14)] "emotes: 0", source: http://localhost:62330/emote-rain.js (14)
[0711/192728.832:INFO:CONSOLE(14)] "emotes: 0", source: http://localhost:62330/emote-rain.js (14)
[0711/192839.575:INFO:CONSOLE(14)] "emotes: 0", source: http://localhost:62330/emote-rain.js (14)
[0711/192854.063:INFO:CONSOLE(14)] "emotes: 0", source: http://localhost:62330/emote-rain.js (14)
[0711/192901.203:INFO:CONSOLE(14)] "emotes: 0", source: http://localhost:62330/emote-rain.js (14)
[0711/192932.858:INFO:CONSOLE(14)] "emotes: 0", source: http://localhost:62330/emote-rain.js (14)
[0711/192955.835:INFO:CONSOLE(14)] "emotes: 0", source: http://localhost:62330/emote-rain.js (14)
[0711/193023.199:INFO:CONSOLE(14)] "emotes: 0", source: http://localhost:62330/emote-rain.js (14)
[0711/193041.641:INFO:CONSOLE(14)] "emotes: 0", source: http://localhost:62330/emote-rain.js (14)
[0711/193103.139:INFO:CONSOLE(14)] "emotes: 0", source: http://localhost:62330/emote-rain.js (14)
[0711/193220.697:INFO:CONSOLE(14)] "emotes: 0", source: http://localhost:62330/emote-rain.js (14)
[0711/193919.252:INFO:CONSOLE(14)] "emotes: 0", source: http://localhost:62330/emote-rain.js (14)
[0711/193922.384:INFO:CONSOLE(14)] "emotes: 0", source: http://localhost:62330/emote-rain.js (14)
[0711/193940.439:INFO:CONSOLE(14)] "emotes: 0", source: http://localhost:62330/emote-rain.js (14)
[0711/193958.789:INFO:CONSOLE(14)] "emotes: 0", source: http://localhost:62330/emote-rain.js (14)
[0711/194003.011:INFO:CONSOLE(14)] "emotes: 0", source: http://localhost:62330/emote-rain.js (14)
[0711/202827.398:INFO:CONSOLE(14)] "emotes: 0", source: http://localhost:62330/emote-rain.js (14)
[0711/205224.843:INFO:CONSOLE(14)] "emotes: 0", source: http://localhost:62330/emote-rain.js (14)
[0711/205252.368:INFO:CONSOLE(14)] "emotes: 0", source: http://localhost:62330/emote-rain.js (14)
[0711/205320.704:INFO:CONSOLE(14)] "emotes: 0", source: http://localhost:62330/emote-rain.js (14)
[0711/205341.959:INFO:CONSOLE(14)] "emotes: 0", source: http://localhost:62330/emote-rain.js (14)
[0711/205347.147:INFO:CONSOLE(14)] "emotes: 0", source: http://localhost:62330/emote-rain.js (14)
[0711/205358.215:INFO:CONSOLE(14)] "emotes: 0", source: http://localhost:62330/emote-rain.js (14)
[0711/205534.422:INFO:CONSOLE(14)] "emotes: 0", source: http://localhost:62330/emote-rain.js (14)
[0711/205715.843:INFO:CONSOLE(14)] "emotes: 0", source: http://localhost:62330/emote-rain.js (14)
[0711/210126.671:INFO:CONSOLE(14)] "emotes: 0", source: http://localhost:62330/emote-rain.js (14)
[0711/210131.491:INFO:CONSOLE(14)] "emotes: 0", source: http://localhost:62330/emote-rain.js (14)
[0711/231302.019:INFO:CONSOLE(14)] "emotes: 0", source: http://localhost:62330/emote-rain.js (14)
[0711/231457.489:INFO:CONSOLE(14)] "emotes: 0", source: http://localhost:62330/emote-rain.js (14)
[0711/232148.376:ERROR:browser_process_sub_thread.cc(221)] Waited 18 ms for network service
[0712/102755.678:INFO:CONSOLE(59)] "[reward-notifications] script loaded", source: http://localhost:49440/reward-notifications.js (59)
[0712/102755.678:INFO:CONSOLE(86)] "[reward-notifications] listener attached", source: http://localhost:49440/reward-notifications.js (86)
[0712/103601.967:INFO:CONSOLE(176)] "WebSocket connection to 'ws://127.0.0.1:8080/' failed: Error in connection establishment: net::ERR_CONNECTION_REFUSED", source: https://cdn.skypack.dev/-/@streamerbot/client@v1.12.2-9BnWw0CDQ2fH1klZ4JSh/dist=es2019,mode=imports/optimized/@streamerbot/client.js (176)
[0712/103601.968:INFO:CONSOLE(83)] "Failed to reconnect (attempt 1)", source: https://cdn.skypack.dev/-/@streamerbot/client@v1.12.2-9BnWw0CDQ2fH1klZ4JSh/dist=es2019,mode=imports/optimized/@streamerbot/client.js (83)
[0712/103606.009:INFO:CONSOLE(176)] "WebSocket connection to 'ws://127.0.0.1:8080/' failed: Error in connection establishment: net::ERR_CONNECTION_REFUSED", source: https://cdn.skypack.dev/-/@streamerbot/client@v1.12.2-9BnWw0CDQ2fH1klZ4JSh/dist=es2019,mode=imports/optimized/@streamerbot/client.js (176)
[0712/103606.009:INFO:CONSOLE(83)] "Failed to reconnect (attempt 2)", source: https://cdn.skypack.dev/-/@streamerbot/client@v1.12.2-9BnWw0CDQ2fH1klZ4JSh/dist=es2019,mode=imports/optimized/@streamerbot/client.js (83)
[0712/103611.054:INFO:CONSOLE(176)] "WebSocket connection to 'ws://127.0.0.1:8080/' failed: Error in connection establishment: net::ERR_CONNECTION_REFUSED", source: https://cdn.skypack.dev/-/@streamerbot/client@v1.12.2-9BnWw0CDQ2fH1klZ4JSh/dist=es2019,mode=imports/optimized/@streamerbot/client.js (176)
[0712/103611.054:INFO:CONSOLE(83)] "Failed to reconnect (attempt 3)", source: https://cdn.skypack.dev/-/@streamerbot/client@v1.12.2-9BnWw0CDQ2fH1klZ4JSh/dist=es2019,mode=imports/optimized/@streamerbot/client.js (83)
[0712/103618.056:INFO:CONSOLE(59)] "[reward-notifications] script loaded", source: http://localhost:61936/reward-notifications.js (59)
[0712/103618.056:INFO:CONSOLE(86)] "[reward-notifications] listener attached", source: http://localhost:61936/reward-notifications.js (86)
[0712/113627.490:ERROR:browser_process_sub_thread.cc(221)] Waited 13 ms for network service
[0712/113639.730:INFO:CONSOLE(176)] "WebSocket connection to 'ws://127.0.0.1:8080/' failed: Error in connection establishment: net::ERR_CONNECTION_REFUSED", source: https://cdn.skypack.dev/-/@streamerbot/client@v1.12.2-9BnWw0CDQ2fH1klZ4JSh/dist=es2019,mode=imports/optimized/@streamerbot/client.js (176)
[0712/113639.730:INFO:CONSOLE(83)] "Failed to reconnect (attempt 1)", source: https://cdn.skypack.dev/-/@streamerbot/client@v1.12.2-9BnWw0CDQ2fH1klZ4JSh/dist=es2019,mode=imports/optimized/@streamerbot/client.js (83)
[0712/113643.779:INFO:CONSOLE(176)] "WebSocket connection to 'ws://127.0.0.1:8080/' failed: Error in connection establishment: net::ERR_CONNECTION_REFUSED", source: https://cdn.skypack.dev/-/@streamerbot/client@v1.12.2-9BnWw0CDQ2fH1klZ4JSh/dist=es2019,mode=imports/optimized/@streamerbot/client.js (176)
[0712/113643.779:INFO:CONSOLE(83)] "Failed to reconnect (attempt 2)", source: https://cdn.skypack.dev/-/@streamerbot/client@v1.12.2-9BnWw0CDQ2fH1klZ4JSh/dist=es2019,mode=imports/optimized/@streamerbot/client.js (83)
[0712/113648.818:INFO:CONSOLE(176)] "WebSocket connection to 'ws://127.0.0.1:8080/' failed: Error in connection establishment: net::ERR_CONNECTION_REFUSED", source: https://cdn.skypack.dev/-/@streamerbot/client@v1.12.2-9BnWw0CDQ2fH1klZ4JSh/dist=es2019,mode=imports/optimized/@streamerbot/client.js (176)
[0712/113648.818:INFO:CONSOLE(83)] "Failed to reconnect (attempt 3)", source: https://cdn.skypack.dev/-/@streamerbot/client@v1.12.2-9BnWw0CDQ2fH1klZ4JSh/dist=es2019,mode=imports/optimized/@streamerbot/client.js (83)
[0712/113654.852:INFO:CONSOLE(176)] "WebSocket connection to 'ws://127.0.0.1:8080/' failed: Error in connection establishment: net::ERR_CONNECTION_REFUSED", source: https://cdn.skypack.dev/-/@streamerbot/client@v1.12.2-9BnWw0CDQ2fH1klZ4JSh/dist=es2019,mode=imports/optimized/@streamerbot/client.js (176)
[0712/113654.852:INFO:CONSOLE(83)] "Failed to reconnect (attempt 4)", source: https://cdn.skypack.dev/-/@streamerbot/client@v1.12.2-9BnWw0CDQ2fH1klZ4JSh/dist=es2019,mode=imports/optimized/@streamerbot/client.js (83)
[0712/113701.904:INFO:CONSOLE(176)] "WebSocket connection to 'ws://127.0.0.1:8080/' failed: Error in connection establishment: net::ERR_CONNECTION_REFUSED", source: https://cdn.skypack.dev/-/@streamerbot/client@v1.12.2-9BnWw0CDQ2fH1klZ4JSh/dist=es2019,mode=imports/optimized/@streamerbot/client.js (176)
[0712/113701.904:INFO:CONSOLE(83)] "Failed to reconnect (attempt 5)", source: https://cdn.skypack.dev/-/@streamerbot/client@v1.12.2-9BnWw0CDQ2fH1klZ4JSh/dist=es2019,mode=imports/optimized/@streamerbot/client.js (83)
[0712/113709.944:INFO:CONSOLE(176)] "WebSocket connection to 'ws://127.0.0.1:8080/' failed: Error in connection establishment: net::ERR_CONNECTION_REFUSED", source: https://cdn.skypack.dev/-/@streamerbot/client@v1.12.2-9BnWw0CDQ2fH1klZ4JSh/dist=es2019,mode=imports/optimized/@streamerbot/client.js (176)
[0712/113709.944:INFO:CONSOLE(83)] "Failed to reconnect (attempt 6)", source: https://cdn.skypack.dev/-/@streamerbot/client@v1.12.2-9BnWw0CDQ2fH1klZ4JSh/dist=es2019,mode=imports/optimized/@streamerbot/client.js (83)
[0712/113718.995:INFO:CONSOLE(176)] "WebSocket connection to 'ws://127.0.0.1:8080/' failed: Error in connection establishment: net::ERR_CONNECTION_REFUSED", source: https://cdn.skypack.dev/-/@streamerbot/client@v1.12.2-9BnWw0CDQ2fH1klZ4JSh/dist=es2019,mode=imports/optimized/@streamerbot/client.js (176)
[0712/113718.995:INFO:CONSOLE(83)] "Failed to reconnect (attempt 7)", source: https://cdn.skypack.dev/-/@streamerbot/client@v1.12.2-9BnWw0CDQ2fH1klZ4JSh/dist=es2019,mode=imports/optimized/@streamerbot/client.js (83)
[0712/113729.048:INFO:CONSOLE(176)] "WebSocket connection to 'ws://127.0.0.1:8080/' failed: Error in connection establishment: net::ERR_CONNECTION_REFUSED", source: https://cdn.skypack.dev/-/@streamerbot/client@v1.12.2-9BnWw0CDQ2fH1klZ4JSh/dist=es2019,mode=imports/optimized/@streamerbot/client.js (176)
[0712/113729.048:INFO:CONSOLE(83)] "Failed to reconnect (attempt 8)", source: https://cdn.skypack.dev/-/@streamerbot/client@v1.12.2-9BnWw0CDQ2fH1klZ4JSh/dist=es2019,mode=imports/optimized/@streamerbot/client.js (83)
[0712/113740.097:INFO:CONSOLE(176)] "WebSocket connection to 'ws://127.0.0.1:8080/' failed: Error in connection establishment: net::ERR_CONNECTION_REFUSED", source: https://cdn.skypack.dev/-/@streamerbot/client@v1.12.2-9BnWw0CDQ2fH1klZ4JSh/dist=es2019,mode=imports/optimized/@streamerbot/client.js (176)
[0712/113740.097:INFO:CONSOLE(83)] "Failed to reconnect (attempt 9)", source: https://cdn.skypack.dev/-/@streamerbot/client@v1.12.2-9BnWw0CDQ2fH1klZ4JSh/dist=es2019,mode=imports/optimized/@streamerbot/client.js (83)
[0712/113752.163:INFO:CONSOLE(176)] "WebSocket connection to 'ws://127.0.0.1:8080/' failed: Error in connection establishment: net::ERR_CONNECTION_REFUSED", source: https://cdn.skypack.dev/-/@streamerbot/client@v1.12.2-9BnWw0CDQ2fH1klZ4JSh/dist=es2019,mode=imports/optimized/@streamerbot/client.js (176)
[0712/113752.163:INFO:CONSOLE(83)] "Failed to reconnect (attempt 10)", source: https://cdn.skypack.dev/-/@streamerbot/client@v1.12.2-9BnWw0CDQ2fH1klZ4JSh/dist=es2019,mode=imports/optimized/@streamerbot/client.js (83)
[0712/113805.251:INFO:CONSOLE(176)] "WebSocket connection to 'ws://127.0.0.1:8080/' failed: Error in connection establishment: net::ERR_CONNECTION_REFUSED", source: https://cdn.skypack.dev/-/@streamerbot/client@v1.12.2-9BnWw0CDQ2fH1klZ4JSh/dist=es2019,mode=imports/optimized/@streamerbot/client.js (176)
[0712/113805.251:INFO:CONSOLE(83)] "Failed to reconnect (attempt 11)", source: https://cdn.skypack.dev/-/@streamerbot/client@v1.12.2-9BnWw0CDQ2fH1klZ4JSh/dist=es2019,mode=imports/optimized/@streamerbot/client.js (83)
[0712/113819.382:INFO:CONSOLE(176)] "WebSocket connection to 'ws://127.0.0.1:8080/' failed: Error in connection establishment: net::ERR_CONNECTION_REFUSED", source: https://cdn.skypack.dev/-/@streamerbot/client@v1.12.2-9BnWw0CDQ2fH1klZ4JSh/dist=es2019,mode=imports/optimized/@streamerbot/client.js (176)
[0712/113819.382:INFO:CONSOLE(83)] "Failed to reconnect (attempt 12)", source: https://cdn.skypack.dev/-/@streamerbot/client@v1.12.2-9BnWw0CDQ2fH1klZ4JSh/dist=es2019,mode=imports/optimized/@streamerbot/client.js (83)
[0712/113834.648:INFO:CONSOLE(176)] "WebSocket connection to 'ws://127.0.0.1:8080/' failed: Error in connection establishment: net::ERR_CONNECTION_REFUSED", source: https://cdn.skypack.dev/-/@streamerbot/client@v1.12.2-9BnWw0CDQ2fH1klZ4JSh/dist=es2019,mode=imports/optimized/@streamerbot/client.js (176)
[0712/113834.648:INFO:CONSOLE(83)] "Failed to reconnect (attempt 13)", source: https://cdn.skypack.dev/-/@streamerbot/client@v1.12.2-9BnWw0CDQ2fH1klZ4JSh/dist=es2019,mode=imports/optimized/@streamerbot/client.js (83)
[0712/113850.682:INFO:CONSOLE(176)] "WebSocket connection to 'ws://127.0.0.1:8080/' failed: Error in connection establishment: net::ERR_CONNECTION_REFUSED", source: https://cdn.skypack.dev/-/@streamerbot/client@v1.12.2-9BnWw0CDQ2fH1klZ4JSh/dist=es2019,mode=imports/optimized/@streamerbot/client.js (176)
[0712/113850.682:INFO:CONSOLE(83)] "Failed to reconnect (attempt 14)", source: https://cdn.skypack.dev/-/@streamerbot/client@v1.12.2-9BnWw0CDQ2fH1klZ4JSh/dist=es2019,mode=imports/optimized/@streamerbot/client.js (83)
[0712/113907.728:INFO:CONSOLE(176)] "WebSocket connection to 'ws://127.0.0.1:8080/' failed: Error in connection establishment: net::ERR_CONNECTION_REFUSED", source: https://cdn.skypack.dev/-/@streamerbot/client@v1.12.2-9BnWw0CDQ2fH1klZ4JSh/dist=es2019,mode=imports/optimized/@streamerbot/client.js (176)
[0712/113907.728:INFO:CONSOLE(83)] "Failed to reconnect (attempt 15)", source: https://cdn.skypack.dev/-/@streamerbot/client@v1.12.2-9BnWw0CDQ2fH1klZ4JSh/dist=es2019,mode=imports/optimized/@streamerbot/client.js (83)
[0712/113925.784:INFO:CONSOLE(176)] "WebSocket connection to 'ws://127.0.0.1:8080/' failed: Error in connection establishment: net::ERR_CONNECTION_REFUSED", source: https://cdn.skypack.dev/-/@streamerbot/client@v1.12.2-9BnWw0CDQ2fH1klZ4JSh/dist=es2019,mode=imports/optimized/@streamerbot/client.js (176)
[0712/113925.784:INFO:CONSOLE(83)] "Failed to reconnect (attempt 16)", source: https://cdn.skypack.dev/-/@streamerbot/client@v1.12.2-9BnWw0CDQ2fH1klZ4JSh/dist=es2019,mode=imports/optimized/@streamerbot/client.js (83)
[0712/113944.822:INFO:CONSOLE(176)] "WebSocket connection to 'ws://127.0.0.1:8080/' failed: Error in connection establishment: net::ERR_CONNECTION_REFUSED", source: https://cdn.skypack.dev/-/@streamerbot/client@v1.12.2-9BnWw0CDQ2fH1klZ4JSh/dist=es2019,mode=imports/optimized/@streamerbot/client.js (176)
[0712/113944.822:INFO:CONSOLE(83)] "Failed to reconnect (attempt 17)", source: https://cdn.skypack.dev/-/@streamerbot/client@v1.12.2-9BnWw0CDQ2fH1klZ4JSh/dist=es2019,mode=imports/optimized/@streamerbot/client.js (83)
[0712/114004.862:INFO:CONSOLE(176)] "WebSocket connection to 'ws://127.0.0.1:8080/' failed: Error in connection establishment: net::ERR_CONNECTION_REFUSED", source: https://cdn.skypack.dev/-/@streamerbot/client@v1.12.2-9BnWw0CDQ2fH1klZ4JSh/dist=es2019,mode=imports/optimized/@streamerbot/client.js (176)
[0712/114004.862:INFO:CONSOLE(83)] "Failed to reconnect (attempt 18)", source: https://cdn.skypack.dev/-/@streamerbot/client@v1.12.2-9BnWw0CDQ2fH1klZ4JSh/dist=es2019,mode=imports/optimized/@streamerbot/client.js (83)
[0712/114025.896:INFO:CONSOLE(176)] "WebSocket connection to 'ws://127.0.0.1:8080/' failed: Error in connection establishment: net::ERR_CONNECTION_REFUSED", source: https://cdn.skypack.dev/-/@streamerbot/client@v1.12.2-9BnWw0CDQ2fH1klZ4JSh/dist=es2019,mode=imports/optimized/@streamerbot/client.js (176)
[0712/114025.896:INFO:CONSOLE(83)] "Failed to reconnect (attempt 19)", source: https://cdn.skypack.dev/-/@streamerbot/client@v1.12.2-9BnWw0CDQ2fH1klZ4JSh/dist=es2019,mode=imports/optimized/@streamerbot/client.js (83)
[0712/114047.937:INFO:CONSOLE(176)] "WebSocket connection to 'ws://127.0.0.1:8080/' failed: Error in connection establishment: net::ERR_CONNECTION_REFUSED", source: https://cdn.skypack.dev/-/@streamerbot/client@v1.12.2-9BnWw0CDQ2fH1klZ4JSh/dist=es2019,mode=imports/optimized/@streamerbot/client.js (176)
[0712/114047.937:INFO:CONSOLE(83)] "Failed to reconnect (attempt 20)", source: https://cdn.skypack.dev/-/@streamerbot/client@v1.12.2-9BnWw0CDQ2fH1klZ4JSh/dist=es2019,mode=imports/optimized/@streamerbot/client.js (83)
[0712/114110.967:INFO:CONSOLE(176)] "WebSocket connection to 'ws://127.0.0.1:8080/' failed: Error in connection establishment: net::ERR_CONNECTION_REFUSED", source: https://cdn.skypack.dev/-/@streamerbot/client@v1.12.2-9BnWw0CDQ2fH1klZ4JSh/dist=es2019,mode=imports/optimized/@streamerbot/client.js (176)
[0712/114110.967:INFO:CONSOLE(83)] "Failed to reconnect (attempt 21)", source: https://cdn.skypack.dev/-/@streamerbot/client@v1.12.2-9BnWw0CDQ2fH1klZ4JSh/dist=es2019,mode=imports/optimized/@streamerbot/client.js (83)
[0712/114134.996:INFO:CONSOLE(176)] "WebSocket connection to 'ws://127.0.0.1:8080/' failed: Error in connection establishment: net::ERR_CONNECTION_REFUSED", source: https://cdn.skypack.dev/-/@streamerbot/client@v1.12.2-9BnWw0CDQ2fH1klZ4JSh/dist=es2019,mode=imports/optimized/@streamerbot/client.js (176)
[0712/114134.996:INFO:CONSOLE(83)] "Failed to reconnect (attempt 22)", source: https://cdn.skypack.dev/-/@streamerbot/client@v1.12.2-9BnWw0CDQ2fH1klZ4JSh/dist=es2019,mode=imports/optimized/@streamerbot/client.js (83)
[0712/114200.034:INFO:CONSOLE(176)] "WebSocket connection to 'ws://127.0.0.1:8080/' failed: Error in connection establishment: net::ERR_CONNECTION_REFUSED", source: https://cdn.skypack.dev/-/@streamerbot/client@v1.12.2-9BnWw0CDQ2fH1klZ4JSh/dist=es2019,mode=imports/optimized/@streamerbot/client.js (176)
[0712/114200.034:INFO:CONSOLE(83)] "Failed to reconnect (attempt 23)", source: https://cdn.skypack.dev/-/@streamerbot/client@v1.12.2-9BnWw0CDQ2fH1klZ4JSh/dist=es2019,mode=imports/optimized/@streamerbot/client.js (83)
[0712/114226.073:INFO:CONSOLE(176)] "WebSocket connection to 'ws://127.0.0.1:8080/' failed: Error in connection establishment: net::ERR_CONNECTION_REFUSED", source: https://cdn.skypack.dev/-/@streamerbot/client@v1.12.2-9BnWw0CDQ2fH1klZ4JSh/dist=es2019,mode=imports/optimized/@streamerbot/client.js (176)
[0712/114226.073:INFO:CONSOLE(83)] "Failed to reconnect (attempt 24)", source: https://cdn.skypack.dev/-/@streamerbot/client@v1.12.2-9BnWw0CDQ2fH1klZ4JSh/dist=es2019,mode=imports/optimized/@streamerbot/client.js (83)
[0712/114253.114:INFO:CONSOLE(176)] "WebSocket connection to 'ws://127.0.0.1:8080/' failed: Error in connection establishment: net::ERR_CONNECTION_REFUSED", source: https://cdn.skypack.dev/-/@streamerbot/client@v1.12.2-9BnWw0CDQ2fH1klZ4JSh/dist=es2019,mode=imports/optimized/@streamerbot/client.js (176)
[0712/114253.114:INFO:CONSOLE(83)] "Failed to reconnect (attempt 25)", source: https://cdn.skypack.dev/-/@streamerbot/client@v1.12.2-9BnWw0CDQ2fH1klZ4JSh/dist=es2019,mode=imports/optimized/@streamerbot/client.js (83)
[0712/114318.202:ERROR:browser_process_sub_thread.cc(221)] Waited 15 ms for network service
[0712/143110.732:INFO:CONSOLE(59)] "[reward-notifications] script loaded", source: http://localhost:54012/reward-notifications.js (59)
[0712/143110.733:INFO:CONSOLE(86)] "[reward-notifications] listener attached", source: http://localhost:54012/reward-notifications.js (86)
[0712/143604.030:INFO:CONSOLE(176)] "WebSocket connection to 'ws://127.0.0.1:8080/' failed: Error in connection establishment: net::ERR_CONNECTION_REFUSED", source: https://cdn.skypack.dev/-/@streamerbot/client@v1.12.2-9BnWw0CDQ2fH1klZ4JSh/dist=es2019,mode=imports/optimized/@streamerbot/client.js (176)
[0712/143604.031:INFO:CONSOLE(83)] "Failed to reconnect (attempt 1)", source: https://cdn.skypack.dev/-/@streamerbot/client@v1.12.2-9BnWw0CDQ2fH1klZ4JSh/dist=es2019,mode=imports/optimized/@streamerbot/client.js (83)
[0712/143608.079:INFO:CONSOLE(176)] "WebSocket connection to 'ws://127.0.0.1:8080/' failed: Error in connection establishment: net::ERR_CONNECTION_REFUSED", source: https://cdn.skypack.dev/-/@streamerbot/client@v1.12.2-9BnWw0CDQ2fH1klZ4JSh/dist=es2019,mode=imports/optimized/@streamerbot/client.js (176)
[0712/143608.079:INFO:CONSOLE(83)] "Failed to reconnect (attempt 2)", source: https://cdn.skypack.dev/-/@streamerbot/client@v1.12.2-9BnWw0CDQ2fH1klZ4JSh/dist=es2019,mode=imports/optimized/@streamerbot/client.js (83)
[0712/143614.134:INFO:CONSOLE(59)] "[reward-notifications] script loaded", source: http://localhost:52777/reward-notifications.js (59)
[0712/143614.134:INFO:CONSOLE(86)] "[reward-notifications] listener attached", source: http://localhost:52777/reward-notifications.js (86)
[0712/143753.494:INFO:CONSOLE(176)] "WebSocket connection to 'ws://127.0.0.1:8080/' failed: Error in connection establishment: net::ERR_CONNECTION_REFUSED", source: https://cdn.skypack.dev/-/@streamerbot/client@v1.12.2-9BnWw0CDQ2fH1klZ4JSh/dist=es2019,mode=imports/optimized/@streamerbot/client.js (176)
[0712/143753.494:INFO:CONSOLE(83)] "Failed to reconnect (attempt 1)", source: https://cdn.skypack.dev/-/@streamerbot/client@v1.12.2-9BnWw0CDQ2fH1klZ4JSh/dist=es2019,mode=imports/optimized/@streamerbot/client.js (83)
[0712/143753.509:INFO:CONSOLE(176)] "WebSocket connection to 'ws://127.0.0.1:8080/' failed: Error in connection establishment: net::ERR_CONNECTION_REFUSED", source: https://cdn.skypack.dev/-/@streamerbot/client@v1.12.2-9BnWw0CDQ2fH1klZ4JSh/dist=es2019,mode=imports/optimized/@streamerbot/client.js (176)
[0712/143753.509:INFO:CONSOLE(83)] "Failed to reconnect (attempt 1)", source: https://cdn.skypack.dev/-/@streamerbot/client@v1.12.2-9BnWw0CDQ2fH1klZ4JSh/dist=es2019,mode=imports/optimized/@streamerbot/client.js (83)
[0712/143757.511:INFO:CONSOLE(176)] "WebSocket connection to 'ws://127.0.0.1:8080/' failed: Error in connection establishment: net::ERR_CONNECTION_REFUSED", source: https://cdn.skypack.dev/-/@streamerbot/client@v1.12.2-9BnWw0CDQ2fH1klZ4JSh/dist=es2019,mode=imports/optimized/@streamerbot/client.js (176)
[0712/143757.511:INFO:CONSOLE(83)] "Failed to reconnect (attempt 2)", source: https://cdn.skypack.dev/-/@streamerbot/client@v1.12.2-9BnWw0CDQ2fH1klZ4JSh/dist=es2019,mode=imports/optimized/@streamerbot/client.js (83)
[0712/143757.526:INFO:CONSOLE(176)] "WebSocket connection to 'ws://127.0.0.1:8080/' failed: Error in connection establishment: net::ERR_CONNECTION_REFUSED", source: https://cdn.skypack.dev/-/@streamerbot/client@v1.12.2-9BnWw0CDQ2fH1klZ4JSh/dist=es2019,mode=imports/optimized/@streamerbot/client.js (176)
[0712/143757.526:INFO:CONSOLE(83)] "Failed to reconnect (attempt 2)", source: https://cdn.skypack.dev/-/@streamerbot/client@v1.12.2-9BnWw0CDQ2fH1klZ4JSh/dist=es2019,mode=imports/optimized/@streamerbot/client.js (83)
[0712/143802.532:INFO:CONSOLE(176)] "WebSocket connection to 'ws://127.0.0.1:8080/' failed: Error in connection establishment: net::ERR_CONNECTION_REFUSED", source: https://cdn.skypack.dev/-/@streamerbot/client@v1.12.2-9BnWw0CDQ2fH1klZ4JSh/dist=es2019,mode=imports/optimized/@streamerbot/client.js (176)
[0712/143802.532:INFO:CONSOLE(83)] "Failed to reconnect (attempt 3)", source: https://cdn.skypack.dev/-/@streamerbot/client@v1.12.2-9BnWw0CDQ2fH1klZ4JSh/dist=es2019,mode=imports/optimized/@streamerbot/client.js (83)
[0712/143802.548:INFO:CONSOLE(176)] "WebSocket connection to 'ws://127.0.0.1:8080/' failed: Error in connection establishment: net::ERR_CONNECTION_REFUSED", source: https://cdn.skypack.dev/-/@streamerbot/client@v1.12.2-9BnWw0CDQ2fH1klZ4JSh/dist=es2019,mode=imports/optimized/@streamerbot/client.js (176)
[0712/143802.548:INFO:CONSOLE(83)] "Failed to reconnect (attempt 3)", source: https://cdn.skypack.dev/-/@streamerbot/client@v1.12.2-9BnWw0CDQ2fH1klZ4JSh/dist=es2019,mode=imports/optimized/@streamerbot/client.js (83)
[0712/143808.564:INFO:CONSOLE(176)] "WebSocket connection to 'ws://127.0.0.1:8080/' failed: Error in connection establishment: net::ERR_CONNECTION_REFUSED", source: https://cdn.skypack.dev/-/@streamerbot/client@v1.12.2-9BnWw0CDQ2fH1klZ4JSh/dist=es2019,mode=imports/optimized/@streamerbot/client.js (176)
[0712/143808.564:INFO:CONSOLE(83)] "Failed to reconnect (attempt 4)", source: https://cdn.skypack.dev/-/@streamerbot/client@v1.12.2-9BnWw0CDQ2fH1klZ4JSh/dist=es2019,mode=imports/optimized/@streamerbot/client.js (83)
[0712/143808.579:INFO:CONSOLE(176)] "WebSocket connection to 'ws://127.0.0.1:8080/' failed: Error in connection establishment: net::ERR_CONNECTION_REFUSED", source: https://cdn.skypack.dev/-/@streamerbot/client@v1.12.2-9BnWw0CDQ2fH1klZ4JSh/dist=es2019,mode=imports/optimized/@streamerbot/client.js (176)
[0712/143808.579:INFO:CONSOLE(83)] "Failed to reconnect (attempt 4)", source: https://cdn.skypack.dev/-/@streamerbot/client@v1.12.2-9BnWw0CDQ2fH1klZ4JSh/dist=es2019,mode=imports/optimized/@streamerbot/client.js (83)
[0712/143815.594:INFO:CONSOLE(176)] "WebSocket connection to 'ws://127.0.0.1:8080/' failed: Error in connection establishment: net::ERR_CONNECTION_REFUSED", source: https://cdn.skypack.dev/-/@streamerbot/client@v1.12.2-9BnWw0CDQ2fH1klZ4JSh/dist=es2019,mode=imports/optimized/@streamerbot/client.js (176)
[0712/143815.594:INFO:CONSOLE(83)] "Failed to reconnect (attempt 5)", source: https://cdn.skypack.dev/-/@streamerbot/client@v1.12.2-9BnWw0CDQ2fH1klZ4JSh/dist=es2019,mode=imports/optimized/@streamerbot/client.js (83)
[0712/143815.609:INFO:CONSOLE(176)] "WebSocket connection to 'ws://127.0.0.1:8080/' failed: Error in connection establishment: net::ERR_CONNECTION_REFUSED", source: https://cdn.skypack.dev/-/@streamerbot/client@v1.12.2-9BnWw0CDQ2fH1klZ4JSh/dist=es2019,mode=imports/optimized/@streamerbot/client.js (176)
[0712/143815.609:INFO:CONSOLE(83)] "Failed to reconnect (attempt 5)", source: https://cdn.skypack.dev/-/@streamerbot/client@v1.12.2-9BnWw0CDQ2fH1klZ4JSh/dist=es2019,mode=imports/optimized/@streamerbot/client.js (83)
[0712/143823.636:INFO:CONSOLE(176)] "WebSocket connection to 'ws://127.0.0.1:8080/' failed: Error in connection establishment: net::ERR_CONNECTION_REFUSED", source: https://cdn.skypack.dev/-/@streamerbot/client@v1.12.2-9BnWw0CDQ2fH1klZ4JSh/dist=es2019,mode=imports/optimized/@streamerbot/client.js (176)
[0712/143823.636:INFO:CONSOLE(83)] "Failed to reconnect (attempt 6)", source: https://cdn.skypack.dev/-/@streamerbot/client@v1.12.2-9BnWw0CDQ2fH1klZ4JSh/dist=es2019,mode=imports/optimized/@streamerbot/client.js (83)
[0712/143823.652:INFO:CONSOLE(176)] "WebSocket connection to 'ws://127.0.0.1:8080/' failed: Error in connection establishment: net::ERR_CONNECTION_REFUSED", source: https://cdn.skypack.dev/-/@streamerbot/client@v1.12.2-9BnWw0CDQ2fH1klZ4JSh/dist=es2019,mode=imports/optimized/@streamerbot/client.js (176)
[0712/143823.652:INFO:CONSOLE(83)] "Failed to reconnect (attempt 6)", source: https://cdn.skypack.dev/-/@streamerbot/client@v1.12.2-9BnWw0CDQ2fH1klZ4JSh/dist=es2019,mode=imports/optimized/@streamerbot/client.js (83)
[0712/143832.667:INFO:CONSOLE(176)] "WebSocket connection to 'ws://127.0.0.1:8080/' failed: Error in connection establishment: net::ERR_CONNECTION_REFUSED", source: https://cdn.skypack.dev/-/@streamerbot/client@v1.12.2-9BnWw0CDQ2fH1klZ4JSh/dist=es2019,mode=imports/optimized/@streamerbot/client.js (176)
[0712/143832.667:INFO:CONSOLE(83)] "Failed to reconnect (attempt 7)", source: https://cdn.skypack.dev/-/@streamerbot/client@v1.12.2-9BnWw0CDQ2fH1klZ4JSh/dist=es2019,mode=imports/optimized/@streamerbot/client.js (83)
[0712/143832.682:INFO:CONSOLE(176)] "WebSocket connection to 'ws://127.0.0.1:8080/' failed: Error in connection establishment: net::ERR_CONNECTION_REFUSED", source: https://cdn.skypack.dev/-/@streamerbot/client@v1.12.2-9BnWw0CDQ2fH1klZ4JSh/dist=es2019,mode=imports/optimized/@streamerbot/client.js (176)
[0712/143832.682:INFO:CONSOLE(83)] "Failed to reconnect (attempt 7)", source: https://cdn.skypack.dev/-/@streamerbot/client@v1.12.2-9BnWw0CDQ2fH1klZ4JSh/dist=es2019,mode=imports/optimized/@streamerbot/client.js (83)
[0712/143842.715:INFO:CONSOLE(176)] "WebSocket connection to 'ws://127.0.0.1:8080/' failed: Error in connection establishment: net::ERR_CONNECTION_REFUSED", source: https://cdn.skypack.dev/-/@streamerbot/client@v1.12.2-9BnWw0CDQ2fH1klZ4JSh/dist=es2019,mode=imports/optimized/@streamerbot/client.js (176)
[0712/143842.715:INFO:CONSOLE(83)] "Failed to reconnect (attempt 8)", source: https://cdn.skypack.dev/-/@streamerbot/client@v1.12.2-9BnWw0CDQ2fH1klZ4JSh/dist=es2019,mode=imports/optimized/@streamerbot/client.js (83)
[0712/143842.731:INFO:CONSOLE(176)] "WebSocket connection to 'ws://127.0.0.1:8080/' failed: Error in connection establishment: net::ERR_CONNECTION_REFUSED", source: https://cdn.skypack.dev/-/@streamerbot/client@v1.12.2-9BnWw0CDQ2fH1klZ4JSh/dist=es2019,mode=imports/optimized/@streamerbot/client.js (176)
[0712/143842.731:INFO:CONSOLE(83)] "Failed to reconnect (attempt 8)", source: https://cdn.skypack.dev/-/@streamerbot/client@v1.12.2-9BnWw0CDQ2fH1klZ4JSh/dist=es2019,mode=imports/optimized/@streamerbot/client.js (83)
[0712/143853.751:INFO:CONSOLE(176)] "WebSocket connection to 'ws://127.0.0.1:8080/' failed: Error in connection establishment: net::ERR_CONNECTION_REFUSED", source: https://cdn.skypack.dev/-/@streamerbot/client@v1.12.2-9BnWw0CDQ2fH1klZ4JSh/dist=es2019,mode=imports/optimized/@streamerbot/client.js (176)
[0712/143853.751:INFO:CONSOLE(83)] "Failed to reconnect (attempt 9)", source: https://cdn.skypack.dev/-/@streamerbot/client@v1.12.2-9BnWw0CDQ2fH1klZ4JSh/dist=es2019,mode=imports/optimized/@streamerbot/client.js (83)
[0712/143853.766:INFO:CONSOLE(176)] "WebSocket connection to 'ws://127.0.0.1:8080/' failed: Error in connection establishment: net::ERR_CONNECTION_REFUSED", source: https://cdn.skypack.dev/-/@streamerbot/client@v1.12.2-9BnWw0CDQ2fH1klZ4JSh/dist=es2019,mode=imports/optimized/@streamerbot/client.js (176)
[0712/143853.766:INFO:CONSOLE(83)] "Failed to reconnect (attempt 9)", source: https://cdn.skypack.dev/-/@streamerbot/client@v1.12.2-9BnWw0CDQ2fH1klZ4JSh/dist=es2019,mode=imports/optimized/@streamerbot/client.js (83)
[0712/143905.779:INFO:CONSOLE(176)] "WebSocket connection to 'ws://127.0.0.1:8080/' failed: Error in connection establishment: net::ERR_CONNECTION_REFUSED", source: https://cdn.skypack.dev/-/@streamerbot/client@v1.12.2-9BnWw0CDQ2fH1klZ4JSh/dist=es2019,mode=imports/optimized/@streamerbot/client.js (176)
[0712/143905.779:INFO:CONSOLE(83)] "Failed to reconnect (attempt 10)", source: https://cdn.skypack.dev/-/@streamerbot/client@v1.12.2-9BnWw0CDQ2fH1klZ4JSh/dist=es2019,mode=imports/optimized/@streamerbot/client.js (83)
[0712/143905.794:INFO:CONSOLE(176)] "WebSocket connection to 'ws://127.0.0.1:8080/' failed: Error in connection establishment: net::ERR_CONNECTION_REFUSED", source: https://cdn.skypack.dev/-/@streamerbot/client@v1.12.2-9BnWw0CDQ2fH1klZ4JSh/dist=es2019,mode=imports/optimized/@streamerbot/client.js (176)
[0712/143905.795:INFO:CONSOLE(83)] "Failed to reconnect (attempt 10)", source: https://cdn.skypack.dev/-/@streamerbot/client@v1.12.2-9BnWw0CDQ2fH1klZ4JSh/dist=es2019,mode=imports/optimized/@streamerbot/client.js (83)
[0712/143912.743:INFO:CONSOLE(59)] "[reward-notifications] script loaded", source: http://localhost:52358/reward-notifications.js (59)
[0712/143912.743:INFO:CONSOLE(86)] "[reward-notifications] listener attached", source: http://localhost:52358/reward-notifications.js (86)
[0712/144435.200:INFO:CONSOLE(14)] "emotes: 0", source: http://localhost:52358/emote-rain.js (14)
[0712/144435.200:INFO:CONSOLE(14)] "emotes: 0", source: http://localhost:52777/emote-rain.js (14)
[0712/144435.200:INFO:CONSOLE(14)] "emotes: 0", source: http://localhost:54012/emote-rain.js (14)
[0712/144512.705:INFO:CONSOLE(14)] "emotes: 0", source: http://localhost:52358/emote-rain.js (14)
[0712/144512.706:INFO:CONSOLE(14)] "emotes: 0", source: http://localhost:52777/emote-rain.js (14)
[0712/144512.706:INFO:CONSOLE(14)] "emotes: 0", source: http://localhost:54012/emote-rain.js (14)
[0712/144525.683:INFO:CONSOLE(14)] "emotes: 0", source: http://localhost:52358/emote-rain.js (14)
[0712/144525.683:INFO:CONSOLE(14)] "emotes: 0", source: http://localhost:52777/emote-rain.js (14)
[0712/144525.685:INFO:CONSOLE(14)] "emotes: 0", source: http://localhost:54012/emote-rain.js (14)
[0712/144542.578:INFO:CONSOLE(14)] "emotes: 0", source: http://localhost:52358/emote-rain.js (14)
[0712/144542.579:INFO:CONSOLE(14)] "emotes: 0", source: http://localhost:52777/emote-rain.js (14)
[0712/144542.580:INFO:CONSOLE(14)] "emotes: 0", source: http://localhost:54012/emote-rain.js (14)
[0712/145531.637:INFO:CONSOLE(176)] "WebSocket connection to 'ws://127.0.0.1:8080/' failed: Error in connection establishment: net::ERR_CONNECTION_REFUSED", source: https://cdn.skypack.dev/-/@streamerbot/client@v1.12.2-9BnWw0CDQ2fH1klZ4JSh/dist=es2019,mode=imports/optimized/@streamerbot/client.js (176)
[0712/145531.637:INFO:CONSOLE(176)] "WebSocket connection to 'ws://127.0.0.1:8080/' failed: Error in connection establishment: net::ERR_CONNECTION_REFUSED", source: https://cdn.skypack.dev/-/@streamerbot/client@v1.12.2-9BnWw0CDQ2fH1klZ4JSh/dist=es2019,mode=imports/optimized/@streamerbot/client.js (176)
[0712/145531.637:INFO:CONSOLE(83)] "Failed to reconnect (attempt 1)", source: https://cdn.skypack.dev/-/@streamerbot/client@v1.12.2-9BnWw0CDQ2fH1klZ4JSh/dist=es2019,mode=imports/optimized/@streamerbot/client.js (83)
[0712/145531.637:INFO:CONSOLE(83)] "Failed to reconnect (attempt 1)", source: https://cdn.skypack.dev/-/@streamerbot/client@v1.12.2-9BnWw0CDQ2fH1klZ4JSh/dist=es2019,mode=imports/optimized/@streamerbot/client.js (83)
[0712/145531.653:INFO:CONSOLE(176)] "WebSocket connection to 'ws://127.0.0.1:8080/' failed: Error in connection establishment: net::ERR_CONNECTION_REFUSED", source: https://cdn.skypack.dev/-/@streamerbot/client@v1.12.2-9BnWw0CDQ2fH1klZ4JSh/dist=es2019,mode=imports/optimized/@streamerbot/client.js (176)
[0712/145531.653:INFO:CONSOLE(83)] "Failed to reconnect (attempt 1)", source: https://cdn.skypack.dev/-/@streamerbot/client@v1.12.2-9BnWw0CDQ2fH1klZ4JSh/dist=es2019,mode=imports/optimized/@streamerbot/client.js (83)
[0712/145535.661:INFO:CONSOLE(176)] "WebSocket connection to 'ws://127.0.0.1:8080/' failed: Error in connection establishment: net::ERR_CONNECTION_REFUSED", source: https://cdn.skypack.dev/-/@streamerbot/client@v1.12.2-9BnWw0CDQ2fH1klZ4JSh/dist=es2019,mode=imports/optimized/@streamerbot/client.js (176)
[0712/145535.661:INFO:CONSOLE(83)] "Failed to reconnect (attempt 2)", source: https://cdn.skypack.dev/-/@streamerbot/client@v1.12.2-9BnWw0CDQ2fH1klZ4JSh/dist=es2019,mode=imports/optimized/@streamerbot/client.js (83)
[0712/145535.675:INFO:CONSOLE(176)] "WebSocket connection to 'ws://127.0.0.1:8080/' failed: Error in connection establishment: net::ERR_CONNECTION_REFUSED", source: https://cdn.skypack.dev/-/@streamerbot/client@v1.12.2-9BnWw0CDQ2fH1klZ4JSh/dist=es2019,mode=imports/optimized/@streamerbot/client.js (176)
[0712/145535.675:INFO:CONSOLE(83)] "Failed to reconnect (attempt 2)", source: https://cdn.skypack.dev/-/@streamerbot/client@v1.12.2-9BnWw0CDQ2fH1klZ4JSh/dist=es2019,mode=imports/optimized/@streamerbot/client.js (83)
[0712/145535.691:INFO:CONSOLE(176)] "WebSocket connection to 'ws://127.0.0.1:8080/' failed: Error in connection establishment: net::ERR_CONNECTION_REFUSED", source: https://cdn.skypack.dev/-/@streamerbot/client@v1.12.2-9BnWw0CDQ2fH1klZ4JSh/dist=es2019,mode=imports/optimized/@streamerbot/client.js (176)
[0712/145535.691:INFO:CONSOLE(83)] "Failed to reconnect (attempt 2)", source: https://cdn.skypack.dev/-/@streamerbot/client@v1.12.2-9BnWw0CDQ2fH1klZ4JSh/dist=es2019,mode=imports/optimized/@streamerbot/client.js (83)
[0712/145542.649:INFO:CONSOLE(59)] "[reward-notifications] script loaded", source: http://localhost:54068/reward-notifications.js (59)
[0712/145542.649:INFO:CONSOLE(86)] "[reward-notifications] listener attached", source: http://localhost:54068/reward-notifications.js (86)
[0712/172503.141:ERROR:browser_process_sub_thread.cc(221)] Waited 11 ms for network service
[0712/172503.857:ERROR:browser_process_sub_thread.cc(221)] Waited 11 ms for network service
[0712/172504.679:ERROR:browser_process_sub_thread.cc(221)] Waited 14 ms for network service
[0712/172505.428:ERROR:browser_process_sub_thread.cc(221)] Waited 11 ms for network service
[0713/092009.850:INFO:CONSOLE(59)] "[reward-notifications] script loaded", source: http://localhost:50104/reward-notifications.js (59)
[0713/092009.850:INFO:CONSOLE(86)] "[reward-notifications] listener attached", source: http://localhost:50104/reward-notifications.js (86)
[0713/092009.896:INFO:CONSOLE(83)] "Supported event types not yet initialized, fetching from Streamer.bot instance...", source: https://cdn.skypack.dev/-/@streamerbot/client@v1.12.2-9BnWw0CDQ2fH1klZ4JSh/dist=es2019,mode=imports/optimized/@streamerbot/client.js (83)
[0713/092009.911:INFO:CONSOLE(83)] "Supported event types not yet initialized, fetching from Streamer.bot instance...", source: https://cdn.skypack.dev/-/@streamerbot/client@v1.12.2-9BnWw0CDQ2fH1klZ4JSh/dist=es2019,mode=imports/optimized/@streamerbot/client.js (83)
[0713/094907.478:INFO:CONSOLE(14)] "emotes: 3", source: http://localhost:50104/emote-rain.js (14)
[0713/094907.478:INFO:CONSOLE(19)] "https://static-cdn.jtvnw.net/emoticons/v2/160402/default/dark/2.0", source: http://localhost:50104/emote-rain.js (19)
[0713/094907.478:INFO:CONSOLE(19)] "https://static-cdn.jtvnw.net/emoticons/v2/160402/default/dark/2.0", source: http://localhost:50104/emote-rain.js (19)
[0713/094907.478:INFO:CONSOLE(19)] "https://static-cdn.jtvnw.net/emoticons/v2/160402/default/dark/2.0", source: http://localhost:50104/emote-rain.js (19)
[0713/094949.933:INFO:CONSOLE(14)] "emotes: 3", source: http://localhost:50104/emote-rain.js (14)
[0713/094949.933:INFO:CONSOLE(19)] "https://static-cdn.jtvnw.net/emoticons/v2/160402/default/dark/2.0", source: http://localhost:50104/emote-rain.js (19)
[0713/094949.933:INFO:CONSOLE(19)] "https://static-cdn.jtvnw.net/emoticons/v2/160402/default/dark/2.0", source: http://localhost:50104/emote-rain.js (19)
[0713/094949.933:INFO:CONSOLE(19)] "https://static-cdn.jtvnw.net/emoticons/v2/160402/default/dark/2.0", source: http://localhost:50104/emote-rain.js (19)
[0713/094956.840:INFO:CONSOLE(14)] "emotes: 0", source: http://localhost:50104/emote-rain.js (14)
[0713/095038.657:INFO:CONSOLE(14)] "emotes: 0", source: http://localhost:50104/emote-rain.js (14)
[0713/095045.708:INFO:CONSOLE(14)] "emotes: 0", source: http://localhost:50104/emote-rain.js (14)
[0713/101750.204:INFO:CONSOLE(14)] "emotes: 0", source: http://localhost:50104/emote-rain.js (14)
[0713/101755.168:INFO:CONSOLE(14)] "emotes: 0", source: http://localhost:50104/emote-rain.js (14)
[0713/101922.779:INFO:CONSOLE(14)] "emotes: 0", source: http://localhost:50104/emote-rain.js (14)
[0713/102134.667:INFO:CONSOLE(14)] "emotes: 0", source: http://localhost:50104/emote-rain.js (14)
[0713/102143.856:INFO:CONSOLE(14)] "emotes: 0", source: http://localhost:50104/emote-rain.js (14)
[0713/102503.994:INFO:CONSOLE(14)] "emotes: 0", source: http://localhost:50104/emote-rain.js (14)
[0713/102538.761:INFO:CONSOLE(14)] "emotes: 0", source: http://localhost:50104/emote-rain.js (14)
[0713/102607.952:INFO:CONSOLE(14)] "emotes: 0", source: http://localhost:50104/emote-rain.js (14)
[0713/110403.474:INFO:CONSOLE(14)] "emotes: 0", source: http://localhost:50104/emote-rain.js (14)
[0713/110536.884:INFO:CONSOLE(14)] "emotes: 0", source: http://localhost:50104/emote-rain.js (14)
[0713/114634.501:INFO:CONSOLE(14)] "emotes: 0", source: http://localhost:50104/emote-rain.js (14)
[0713/125149.987:INFO:CONSOLE(14)] "emotes: 0", source: http://localhost:50104/emote-rain.js (14)
[0713/125229.404:INFO:CONSOLE(14)] "emotes: 0", source: http://localhost:50104/emote-rain.js (14)
[0713/125400.450:INFO:CONSOLE(14)] "emotes: 0", source: http://localhost:50104/emote-rain.js (14)
[0713/125453.626:INFO:CONSOLE(14)] "emotes: 0", source: http://localhost:50104/emote-rain.js (14)
[0713/125527.177:INFO:CONSOLE(14)] "emotes: 0", source: http://localhost:50104/emote-rain.js (14)
[0713/125550.794:INFO:CONSOLE(14)] "emotes: 0", source: http://localhost:50104/emote-rain.js (14)
[0713/125634.265:INFO:CONSOLE(14)] "emotes: 0", source: http://localhost:50104/emote-rain.js (14)
[0713/125709.773:INFO:CONSOLE(14)] "emotes: 0", source: http://localhost:50104/emote-rain.js (14)
[0713/125957.794:INFO:CONSOLE(14)] "emotes: 0", source: http://localhost:50104/emote-rain.js (14)
[0713/140400.824:INFO:CONSOLE(14)] "emotes: 1", source: http://localhost:50104/emote-rain.js (14)
[0713/140400.824:INFO:CONSOLE(19)] "https://static-cdn.jtvnw.net/emoticons/v2/emotesv2_23e7f2c6577b44a7aa4a4a597a2d03e6/default/dark/2.0", source: http://localhost:50104/emote-rain.js (19)
[0713/152918.713:WARNING:gpu_process_host.cc(1205)] The GPU process has crashed 1 time(s)
[0713/160806.462:INFO:CONSOLE(59)] "[reward-notifications] script loaded", source: http://localhost:54663/reward-notifications.js (59)
[0713/160806.462:INFO:CONSOLE(86)] "[reward-notifications] listener attached", source: http://localhost:54663/reward-notifications.js (86)
[0713/161220.483:INFO:CONSOLE(14)] "emotes: 0", source: http://localhost:54663/emote-rain.js (14)
[0713/161226.518:INFO:CONSOLE(14)] "emotes: 0", source: http://localhost:54663/emote-rain.js (14)
[0713/161243.645:INFO:CONSOLE(14)] "emotes: 0", source: http://localhost:54663/emote-rain.js (14)
[0713/161316.996:INFO:CONSOLE(14)] "emotes: 0", source: http://localhost:54663/emote-rain.js (14)
[0713/161337.250:INFO:CONSOLE(14)] "emotes: 0", source: http://localhost:54663/emote-rain.js (14)
[0713/161349.547:INFO:CONSOLE(14)] "emotes: 0", source: http://localhost:54663/emote-rain.js (14)
[0713/161412.239:INFO:CONSOLE(14)] "emotes: 0", source: http://localhost:54663/emote-rain.js (14)
[0713/161422.163:INFO:CONSOLE(14)] "emotes: 0", source: http://localhost:54663/emote-rain.js (14)
[0713/161439.271:INFO:CONSOLE(731)] "[reward-notifications] event rewardName=Отвлечь стримера", source: http://localhost:54663/reward-notifications.js (731)
[0713/161439.271:INFO:CONSOLE(731)] "[reward-notifications] reward matched: Отвлечь стримера group: Distract", source: http://localhost:54663/reward-notifications.js (731)
[0713/161439.272:INFO:CONSOLE(731)] "[reward-notifications] selection anchor source=id", source: http://localhost:54663/reward-notifications.js (731)
[0713/161439.274:INFO:CONSOLE(731)] "[reward-notifications] video pick index=5 key=Distract|Отвлечь стримера|00444b1d-9abc-48d5-86e0-2247c5b6f6e8", source: http://localhost:54663/reward-notifications.js (731)
[0713/161439.673:INFO:CONSOLE(731)] "[reward-notifications] video loaded: spongebob_a_few_moments_later.webm readyState=4", source: http://localhost:54663/reward-notifications.js (731)
[0713/161439.673:INFO:CONSOLE(731)] "[reward-notifications] video can play: spongebob_a_few_moments_later.webm", source: http://localhost:54663/reward-notifications.js (731)
[0713/161529.340:INFO:CONSOLE(731)] "[reward-notifications] event rewardName=Музыку тише", source: http://localhost:54663/reward-notifications.js (731)
[0713/161529.340:INFO:CONSOLE(731)] "[reward-notifications] reward candidates miss for музыку тише: Sport=бицес|планка|приседания|отжимания|пресс; Gears=водичка!|ровнее спинку!|запретить действие в игре или irl; GiggleDeath=посмеяться над смертью; Distract=отвлечь стримера", source: http://localhost:54663/reward-notifications.js (731)
[0713/161529.340:INFO:CONSOLE(731)] "[reward-notifications] reward skipped: Музыку тише", source: http://localhost:54663/reward-notifications.js (731)
[0713/161538.336:INFO:CONSOLE(14)] "emotes: 0", source: http://localhost:54663/emote-rain.js (14)
[0713/161556.564:INFO:CONSOLE(731)] "[reward-notifications] event rewardName=Музыку громче", source: http://localhost:54663/reward-notifications.js (731)
[0713/161556.564:INFO:CONSOLE(731)] "[reward-notifications] reward candidates miss for музыку громче: Sport=бицес|планка|приседания|отжимания|пресс; Gears=водичка!|ровнее спинку!|запретить действие в игре или irl; GiggleDeath=посмеяться над смертью; Distract=отвлечь стримера", source: http://localhost:54663/reward-notifications.js (731)
[0713/161556.564:INFO:CONSOLE(731)] "[reward-notifications] reward skipped: Музыку громче", source: http://localhost:54663/reward-notifications.js (731)
[0713/161637.284:INFO:CONSOLE(14)] "emotes: 24", source: http://localhost:54663/emote-rain.js (14)
[0713/161637.284:INFO:CONSOLE(19)] "https://static-cdn.jtvnw.net/emoticons/v2/emotesv2_09a0aeda7a6b4722b97429ddb591e028/default/dark/2.0", source: http://localhost:54663/emote-rain.js (19)
[0713/161637.284:INFO:CONSOLE(19)] "https://static-cdn.jtvnw.net/emoticons/v2/emotesv2_09a0aeda7a6b4722b97429ddb591e028/default/dark/2.0", source: http://localhost:54663/emote-rain.js (19)
[0713/161637.284:INFO:CONSOLE(19)] "https://static-cdn.jtvnw.net/emoticons/v2/emotesv2_09a0aeda7a6b4722b97429ddb591e028/default/dark/2.0", source: http://localhost:54663/emote-rain.js (19)
[0713/161637.284:INFO:CONSOLE(19)] "https://static-cdn.jtvnw.net/emoticons/v2/emotesv2_09a0aeda7a6b4722b97429ddb591e028/default/dark/2.0", source: http://localhost:54663/emote-rain.js (19)
[0713/161637.284:INFO:CONSOLE(19)] "https://static-cdn.jtvnw.net/emoticons/v2/emotesv2_09a0aeda7a6b4722b97429ddb591e028/default/dark/2.0", source: http://localhost:54663/emote-rain.js (19)
[0713/161637.284:INFO:CONSOLE(19)] "https://static-cdn.jtvnw.net/emoticons/v2/emotesv2_09a0aeda7a6b4722b97429ddb591e028/default/dark/2.0", source: http://localhost:54663/emote-rain.js (19)
[0713/161637.284:INFO:CONSOLE(19)] "https://static-cdn.jtvnw.net/emoticons/v2/emotesv2_09a0aeda7a6b4722b97429ddb591e028/default/dark/2.0", source: http://localhost:54663/emote-rain.js (19)
[0713/161637.284:INFO:CONSOLE(19)] "https://static-cdn.jtvnw.net/emoticons/v2/emotesv2_09a0aeda7a6b4722b97429ddb591e028/default/dark/2.0", source: http://localhost:54663/emote-rain.js (19)
[0713/161637.284:INFO:CONSOLE(19)] "https://static-cdn.jtvnw.net/emoticons/v2/emotesv2_09a0aeda7a6b4722b97429ddb591e028/default/dark/2.0", source: http://localhost:54663/emote-rain.js (19)
[0713/161637.284:INFO:CONSOLE(19)] "https://static-cdn.jtvnw.net/emoticons/v2/emotesv2_09a0aeda7a6b4722b97429ddb591e028/default/dark/2.0", source: http://localhost:54663/emote-rain.js (19)
[0713/161637.284:INFO:CONSOLE(19)] "https://static-cdn.jtvnw.net/emoticons/v2/emotesv2_09a0aeda7a6b4722b97429ddb591e028/default/dark/2.0", source: http://localhost:54663/emote-rain.js (19)
[0713/161637.284:INFO:CONSOLE(19)] "https://static-cdn.jtvnw.net/emoticons/v2/emotesv2_09a0aeda7a6b4722b97429ddb591e028/default/dark/2.0", source: http://localhost:54663/emote-rain.js (19)
[0713/161637.284:INFO:CONSOLE(19)] "https://static-cdn.jtvnw.net/emoticons/v2/emotesv2_09a0aeda7a6b4722b97429ddb591e028/default/dark/2.0", source: http://localhost:54663/emote-rain.js (19)
[0713/161637.284:INFO:CONSOLE(19)] "https://static-cdn.jtvnw.net/emoticons/v2/emotesv2_09a0aeda7a6b4722b97429ddb591e028/default/dark/2.0", source: http://localhost:54663/emote-rain.js (19)
[0713/161637.284:INFO:CONSOLE(19)] "https://static-cdn.jtvnw.net/emoticons/v2/emotesv2_09a0aeda7a6b4722b97429ddb591e028/default/dark/2.0", source: http://localhost:54663/emote-rain.js (19)
[0713/161637.284:INFO:CONSOLE(19)] "https://static-cdn.jtvnw.net/emoticons/v2/emotesv2_09a0aeda7a6b4722b97429ddb591e028/default/dark/2.0", source: http://localhost:54663/emote-rain.js (19)
[0713/161637.284:INFO:CONSOLE(19)] "https://static-cdn.jtvnw.net/emoticons/v2/emotesv2_09a0aeda7a6b4722b97429ddb591e028/default/dark/2.0", source: http://localhost:54663/emote-rain.js (19)
[0713/161637.284:INFO:CONSOLE(19)] "https://static-cdn.jtvnw.net/emoticons/v2/emotesv2_09a0aeda7a6b4722b97429ddb591e028/default/dark/2.0", source: http://localhost:54663/emote-rain.js (19)
[0713/161637.284:INFO:CONSOLE(19)] "https://static-cdn.jtvnw.net/emoticons/v2/emotesv2_09a0aeda7a6b4722b97429ddb591e028/default/dark/2.0", source: http://localhost:54663/emote-rain.js (19)
[0713/161637.284:INFO:CONSOLE(19)] "https://static-cdn.jtvnw.net/emoticons/v2/emotesv2_09a0aeda7a6b4722b97429ddb591e028/default/dark/2.0", source: http://localhost:54663/emote-rain.js (19)
[0713/161841.200:INFO:CONSOLE(14)] "emotes: 11", source: http://localhost:54663/emote-rain.js (14)
[0713/161841.200:INFO:CONSOLE(19)] "https://static-cdn.jtvnw.net/emoticons/v2/emotesv2_09a0aeda7a6b4722b97429ddb591e028/default/dark/2.0", source: http://localhost:54663/emote-rain.js (19)
[0713/161841.200:INFO:CONSOLE(19)] "https://static-cdn.jtvnw.net/emoticons/v2/emotesv2_09a0aeda7a6b4722b97429ddb591e028/default/dark/2.0", source: http://localhost:54663/emote-rain.js (19)
[0713/161841.200:INFO:CONSOLE(19)] "https://static-cdn.jtvnw.net/emoticons/v2/emotesv2_09a0aeda7a6b4722b97429ddb591e028/default/dark/2.0", source: http://localhost:54663/emote-rain.js (19)
[0713/161841.200:INFO:CONSOLE(19)] "https://static-cdn.jtvnw.net/emoticons/v2/emotesv2_09a0aeda7a6b4722b97429ddb591e028/default/dark/2.0", source: http://localhost:54663/emote-rain.js (19)
[0713/161841.200:INFO:CONSOLE(19)] "https://static-cdn.jtvnw.net/emoticons/v2/emotesv2_09a0aeda7a6b4722b97429ddb591e028/default/dark/2.0", source: http://localhost:54663/emote-rain.js (19)
[0713/161841.200:INFO:CONSOLE(19)] "https://static-cdn.jtvnw.net/emoticons/v2/emotesv2_09a0aeda7a6b4722b97429ddb591e028/default/dark/2.0", source: http://localhost:54663/emote-rain.js (19)
[0713/161841.200:INFO:CONSOLE(19)] "https://static-cdn.jtvnw.net/emoticons/v2/emotesv2_09a0aeda7a6b4722b97429ddb591e028/default/dark/2.0", source: http://localhost:54663/emote-rain.js (19)
[0713/161841.200:INFO:CONSOLE(19)] "https://static-cdn.jtvnw.net/emoticons/v2/emotesv2_09a0aeda7a6b4722b97429ddb591e028/default/dark/2.0", source: http://localhost:54663/emote-rain.js (19)
[0713/161841.200:INFO:CONSOLE(19)] "https://static-cdn.jtvnw.net/emoticons/v2/emotesv2_09a0aeda7a6b4722b97429ddb591e028/default/dark/2.0", source: http://localhost:54663/emote-rain.js (19)
[0713/161841.200:INFO:CONSOLE(19)] "https://static-cdn.jtvnw.net/emoticons/v2/emotesv2_09a0aeda7a6b4722b97429ddb591e028/default/dark/2.0", source: http://localhost:54663/emote-rain.js (19)
[0713/161841.200:INFO:CONSOLE(19)] "https://static-cdn.jtvnw.net/emoticons/v2/emotesv2_09a0aeda7a6b4722b97429ddb591e028/default/dark/2.0", source: http://localhost:54663/emote-rain.js (19)
[0713/161959.745:INFO:CONSOLE(731)] "[reward-notifications] event rewardName=Заказ песни", source: http://localhost:54663/reward-notifications.js (731)
[0713/161959.745:INFO:CONSOLE(731)] "[reward-notifications] reward candidates miss for заказ песни: Sport=бицес|планка|приседания|отжимания|пресс; Gears=водичка!|ровнее спинку!|запретить действие в игре или irl; GiggleDeath=посмеяться над смертью; Distract=отвлечь стримера", source: http://localhost:54663/reward-notifications.js (731)
[0713/161959.746:INFO:CONSOLE(731)] "[reward-notifications] reward skipped: Заказ песни", source: http://localhost:54663/reward-notifications.js (731)
[0713/162010.021:INFO:CONSOLE(14)] "emotes: 0", source: http://localhost:54663/emote-rain.js (14)
[0713/162020.077:INFO:CONSOLE(14)] "emotes: 0", source: http://localhost:54663/emote-rain.js (14)
[0713/162217.754:INFO:CONSOLE(14)] "emotes: 0", source: http://localhost:54663/emote-rain.js (14)
[0713/162238.407:INFO:CONSOLE(14)] "emotes: 0", source: http://localhost:54663/emote-rain.js (14)
[0713/162731.914:INFO:CONSOLE(14)] "emotes: 0", source: http://localhost:54663/emote-rain.js (14)
[0713/163242.640:INFO:CONSOLE(14)] "emotes: 0", source: http://localhost:54663/emote-rain.js (14)
[0713/163250.572:INFO:CONSOLE(14)] "emotes: 0", source: http://localhost:54663/emote-rain.js (14)
[0713/163657.747:INFO:CONSOLE(14)] "emotes: 0", source: http://localhost:54663/emote-rain.js (14)
[0713/191534.916:INFO:CONSOLE(14)] "emotes: 3", source: http://localhost:54663/emote-rain.js (14)
[0713/191534.916:INFO:CONSOLE(19)] "https://static-cdn.jtvnw.net/emoticons/v2/160402/default/dark/2.0", source: http://localhost:54663/emote-rain.js (19)
[0713/191534.916:INFO:CONSOLE(19)] "https://static-cdn.jtvnw.net/emoticons/v2/160402/default/dark/2.0", source: http://localhost:54663/emote-rain.js (19)
[0713/191534.917:INFO:CONSOLE(19)] "https://static-cdn.jtvnw.net/emoticons/v2/160402/default/dark/2.0", source: http://localhost:54663/emote-rain.js (19)
[0713/191545.884:INFO:CONSOLE(14)] "emotes: 0", source: http://localhost:54663/emote-rain.js (14)
[0713/191553.690:INFO:CONSOLE(14)] "emotes: 0", source: http://localhost:54663/emote-rain.js (14)
[0713/191643.614:INFO:CONSOLE(14)] "emotes: 0", source: http://localhost:54663/emote-rain.js (14)
[0713/191653.570:INFO:CONSOLE(14)] "emotes: 0", source: http://localhost:54663/emote-rain.js (14)
[0713/192030.783:INFO:CONSOLE(14)] "emotes: 0", source: http://localhost:54663/emote-rain.js (14)
[0713/192034.653:INFO:CONSOLE(14)] "emotes: 0", source: http://localhost:54663/emote-rain.js (14)
[0714/012427.003:ERROR:browser_process_sub_thread.cc(221)] Waited 18 ms for network service
[0714/113112.572:INFO:CONSOLE(59)] "[reward-notifications] script loaded", source: http://localhost:53917/reward-notifications.js (59)
[0714/113112.573:INFO:CONSOLE(86)] "[reward-notifications] listener attached", source: http://localhost:53917/reward-notifications.js (86)
[0714/113205.821:ERROR:browser_process_sub_thread.cc(221)] Waited 13 ms for network service
[0714/121944.644:INFO:CONSOLE(59)] "[reward-notifications] script loaded", source: http://localhost:59785/reward-notifications.js (59)
[0714/121944.644:INFO:CONSOLE(86)] "[reward-notifications] listener attached", source: http://localhost:59785/reward-notifications.js (86)
[0714/122803.774:INFO:CONSOLE(14)] "emotes: 1", source: http://localhost:59785/emote-rain.js (14)
[0714/122803.775:INFO:CONSOLE(19)] "https://static-cdn.jtvnw.net/emoticons/v2/160402/default/dark/2.0", source: http://localhost:59785/emote-rain.js (19)
[0714/122909.580:INFO:CONSOLE(14)] "emotes: 0", source: http://localhost:59785/emote-rain.js (14)
[0714/122913.108:INFO:CONSOLE(14)] "emotes: 0", source: http://localhost:59785/emote-rain.js (14)
[0714/122923.707:INFO:CONSOLE(14)] "emotes: 0", source: http://localhost:59785/emote-rain.js (14)
[0714/123601.879:INFO:CONSOLE(176)] "WebSocket connection to 'ws://127.0.0.1:8080/' failed: Error in connection establishment: net::ERR_CONNECTION_REFUSED", source: https://cdn.skypack.dev/-/@streamerbot/client@v1.12.2-9BnWw0CDQ2fH1klZ4JSh/dist=es2019,mode=imports/optimized/@streamerbot/client.js (176)
[0714/123601.880:INFO:CONSOLE(83)] "Failed to reconnect (attempt 1)", source: https://cdn.skypack.dev/-/@streamerbot/client@v1.12.2-9BnWw0CDQ2fH1klZ4JSh/dist=es2019,mode=imports/optimized/@streamerbot/client.js (83)
[0714/123605.919:INFO:CONSOLE(176)] "WebSocket connection to 'ws://127.0.0.1:8080/' failed: Error in connection establishment: net::ERR_CONNECTION_REFUSED", source: https://cdn.skypack.dev/-/@streamerbot/client@v1.12.2-9BnWw0CDQ2fH1klZ4JSh/dist=es2019,mode=imports/optimized/@streamerbot/client.js (176)
[0714/123605.919:INFO:CONSOLE(83)] "Failed to reconnect (attempt 2)", source: https://cdn.skypack.dev/-/@streamerbot/client@v1.12.2-9BnWw0CDQ2fH1klZ4JSh/dist=es2019,mode=imports/optimized/@streamerbot/client.js (83)
[0714/123610.968:INFO:CONSOLE(176)] "WebSocket connection to 'ws://127.0.0.1:8080/' failed: Error in connection establishment: net::ERR_CONNECTION_REFUSED", source: https://cdn.skypack.dev/-/@streamerbot/client@v1.12.2-9BnWw0CDQ2fH1klZ4JSh/dist=es2019,mode=imports/optimized/@streamerbot/client.js (176)
[0714/123610.968:INFO:CONSOLE(83)] "Failed to reconnect (attempt 3)", source: https://cdn.skypack.dev/-/@streamerbot/client@v1.12.2-9BnWw0CDQ2fH1klZ4JSh/dist=es2019,mode=imports/optimized/@streamerbot/client.js (83)
[0714/123617.022:INFO:CONSOLE(176)] "WebSocket connection to 'ws://127.0.0.1:8080/' failed: Error in connection establishment: net::ERR_CONNECTION_REFUSED", source: https://cdn.skypack.dev/-/@streamerbot/client@v1.12.2-9BnWw0CDQ2fH1klZ4JSh/dist=es2019,mode=imports/optimized/@streamerbot/client.js (176)
[0714/123617.022:INFO:CONSOLE(83)] "Failed to reconnect (attempt 4)", source: https://cdn.skypack.dev/-/@streamerbot/client@v1.12.2-9BnWw0CDQ2fH1klZ4JSh/dist=es2019,mode=imports/optimized/@streamerbot/client.js (83)
[0714/123624.049:INFO:CONSOLE(176)] "WebSocket connection to 'ws://127.0.0.1:8080/' failed: Error in connection establishment: net::ERR_CONNECTION_REFUSED", source: https://cdn.skypack.dev/-/@streamerbot/client@v1.12.2-9BnWw0CDQ2fH1klZ4JSh/dist=es2019,mode=imports/optimized/@streamerbot/client.js (176)
[0714/123624.049:INFO:CONSOLE(83)] "Failed to reconnect (attempt 5)", source: https://cdn.skypack.dev/-/@streamerbot/client@v1.12.2-9BnWw0CDQ2fH1klZ4JSh/dist=es2019,mode=imports/optimized/@streamerbot/client.js (83)
[0714/123632.090:INFO:CONSOLE(176)] "WebSocket connection to 'ws://127.0.0.1:8080/' failed: Error in connection establishment: net::ERR_CONNECTION_REFUSED", source: https://cdn.skypack.dev/-/@streamerbot/client@v1.12.2-9BnWw0CDQ2fH1klZ4JSh/dist=es2019,mode=imports/optimized/@streamerbot/client.js (176)
[0714/123632.090:INFO:CONSOLE(83)] "Failed to reconnect (attempt 6)", source: https://cdn.skypack.dev/-/@streamerbot/client@v1.12.2-9BnWw0CDQ2fH1klZ4JSh/dist=es2019,mode=imports/optimized/@streamerbot/client.js (83)
[0714/123641.131:INFO:CONSOLE(176)] "WebSocket connection to 'ws://127.0.0.1:8080/' failed: Error in connection establishment: net::ERR_CONNECTION_REFUSED", source: https://cdn.skypack.dev/-/@streamerbot/client@v1.12.2-9BnWw0CDQ2fH1klZ4JSh/dist=es2019,mode=imports/optimized/@streamerbot/client.js (176)
[0714/123641.131:INFO:CONSOLE(83)] "Failed to reconnect (attempt 7)", source: https://cdn.skypack.dev/-/@streamerbot/client@v1.12.2-9BnWw0CDQ2fH1klZ4JSh/dist=es2019,mode=imports/optimized/@streamerbot/client.js (83)
[0714/123651.189:INFO:CONSOLE(176)] "WebSocket connection to 'ws://127.0.0.1:8080/' failed: Error in connection establishment: net::ERR_CONNECTION_REFUSED", source: https://cdn.skypack.dev/-/@streamerbot/client@v1.12.2-9BnWw0CDQ2fH1klZ4JSh/dist=es2019,mode=imports/optimized/@streamerbot/client.js (176)
[0714/123651.189:INFO:CONSOLE(83)] "Failed to reconnect (attempt 8)", source: https://cdn.skypack.dev/-/@streamerbot/client@v1.12.2-9BnWw0CDQ2fH1klZ4JSh/dist=es2019,mode=imports/optimized/@streamerbot/client.js (83)
[0714/123702.240:INFO:CONSOLE(176)] "WebSocket connection to 'ws://127.0.0.1:8080/' failed: Error in connection establishment: net::ERR_CONNECTION_REFUSED", source: https://cdn.skypack.dev/-/@streamerbot/client@v1.12.2-9BnWw0CDQ2fH1klZ4JSh/dist=es2019,mode=imports/optimized/@streamerbot/client.js (176)
[0714/123702.240:INFO:CONSOLE(83)] "Failed to reconnect (attempt 9)", source: https://cdn.skypack.dev/-/@streamerbot/client@v1.12.2-9BnWw0CDQ2fH1klZ4JSh/dist=es2019,mode=imports/optimized/@streamerbot/client.js (83)
[0714/123714.311:INFO:CONSOLE(176)] "WebSocket connection to 'ws://127.0.0.1:8080/' failed: Error in connection establishment: net::ERR_CONNECTION_REFUSED", source: https://cdn.skypack.dev/-/@streamerbot/client@v1.12.2-9BnWw0CDQ2fH1klZ4JSh/dist=es2019,mode=imports/optimized/@streamerbot/client.js (176)
[0714/123714.311:INFO:CONSOLE(83)] "Failed to reconnect (attempt 10)", source: https://cdn.skypack.dev/-/@streamerbot/client@v1.12.2-9BnWw0CDQ2fH1klZ4JSh/dist=es2019,mode=imports/optimized/@streamerbot/client.js (83)
[0714/123727.445:INFO:CONSOLE(176)] "WebSocket connection to 'ws://127.0.0.1:8080/' failed: Error in connection establishment: net::ERR_CONNECTION_REFUSED", source: https://cdn.skypack.dev/-/@streamerbot/client@v1.12.2-9BnWw0CDQ2fH1klZ4JSh/dist=es2019,mode=imports/optimized/@streamerbot/client.js (176)
[0714/123727.445:INFO:CONSOLE(83)] "Failed to reconnect (attempt 11)", source: https://cdn.skypack.dev/-/@streamerbot/client@v1.12.2-9BnWw0CDQ2fH1klZ4JSh/dist=es2019,mode=imports/optimized/@streamerbot/client.js (83)
[0714/123741.596:INFO:CONSOLE(176)] "WebSocket connection to 'ws://127.0.0.1:8080/' failed: Error in connection establishment: net::ERR_CONNECTION_REFUSED", source: https://cdn.skypack.dev/-/@streamerbot/client@v1.12.2-9BnWw0CDQ2fH1klZ4JSh/dist=es2019,mode=imports/optimized/@streamerbot/client.js (176)
[0714/123741.596:INFO:CONSOLE(83)] "Failed to reconnect (attempt 12)", source: https://cdn.skypack.dev/-/@streamerbot/client@v1.12.2-9BnWw0CDQ2fH1klZ4JSh/dist=es2019,mode=imports/optimized/@streamerbot/client.js (83)
[0714/123756.912:INFO:CONSOLE(176)] "WebSocket connection to 'ws://127.0.0.1:8080/' failed: Error in connection establishment: net::ERR_CONNECTION_REFUSED", source: https://cdn.skypack.dev/-/@streamerbot/client@v1.12.2-9BnWw0CDQ2fH1klZ4JSh/dist=es2019,mode=imports/optimized/@streamerbot/client.js (176)
[0714/123756.912:INFO:CONSOLE(83)] "Failed to reconnect (attempt 13)", source: https://cdn.skypack.dev/-/@streamerbot/client@v1.12.2-9BnWw0CDQ2fH1klZ4JSh/dist=es2019,mode=imports/optimized/@streamerbot/client.js (83)
[0714/123812.950:INFO:CONSOLE(176)] "WebSocket connection to 'ws://127.0.0.1:8080/' failed: Error in connection establishment: net::ERR_CONNECTION_REFUSED", source: https://cdn.skypack.dev/-/@streamerbot/client@v1.12.2-9BnWw0CDQ2fH1klZ4JSh/dist=es2019,mode=imports/optimized/@streamerbot/client.js (176)
[0714/123812.950:INFO:CONSOLE(83)] "Failed to reconnect (attempt 14)", source: https://cdn.skypack.dev/-/@streamerbot/client@v1.12.2-9BnWw0CDQ2fH1klZ4JSh/dist=es2019,mode=imports/optimized/@streamerbot/client.js (83)
[0714/123829.973:INFO:CONSOLE(176)] "WebSocket connection to 'ws://127.0.0.1:8080/' failed: Error in connection establishment: net::ERR_CONNECTION_REFUSED", source: https://cdn.skypack.dev/-/@streamerbot/client@v1.12.2-9BnWw0CDQ2fH1klZ4JSh/dist=es2019,mode=imports/optimized/@streamerbot/client.js (176)
[0714/123829.973:INFO:CONSOLE(83)] "Failed to reconnect (attempt 15)", source: https://cdn.skypack.dev/-/@streamerbot/client@v1.12.2-9BnWw0CDQ2fH1klZ4JSh/dist=es2019,mode=imports/optimized/@streamerbot/client.js (83)
[0714/123848.007:INFO:CONSOLE(176)] "WebSocket connection to 'ws://127.0.0.1:8080/' failed: Error in connection establishment: net::ERR_CONNECTION_REFUSED", source: https://cdn.skypack.dev/-/@streamerbot/client@v1.12.2-9BnWw0CDQ2fH1klZ4JSh/dist=es2019,mode=imports/optimized/@streamerbot/client.js (176)
[0714/123848.007:INFO:CONSOLE(83)] "Failed to reconnect (attempt 16)", source: https://cdn.skypack.dev/-/@streamerbot/client@v1.12.2-9BnWw0CDQ2fH1klZ4JSh/dist=es2019,mode=imports/optimized/@streamerbot/client.js (83)
[0714/123907.053:INFO:CONSOLE(176)] "WebSocket connection to 'ws://127.0.0.1:8080/' failed: Error in connection establishment: net::ERR_CONNECTION_REFUSED", source: https://cdn.skypack.dev/-/@streamerbot/client@v1.12.2-9BnWw0CDQ2fH1klZ4JSh/dist=es2019,mode=imports/optimized/@streamerbot/client.js (176)
[0714/123907.053:INFO:CONSOLE(83)] "Failed to reconnect (attempt 17)", source: https://cdn.skypack.dev/-/@streamerbot/client@v1.12.2-9BnWw0CDQ2fH1klZ4JSh/dist=es2019,mode=imports/optimized/@streamerbot/client.js (83)
[0714/123927.086:INFO:CONSOLE(176)] "WebSocket connection to 'ws://127.0.0.1:8080/' failed: Error in connection establishment: net::ERR_CONNECTION_REFUSED", source: https://cdn.skypack.dev/-/@streamerbot/client@v1.12.2-9BnWw0CDQ2fH1klZ4JSh/dist=es2019,mode=imports/optimized/@streamerbot/client.js (176)
[0714/123927.086:INFO:CONSOLE(83)] "Failed to reconnect (attempt 18)", source: https://cdn.skypack.dev/-/@streamerbot/client@v1.12.2-9BnWw0CDQ2fH1klZ4JSh/dist=es2019,mode=imports/optimized/@streamerbot/client.js (83)
[0714/123948.137:INFO:CONSOLE(176)] "WebSocket connection to 'ws://127.0.0.1:8080/' failed: Error in connection establishment: net::ERR_CONNECTION_REFUSED", source: https://cdn.skypack.dev/-/@streamerbot/client@v1.12.2-9BnWw0CDQ2fH1klZ4JSh/dist=es2019,mode=imports/optimized/@streamerbot/client.js (176)
[0714/123948.137:INFO:CONSOLE(83)] "Failed to reconnect (attempt 19)", source: https://cdn.skypack.dev/-/@streamerbot/client@v1.12.2-9BnWw0CDQ2fH1klZ4JSh/dist=es2019,mode=imports/optimized/@streamerbot/client.js (83)
[0714/124010.186:INFO:CONSOLE(176)] "WebSocket connection to 'ws://127.0.0.1:8080/' failed: Error in connection establishment: net::ERR_CONNECTION_REFUSED", source: https://cdn.skypack.dev/-/@streamerbot/client@v1.12.2-9BnWw0CDQ2fH1klZ4JSh/dist=es2019,mode=imports/optimized/@streamerbot/client.js (176)
[0714/124010.186:INFO:CONSOLE(83)] "Failed to reconnect (attempt 20)", source: https://cdn.skypack.dev/-/@streamerbot/client@v1.12.2-9BnWw0CDQ2fH1klZ4JSh/dist=es2019,mode=imports/optimized/@streamerbot/client.js (83)
[0714/124033.226:INFO:CONSOLE(176)] "WebSocket connection to 'ws://127.0.0.1:8080/' failed: Error in connection establishment: net::ERR_CONNECTION_REFUSED", source: https://cdn.skypack.dev/-/@streamerbot/client@v1.12.2-9BnWw0CDQ2fH1klZ4JSh/dist=es2019,mode=imports/optimized/@streamerbot/client.js (176)
[0714/124033.226:INFO:CONSOLE(83)] "Failed to reconnect (attempt 21)", source: https://cdn.skypack.dev/-/@streamerbot/client@v1.12.2-9BnWw0CDQ2fH1klZ4JSh/dist=es2019,mode=imports/optimized/@streamerbot/client.js (83)
[0714/124057.257:INFO:CONSOLE(176)] "WebSocket connection to 'ws://127.0.0.1:8080/' failed: Error in connection establishment: net::ERR_CONNECTION_REFUSED", source: https://cdn.skypack.dev/-/@streamerbot/client@v1.12.2-9BnWw0CDQ2fH1klZ4JSh/dist=es2019,mode=imports/optimized/@streamerbot/client.js (176)
[0714/124057.257:INFO:CONSOLE(83)] "Failed to reconnect (attempt 22)", source: https://cdn.skypack.dev/-/@streamerbot/client@v1.12.2-9BnWw0CDQ2fH1klZ4JSh/dist=es2019,mode=imports/optimized/@streamerbot/client.js (83)
[0714/124122.303:INFO:CONSOLE(176)] "WebSocket connection to 'ws://127.0.0.1:8080/' failed: Error in connection establishment: net::ERR_CONNECTION_REFUSED", source: https://cdn.skypack.dev/-/@streamerbot/client@v1.12.2-9BnWw0CDQ2fH1klZ4JSh/dist=es2019,mode=imports/optimized/@streamerbot/client.js (176)
[0714/124122.303:INFO:CONSOLE(83)] "Failed to reconnect (attempt 23)", source: https://cdn.skypack.dev/-/@streamerbot/client@v1.12.2-9BnWw0CDQ2fH1klZ4JSh/dist=es2019,mode=imports/optimized/@streamerbot/client.js (83)
[0714/124148.342:INFO:CONSOLE(176)] "WebSocket connection to 'ws://127.0.0.1:8080/' failed: Error in connection establishment: net::ERR_CONNECTION_REFUSED", source: https://cdn.skypack.dev/-/@streamerbot/client@v1.12.2-9BnWw0CDQ2fH1klZ4JSh/dist=es2019,mode=imports/optimized/@streamerbot/client.js (176)
[0714/124148.342:INFO:CONSOLE(83)] "Failed to reconnect (attempt 24)", source: https://cdn.skypack.dev/-/@streamerbot/client@v1.12.2-9BnWw0CDQ2fH1klZ4JSh/dist=es2019,mode=imports/optimized/@streamerbot/client.js (83)
[0714/124215.383:INFO:CONSOLE(176)] "WebSocket connection to 'ws://127.0.0.1:8080/' failed: Error in connection establishment: net::ERR_CONNECTION_REFUSED", source: https://cdn.skypack.dev/-/@streamerbot/client@v1.12.2-9BnWw0CDQ2fH1klZ4JSh/dist=es2019,mode=imports/optimized/@streamerbot/client.js (176)
[0714/124215.383:INFO:CONSOLE(83)] "Failed to reconnect (attempt 25)", source: https://cdn.skypack.dev/-/@streamerbot/client@v1.12.2-9BnWw0CDQ2fH1klZ4JSh/dist=es2019,mode=imports/optimized/@streamerbot/client.js (83)
[0714/124243.431:INFO:CONSOLE(176)] "WebSocket connection to 'ws://127.0.0.1:8080/' failed: Error in connection establishment: net::ERR_CONNECTION_REFUSED", source: https://cdn.skypack.dev/-/@streamerbot/client@v1.12.2-9BnWw0CDQ2fH1klZ4JSh/dist=es2019,mode=imports/optimized/@streamerbot/client.js (176)
[0714/124243.431:INFO:CONSOLE(83)] "Failed to reconnect (attempt 26)", source: https://cdn.skypack.dev/-/@streamerbot/client@v1.12.2-9BnWw0CDQ2fH1klZ4JSh/dist=es2019,mode=imports/optimized/@streamerbot/client.js (83)
[0714/124312.483:INFO:CONSOLE(176)] "WebSocket connection to 'ws://127.0.0.1:8080/' failed: Error in connection establishment: net::ERR_CONNECTION_REFUSED", source: https://cdn.skypack.dev/-/@streamerbot/client@v1.12.2-9BnWw0CDQ2fH1klZ4JSh/dist=es2019,mode=imports/optimized/@streamerbot/client.js (176)
[0714/124312.483:INFO:CONSOLE(83)] "Failed to reconnect (attempt 27)", source: https://cdn.skypack.dev/-/@streamerbot/client@v1.12.2-9BnWw0CDQ2fH1klZ4JSh/dist=es2019,mode=imports/optimized/@streamerbot/client.js (83)
[0714/124342.516:INFO:CONSOLE(176)] "WebSocket connection to 'ws://127.0.0.1:8080/' failed: Error in connection establishment: net::ERR_CONNECTION_REFUSED", source: https://cdn.skypack.dev/-/@streamerbot/client@v1.12.2-9BnWw0CDQ2fH1klZ4JSh/dist=es2019,mode=imports/optimized/@streamerbot/client.js (176)
[0714/124342.516:INFO:CONSOLE(83)] "Failed to reconnect (attempt 28)", source: https://cdn.skypack.dev/-/@streamerbot/client@v1.12.2-9BnWw0CDQ2fH1klZ4JSh/dist=es2019,mode=imports/optimized/@streamerbot/client.js (83)
[0714/124413.561:INFO:CONSOLE(176)] "WebSocket connection to 'ws://127.0.0.1:8080/' failed: Error in connection establishment: net::ERR_CONNECTION_REFUSED", source: https://cdn.skypack.dev/-/@streamerbot/client@v1.12.2-9BnWw0CDQ2fH1klZ4JSh/dist=es2019,mode=imports/optimized/@streamerbot/client.js (176)
[0714/124413.561:INFO:CONSOLE(83)] "Failed to reconnect (attempt 29)", source: https://cdn.skypack.dev/-/@streamerbot/client@v1.12.2-9BnWw0CDQ2fH1klZ4JSh/dist=es2019,mode=imports/optimized/@streamerbot/client.js (83)
[0714/124445.604:INFO:CONSOLE(176)] "WebSocket connection to 'ws://127.0.0.1:8080/' failed: Error in connection establishment: net::ERR_CONNECTION_REFUSED", source: https://cdn.skypack.dev/-/@streamerbot/client@v1.12.2-9BnWw0CDQ2fH1klZ4JSh/dist=es2019,mode=imports/optimized/@streamerbot/client.js (176)
[0714/124445.604:INFO:CONSOLE(83)] "Failed to reconnect (attempt 30)", source: https://cdn.skypack.dev/-/@streamerbot/client@v1.12.2-9BnWw0CDQ2fH1klZ4JSh/dist=es2019,mode=imports/optimized/@streamerbot/client.js (83)
[0714/124517.624:INFO:CONSOLE(176)] "WebSocket connection to 'ws://127.0.0.1:8080/' failed: Error in connection establishment: net::ERR_CONNECTION_REFUSED", source: https://cdn.skypack.dev/-/@streamerbot/client@v1.12.2-9BnWw0CDQ2fH1klZ4JSh/dist=es2019,mode=imports/optimized/@streamerbot/client.js (176)
[0714/124517.624:INFO:CONSOLE(83)] "Failed to reconnect (attempt 31)", source: https://cdn.skypack.dev/-/@streamerbot/client@v1.12.2-9BnWw0CDQ2fH1klZ4JSh/dist=es2019,mode=imports/optimized/@streamerbot/client.js (83)
[0714/124549.670:INFO:CONSOLE(176)] "WebSocket connection to 'ws://127.0.0.1:8080/' failed: Error in connection establishment: net::ERR_CONNECTION_REFUSED", source: https://cdn.skypack.dev/-/@streamerbot/client@v1.12.2-9BnWw0CDQ2fH1klZ4JSh/dist=es2019,mode=imports/optimized/@streamerbot/client.js (176)
[0714/124549.670:INFO:CONSOLE(83)] "Failed to reconnect (attempt 32)", source: https://cdn.skypack.dev/-/@streamerbot/client@v1.12.2-9BnWw0CDQ2fH1klZ4JSh/dist=es2019,mode=imports/optimized/@streamerbot/client.js (83)
[0714/124621.722:INFO:CONSOLE(176)] "WebSocket connection to 'ws://127.0.0.1:8080/' failed: Error in connection establishment: net::ERR_CONNECTION_REFUSED", source: https://cdn.skypack.dev/-/@streamerbot/client@v1.12.2-9BnWw0CDQ2fH1klZ4JSh/dist=es2019,mode=imports/optimized/@streamerbot/client.js (176)
[0714/124621.722:INFO:CONSOLE(83)] "Failed to reconnect (attempt 33)", source: https://cdn.skypack.dev/-/@streamerbot/client@v1.12.2-9BnWw0CDQ2fH1klZ4JSh/dist=es2019,mode=imports/optimized/@streamerbot/client.js (83)
[0714/124653.758:INFO:CONSOLE(176)] "WebSocket connection to 'ws://127.0.0.1:8080/' failed: Error in connection establishment: net::ERR_CONNECTION_REFUSED", source: https://cdn.skypack.dev/-/@streamerbot/client@v1.12.2-9BnWw0CDQ2fH1klZ4JSh/dist=es2019,mode=imports/optimized/@streamerbot/client.js (176)
[0714/124653.758:INFO:CONSOLE(83)] "Failed to reconnect (attempt 34)", source: https://cdn.skypack.dev/-/@streamerbot/client@v1.12.2-9BnWw0CDQ2fH1klZ4JSh/dist=es2019,mode=imports/optimized/@streamerbot/client.js (83)
[0714/124725.788:INFO:CONSOLE(176)] "WebSocket connection to 'ws://127.0.0.1:8080/' failed: Error in connection establishment: net::ERR_CONNECTION_REFUSED", source: https://cdn.skypack.dev/-/@streamerbot/client@v1.12.2-9BnWw0CDQ2fH1klZ4JSh/dist=es2019,mode=imports/optimized/@streamerbot/client.js (176)
[0714/124725.788:INFO:CONSOLE(83)] "Failed to reconnect (attempt 35)", source: https://cdn.skypack.dev/-/@streamerbot/client@v1.12.2-9BnWw0CDQ2fH1klZ4JSh/dist=es2019,mode=imports/optimized/@streamerbot/client.js (83)
[0714/124757.820:INFO:CONSOLE(176)] "WebSocket connection to 'ws://127.0.0.1:8080/' failed: Error in connection establishment: net::ERR_CONNECTION_REFUSED", source: https://cdn.skypack.dev/-/@streamerbot/client@v1.12.2-9BnWw0CDQ2fH1klZ4JSh/dist=es2019,mode=imports/optimized/@streamerbot/client.js (176)
[0714/124757.820:INFO:CONSOLE(83)] "Failed to reconnect (attempt 36)", source: https://cdn.skypack.dev/-/@streamerbot/client@v1.12.2-9BnWw0CDQ2fH1klZ4JSh/dist=es2019,mode=imports/optimized/@streamerbot/client.js (83)
[0714/124829.865:INFO:CONSOLE(176)] "WebSocket connection to 'ws://127.0.0.1:8080/' failed: Error in connection establishment: net::ERR_CONNECTION_REFUSED", source: https://cdn.skypack.dev/-/@streamerbot/client@v1.12.2-9BnWw0CDQ2fH1klZ4JSh/dist=es2019,mode=imports/optimized/@streamerbot/client.js (176)
[0714/124829.865:INFO:CONSOLE(83)] "Failed to reconnect (attempt 37)", source: https://cdn.skypack.dev/-/@streamerbot/client@v1.12.2-9BnWw0CDQ2fH1klZ4JSh/dist=es2019,mode=imports/optimized/@streamerbot/client.js (83)
[0714/124901.921:INFO:CONSOLE(176)] "WebSocket connection to 'ws://127.0.0.1:8080/' failed: Error in connection establishment: net::ERR_CONNECTION_REFUSED", source: https://cdn.skypack.dev/-/@streamerbot/client@v1.12.2-9BnWw0CDQ2fH1klZ4JSh/dist=es2019,mode=imports/optimized/@streamerbot/client.js (176)
[0714/124901.921:INFO:CONSOLE(83)] "Failed to reconnect (attempt 38)", source: https://cdn.skypack.dev/-/@streamerbot/client@v1.12.2-9BnWw0CDQ2fH1klZ4JSh/dist=es2019,mode=imports/optimized/@streamerbot/client.js (83)
[0714/124933.978:INFO:CONSOLE(176)] "WebSocket connection to 'ws://127.0.0.1:8080/' failed: Error in connection establishment: net::ERR_CONNECTION_REFUSED", source: https://cdn.skypack.dev/-/@streamerbot/client@v1.12.2-9BnWw0CDQ2fH1klZ4JSh/dist=es2019,mode=imports/optimized/@streamerbot/client.js (176)
[0714/124933.979:INFO:CONSOLE(83)] "Failed to reconnect (attempt 39)", source: https://cdn.skypack.dev/-/@streamerbot/client@v1.12.2-9BnWw0CDQ2fH1klZ4JSh/dist=es2019,mode=imports/optimized/@streamerbot/client.js (83)
[0714/125006.019:INFO:CONSOLE(176)] "WebSocket connection to 'ws://127.0.0.1:8080/' failed: Error in connection establishment: net::ERR_CONNECTION_REFUSED", source: https://cdn.skypack.dev/-/@streamerbot/client@v1.12.2-9BnWw0CDQ2fH1klZ4JSh/dist=es2019,mode=imports/optimized/@streamerbot/client.js (176)
[0714/125006.019:INFO:CONSOLE(83)] "Failed to reconnect (attempt 40)", source: https://cdn.skypack.dev/-/@streamerbot/client@v1.12.2-9BnWw0CDQ2fH1klZ4JSh/dist=es2019,mode=imports/optimized/@streamerbot/client.js (83)
[0714/125038.047:INFO:CONSOLE(176)] "WebSocket connection to 'ws://127.0.0.1:8080/' failed: Error in connection establishment: net::ERR_CONNECTION_REFUSED", source: https://cdn.skypack.dev/-/@streamerbot/client@v1.12.2-9BnWw0CDQ2fH1klZ4JSh/dist=es2019,mode=imports/optimized/@streamerbot/client.js (176)
[0714/125038.047:INFO:CONSOLE(83)] "Failed to reconnect (attempt 41)", source: https://cdn.skypack.dev/-/@streamerbot/client@v1.12.2-9BnWw0CDQ2fH1klZ4JSh/dist=es2019,mode=imports/optimized/@streamerbot/client.js (83)
[0714/125110.080:INFO:CONSOLE(176)] "WebSocket connection to 'ws://127.0.0.1:8080/' failed: Error in connection establishment: net::ERR_CONNECTION_REFUSED", source: https://cdn.skypack.dev/-/@streamerbot/client@v1.12.2-9BnWw0CDQ2fH1klZ4JSh/dist=es2019,mode=imports/optimized/@streamerbot/client.js (176)
[0714/125110.080:INFO:CONSOLE(83)] "Failed to reconnect (attempt 42)", source: https://cdn.skypack.dev/-/@streamerbot/client@v1.12.2-9BnWw0CDQ2fH1klZ4JSh/dist=es2019,mode=imports/optimized/@streamerbot/client.js (83)
[0714/125142.124:INFO:CONSOLE(176)] "WebSocket connection to 'ws://127.0.0.1:8080/' failed: Error in connection establishment: net::ERR_CONNECTION_REFUSED", source: https://cdn.skypack.dev/-/@streamerbot/client@v1.12.2-9BnWw0CDQ2fH1klZ4JSh/dist=es2019,mode=imports/optimized/@streamerbot/client.js (176)
[0714/125142.124:INFO:CONSOLE(83)] "Failed to reconnect (attempt 43)", source: https://cdn.skypack.dev/-/@streamerbot/client@v1.12.2-9BnWw0CDQ2fH1klZ4JSh/dist=es2019,mode=imports/optimized/@streamerbot/client.js (83)
[0714/125214.175:INFO:CONSOLE(176)] "WebSocket connection to 'ws://127.0.0.1:8080/' failed: Error in connection establishment: net::ERR_CONNECTION_REFUSED", source: https://cdn.skypack.dev/-/@streamerbot/client@v1.12.2-9BnWw0CDQ2fH1klZ4JSh/dist=es2019,mode=imports/optimized/@streamerbot/client.js (176)
[0714/125214.175:INFO:CONSOLE(83)] "Failed to reconnect (attempt 44)", source: https://cdn.skypack.dev/-/@streamerbot/client@v1.12.2-9BnWw0CDQ2fH1klZ4JSh/dist=es2019,mode=imports/optimized/@streamerbot/client.js (83)
[0714/125246.218:INFO:CONSOLE(176)] "WebSocket connection to 'ws://127.0.0.1:8080/' failed: Error in connection establishment: net::ERR_CONNECTION_REFUSED", source: https://cdn.skypack.dev/-/@streamerbot/client@v1.12.2-9BnWw0CDQ2fH1klZ4JSh/dist=es2019,mode=imports/optimized/@streamerbot/client.js (176)
[0714/125246.218:INFO:CONSOLE(83)] "Failed to reconnect (attempt 45)", source: https://cdn.skypack.dev/-/@streamerbot/client@v1.12.2-9BnWw0CDQ2fH1klZ4JSh/dist=es2019,mode=imports/optimized/@streamerbot/client.js (83)
[0714/125318.252:INFO:CONSOLE(176)] "WebSocket connection to 'ws://127.0.0.1:8080/' failed: Error in connection establishment: net::ERR_CONNECTION_REFUSED", source: https://cdn.skypack.dev/-/@streamerbot/client@v1.12.2-9BnWw0CDQ2fH1klZ4JSh/dist=es2019,mode=imports/optimized/@streamerbot/client.js (176)
[0714/125318.252:INFO:CONSOLE(83)] "Failed to reconnect (attempt 46)", source: https://cdn.skypack.dev/-/@streamerbot/client@v1.12.2-9BnWw0CDQ2fH1klZ4JSh/dist=es2019,mode=imports/optimized/@streamerbot/client.js (83)
[0714/125350.281:INFO:CONSOLE(176)] "WebSocket connection to 'ws://127.0.0.1:8080/' failed: Error in connection establishment: net::ERR_CONNECTION_REFUSED", source: https://cdn.skypack.dev/-/@streamerbot/client@v1.12.2-9BnWw0CDQ2fH1klZ4JSh/dist=es2019,mode=imports/optimized/@streamerbot/client.js (176)
[0714/125350.281:INFO:CONSOLE(83)] "Failed to reconnect (attempt 47)", source: https://cdn.skypack.dev/-/@streamerbot/client@v1.12.2-9BnWw0CDQ2fH1klZ4JSh/dist=es2019,mode=imports/optimized/@streamerbot/client.js (83)
[0714/125422.330:INFO:CONSOLE(176)] "WebSocket connection to 'ws://127.0.0.1:8080/' failed: Error in connection establishment: net::ERR_CONNECTION_REFUSED", source: https://cdn.skypack.dev/-/@streamerbot/client@v1.12.2-9BnWw0CDQ2fH1klZ4JSh/dist=es2019,mode=imports/optimized/@streamerbot/client.js (176)
[0714/125422.330:INFO:CONSOLE(83)] "Failed to reconnect (attempt 48)", source: https://cdn.skypack.dev/-/@streamerbot/client@v1.12.2-9BnWw0CDQ2fH1klZ4JSh/dist=es2019,mode=imports/optimized/@streamerbot/client.js (83)
[0714/125454.377:INFO:CONSOLE(176)] "WebSocket connection to 'ws://127.0.0.1:8080/' failed: Error in connection establishment: net::ERR_CONNECTION_REFUSED", source: https://cdn.skypack.dev/-/@streamerbot/client@v1.12.2-9BnWw0CDQ2fH1klZ4JSh/dist=es2019,mode=imports/optimized/@streamerbot/client.js (176)
[0714/125454.378:INFO:CONSOLE(83)] "Failed to reconnect (attempt 49)", source: https://cdn.skypack.dev/-/@streamerbot/client@v1.12.2-9BnWw0CDQ2fH1klZ4JSh/dist=es2019,mode=imports/optimized/@streamerbot/client.js (83)
[0714/125526.421:INFO:CONSOLE(176)] "WebSocket connection to 'ws://127.0.0.1:8080/' failed: Error in connection establishment: net::ERR_CONNECTION_REFUSED", source: https://cdn.skypack.dev/-/@streamerbot/client@v1.12.2-9BnWw0CDQ2fH1klZ4JSh/dist=es2019,mode=imports/optimized/@streamerbot/client.js (176)
[0714/125526.421:INFO:CONSOLE(83)] "Failed to reconnect (attempt 50)", source: https://cdn.skypack.dev/-/@streamerbot/client@v1.12.2-9BnWw0CDQ2fH1klZ4JSh/dist=es2019,mode=imports/optimized/@streamerbot/client.js (83)
[0714/125558.445:INFO:CONSOLE(176)] "WebSocket connection to 'ws://127.0.0.1:8080/' failed: Error in connection establishment: net::ERR_CONNECTION_REFUSED", source: https://cdn.skypack.dev/-/@streamerbot/client@v1.12.2-9BnWw0CDQ2fH1klZ4JSh/dist=es2019,mode=imports/optimized/@streamerbot/client.js (176)
[0714/125558.445:INFO:CONSOLE(83)] "Failed to reconnect (attempt 51)", source: https://cdn.skypack.dev/-/@streamerbot/client@v1.12.2-9BnWw0CDQ2fH1klZ4JSh/dist=es2019,mode=imports/optimized/@streamerbot/client.js (83)
[0714/125630.493:INFO:CONSOLE(176)] "WebSocket connection to 'ws://127.0.0.1:8080/' failed: Error in connection establishment: net::ERR_CONNECTION_REFUSED", source: https://cdn.skypack.dev/-/@streamerbot/client@v1.12.2-9BnWw0CDQ2fH1klZ4JSh/dist=es2019,mode=imports/optimized/@streamerbot/client.js (176)
[0714/125630.493:INFO:CONSOLE(83)] "Failed to reconnect (attempt 52)", source: https://cdn.skypack.dev/-/@streamerbot/client@v1.12.2-9BnWw0CDQ2fH1klZ4JSh/dist=es2019,mode=imports/optimized/@streamerbot/client.js (83)
[0714/125702.525:INFO:CONSOLE(176)] "WebSocket connection to 'ws://127.0.0.1:8080/' failed: Error in connection establishment: net::ERR_CONNECTION_REFUSED", source: https://cdn.skypack.dev/-/@streamerbot/client@v1.12.2-9BnWw0CDQ2fH1klZ4JSh/dist=es2019,mode=imports/optimized/@streamerbot/client.js (176)
[0714/125702.525:INFO:CONSOLE(83)] "Failed to reconnect (attempt 53)", source: https://cdn.skypack.dev/-/@streamerbot/client@v1.12.2-9BnWw0CDQ2fH1klZ4JSh/dist=es2019,mode=imports/optimized/@streamerbot/client.js (83)
[0714/125734.569:INFO:CONSOLE(176)] "WebSocket connection to 'ws://127.0.0.1:8080/' failed: Error in connection establishment: net::ERR_CONNECTION_REFUSED", source: https://cdn.skypack.dev/-/@streamerbot/client@v1.12.2-9BnWw0CDQ2fH1klZ4JSh/dist=es2019,mode=imports/optimized/@streamerbot/client.js (176)
[0714/125734.569:INFO:CONSOLE(83)] "Failed to reconnect (attempt 54)", source: https://cdn.skypack.dev/-/@streamerbot/client@v1.12.2-9BnWw0CDQ2fH1klZ4JSh/dist=es2019,mode=imports/optimized/@streamerbot/client.js (83)
[0714/125806.609:INFO:CONSOLE(176)] "WebSocket connection to 'ws://127.0.0.1:8080/' failed: Error in connection establishment: net::ERR_CONNECTION_REFUSED", source: https://cdn.skypack.dev/-/@streamerbot/client@v1.12.2-9BnWw0CDQ2fH1klZ4JSh/dist=es2019,mode=imports/optimized/@streamerbot/client.js (176)
[0714/125806.609:INFO:CONSOLE(83)] "Failed to reconnect (attempt 55)", source: https://cdn.skypack.dev/-/@streamerbot/client@v1.12.2-9BnWw0CDQ2fH1klZ4JSh/dist=es2019,mode=imports/optimized/@streamerbot/client.js (83)
[0714/125838.662:INFO:CONSOLE(176)] "WebSocket connection to 'ws://127.0.0.1:8080/' failed: Error in connection establishment: net::ERR_CONNECTION_REFUSED", source: https://cdn.skypack.dev/-/@streamerbot/client@v1.12.2-9BnWw0CDQ2fH1klZ4JSh/dist=es2019,mode=imports/optimized/@streamerbot/client.js (176)
[0714/125838.662:INFO:CONSOLE(83)] "Failed to reconnect (attempt 56)", source: https://cdn.skypack.dev/-/@streamerbot/client@v1.12.2-9BnWw0CDQ2fH1klZ4JSh/dist=es2019,mode=imports/optimized/@streamerbot/client.js (83)
[0714/125910.704:INFO:CONSOLE(176)] "WebSocket connection to 'ws://127.0.0.1:8080/' failed: Error in connection establishment: net::ERR_CONNECTION_REFUSED", source: https://cdn.skypack.dev/-/@streamerbot/client@v1.12.2-9BnWw0CDQ2fH1klZ4JSh/dist=es2019,mode=imports/optimized/@streamerbot/client.js (176)
[0714/125910.704:INFO:CONSOLE(83)] "Failed to reconnect (attempt 57)", source: https://cdn.skypack.dev/-/@streamerbot/client@v1.12.2-9BnWw0CDQ2fH1klZ4JSh/dist=es2019,mode=imports/optimized/@streamerbot/client.js (83)
[0714/125942.739:INFO:CONSOLE(176)] "WebSocket connection to 'ws://127.0.0.1:8080/' failed: Error in connection establishment: net::ERR_CONNECTION_REFUSED", source: https://cdn.skypack.dev/-/@streamerbot/client@v1.12.2-9BnWw0CDQ2fH1klZ4JSh/dist=es2019,mode=imports/optimized/@streamerbot/client.js (176)
[0714/125942.739:INFO:CONSOLE(83)] "Failed to reconnect (attempt 58)", source: https://cdn.skypack.dev/-/@streamerbot/client@v1.12.2-9BnWw0CDQ2fH1klZ4JSh/dist=es2019,mode=imports/optimized/@streamerbot/client.js (83)
[0714/130014.768:INFO:CONSOLE(176)] "WebSocket connection to 'ws://127.0.0.1:8080/' failed: Error in connection establishment: net::ERR_CONNECTION_REFUSED", source: https://cdn.skypack.dev/-/@streamerbot/client@v1.12.2-9BnWw0CDQ2fH1klZ4JSh/dist=es2019,mode=imports/optimized/@streamerbot/client.js (176)
[0714/130014.768:INFO:CONSOLE(83)] "Failed to reconnect (attempt 59)", source: https://cdn.skypack.dev/-/@streamerbot/client@v1.12.2-9BnWw0CDQ2fH1klZ4JSh/dist=es2019,mode=imports/optimized/@streamerbot/client.js (83)
[0714/130046.812:INFO:CONSOLE(176)] "WebSocket connection to 'ws://127.0.0.1:8080/' failed: Error in connection establishment: net::ERR_CONNECTION_REFUSED", source: https://cdn.skypack.dev/-/@streamerbot/client@v1.12.2-9BnWw0CDQ2fH1klZ4JSh/dist=es2019,mode=imports/optimized/@streamerbot/client.js (176)
[0714/130046.812:INFO:CONSOLE(83)] "Failed to reconnect (attempt 60)", source: https://cdn.skypack.dev/-/@streamerbot/client@v1.12.2-9BnWw0CDQ2fH1klZ4JSh/dist=es2019,mode=imports/optimized/@streamerbot/client.js (83)
[0714/130118.859:INFO:CONSOLE(176)] "WebSocket connection to 'ws://127.0.0.1:8080/' failed: Error in connection establishment: net::ERR_CONNECTION_REFUSED", source: https://cdn.skypack.dev/-/@streamerbot/client@v1.12.2-9BnWw0CDQ2fH1klZ4JSh/dist=es2019,mode=imports/optimized/@streamerbot/client.js (176)
[0714/130118.859:INFO:CONSOLE(83)] "Failed to reconnect (attempt 61)", source: https://cdn.skypack.dev/-/@streamerbot/client@v1.12.2-9BnWw0CDQ2fH1klZ4JSh/dist=es2019,mode=imports/optimized/@streamerbot/client.js (83)
[0714/130150.886:INFO:CONSOLE(176)] "WebSocket connection to 'ws://127.0.0.1:8080/' failed: Error in connection establishment: net::ERR_CONNECTION_REFUSED", source: https://cdn.skypack.dev/-/@streamerbot/client@v1.12.2-9BnWw0CDQ2fH1klZ4JSh/dist=es2019,mode=imports/optimized/@streamerbot/client.js (176)
[0714/130150.886:INFO:CONSOLE(83)] "Failed to reconnect (attempt 62)", source: https://cdn.skypack.dev/-/@streamerbot/client@v1.12.2-9BnWw0CDQ2fH1klZ4JSh/dist=es2019,mode=imports/optimized/@streamerbot/client.js (83)
[0714/130222.936:INFO:CONSOLE(176)] "WebSocket connection to 'ws://127.0.0.1:8080/' failed: Error in connection establishment: net::ERR_CONNECTION_REFUSED", source: https://cdn.skypack.dev/-/@streamerbot/client@v1.12.2-9BnWw0CDQ2fH1klZ4JSh/dist=es2019,mode=imports/optimized/@streamerbot/client.js (176)
[0714/130222.936:INFO:CONSOLE(83)] "Failed to reconnect (attempt 63)", source: https://cdn.skypack.dev/-/@streamerbot/client@v1.12.2-9BnWw0CDQ2fH1klZ4JSh/dist=es2019,mode=imports/optimized/@streamerbot/client.js (83)
[0714/130254.974:INFO:CONSOLE(176)] "WebSocket connection to 'ws://127.0.0.1:8080/' failed: Error in connection establishment: net::ERR_CONNECTION_REFUSED", source: https://cdn.skypack.dev/-/@streamerbot/client@v1.12.2-9BnWw0CDQ2fH1klZ4JSh/dist=es2019,mode=imports/optimized/@streamerbot/client.js (176)
[0714/130254.974:INFO:CONSOLE(83)] "Failed to reconnect (attempt 64)", source: https://cdn.skypack.dev/-/@streamerbot/client@v1.12.2-9BnWw0CDQ2fH1klZ4JSh/dist=es2019,mode=imports/optimized/@streamerbot/client.js (83)
[0714/130327.015:INFO:CONSOLE(176)] "WebSocket connection to 'ws://127.0.0.1:8080/' failed: Error in connection establishment: net::ERR_CONNECTION_REFUSED", source: https://cdn.skypack.dev/-/@streamerbot/client@v1.12.2-9BnWw0CDQ2fH1klZ4JSh/dist=es2019,mode=imports/optimized/@streamerbot/client.js (176)
[0714/130327.015:INFO:CONSOLE(83)] "Failed to reconnect (attempt 65)", source: https://cdn.skypack.dev/-/@streamerbot/client@v1.12.2-9BnWw0CDQ2fH1klZ4JSh/dist=es2019,mode=imports/optimized/@streamerbot/client.js (83)
[0714/130359.048:INFO:CONSOLE(176)] "WebSocket connection to 'ws://127.0.0.1:8080/' failed: Error in connection establishment: net::ERR_CONNECTION_REFUSED", source: https://cdn.skypack.dev/-/@streamerbot/client@v1.12.2-9BnWw0CDQ2fH1klZ4JSh/dist=es2019,mode=imports/optimized/@streamerbot/client.js (176)
[0714/130359.049:INFO:CONSOLE(83)] "Failed to reconnect (attempt 66)", source: https://cdn.skypack.dev/-/@streamerbot/client@v1.12.2-9BnWw0CDQ2fH1klZ4JSh/dist=es2019,mode=imports/optimized/@streamerbot/client.js (83)
[0714/130431.099:INFO:CONSOLE(176)] "WebSocket connection to 'ws://127.0.0.1:8080/' failed: Error in connection establishment: net::ERR_CONNECTION_REFUSED", source: https://cdn.skypack.dev/-/@streamerbot/client@v1.12.2-9BnWw0CDQ2fH1klZ4JSh/dist=es2019,mode=imports/optimized/@streamerbot/client.js (176)
[0714/130431.099:INFO:CONSOLE(83)] "Failed to reconnect (attempt 67)", source: https://cdn.skypack.dev/-/@streamerbot/client@v1.12.2-9BnWw0CDQ2fH1klZ4JSh/dist=es2019,mode=imports/optimized/@streamerbot/client.js (83)
[0714/130503.142:INFO:CONSOLE(176)] "WebSocket connection to 'ws://127.0.0.1:8080/' failed: Error in connection establishment: net::ERR_CONNECTION_REFUSED", source: https://cdn.skypack.dev/-/@streamerbot/client@v1.12.2-9BnWw0CDQ2fH1klZ4JSh/dist=es2019,mode=imports/optimized/@streamerbot/client.js (176)
[0714/130503.143:INFO:CONSOLE(83)] "Failed to reconnect (attempt 68)", source: https://cdn.skypack.dev/-/@streamerbot/client@v1.12.2-9BnWw0CDQ2fH1klZ4JSh/dist=es2019,mode=imports/optimized/@streamerbot/client.js (83)
[0714/130535.164:INFO:CONSOLE(176)] "WebSocket connection to 'ws://127.0.0.1:8080/' failed: Error in connection establishment: net::ERR_CONNECTION_REFUSED", source: https://cdn.skypack.dev/-/@streamerbot/client@v1.12.2-9BnWw0CDQ2fH1klZ4JSh/dist=es2019,mode=imports/optimized/@streamerbot/client.js (176)
[0714/130535.164:INFO:CONSOLE(83)] "Failed to reconnect (attempt 69)", source: https://cdn.skypack.dev/-/@streamerbot/client@v1.12.2-9BnWw0CDQ2fH1klZ4JSh/dist=es2019,mode=imports/optimized/@streamerbot/client.js (83)
[0714/130607.201:INFO:CONSOLE(176)] "WebSocket connection to 'ws://127.0.0.1:8080/' failed: Error in connection establishment: net::ERR_CONNECTION_REFUSED", source: https://cdn.skypack.dev/-/@streamerbot/client@v1.12.2-9BnWw0CDQ2fH1klZ4JSh/dist=es2019,mode=imports/optimized/@streamerbot/client.js (176)
[0714/130607.201:INFO:CONSOLE(83)] "Failed to reconnect (attempt 70)", source: https://cdn.skypack.dev/-/@streamerbot/client@v1.12.2-9BnWw0CDQ2fH1klZ4JSh/dist=es2019,mode=imports/optimized/@streamerbot/client.js (83)
[0714/130639.251:INFO:CONSOLE(176)] "WebSocket connection to 'ws://127.0.0.1:8080/' failed: Error in connection establishment: net::ERR_CONNECTION_REFUSED", source: https://cdn.skypack.dev/-/@streamerbot/client@v1.12.2-9BnWw0CDQ2fH1klZ4JSh/dist=es2019,mode=imports/optimized/@streamerbot/client.js (176)
[0714/130639.251:INFO:CONSOLE(83)] "Failed to reconnect (attempt 71)", source: https://cdn.skypack.dev/-/@streamerbot/client@v1.12.2-9BnWw0CDQ2fH1klZ4JSh/dist=es2019,mode=imports/optimized/@streamerbot/client.js (83)
[0714/130711.283:INFO:CONSOLE(176)] "WebSocket connection to 'ws://127.0.0.1:8080/' failed: Error in connection establishment: net::ERR_CONNECTION_REFUSED", source: https://cdn.skypack.dev/-/@streamerbot/client@v1.12.2-9BnWw0CDQ2fH1klZ4JSh/dist=es2019,mode=imports/optimized/@streamerbot/client.js (176)
[0714/130711.283:INFO:CONSOLE(83)] "Failed to reconnect (attempt 72)", source: https://cdn.skypack.dev/-/@streamerbot/client@v1.12.2-9BnWw0CDQ2fH1klZ4JSh/dist=es2019,mode=imports/optimized/@streamerbot/client.js (83)
[0714/130743.325:INFO:CONSOLE(176)] "WebSocket connection to 'ws://127.0.0.1:8080/' failed: Error in connection establishment: net::ERR_CONNECTION_REFUSED", source: https://cdn.skypack.dev/-/@streamerbot/client@v1.12.2-9BnWw0CDQ2fH1klZ4JSh/dist=es2019,mode=imports/optimized/@streamerbot/client.js (176)
[0714/130743.325:INFO:CONSOLE(83)] "Failed to reconnect (attempt 73)", source: https://cdn.skypack.dev/-/@streamerbot/client@v1.12.2-9BnWw0CDQ2fH1klZ4JSh/dist=es2019,mode=imports/optimized/@streamerbot/client.js (83)
[0714/130815.367:INFO:CONSOLE(176)] "WebSocket connection to 'ws://127.0.0.1:8080/' failed: Error in connection establishment: net::ERR_CONNECTION_REFUSED", source: https://cdn.skypack.dev/-/@streamerbot/client@v1.12.2-9BnWw0CDQ2fH1klZ4JSh/dist=es2019,mode=imports/optimized/@streamerbot/client.js (176)
[0714/130815.367:INFO:CONSOLE(83)] "Failed to reconnect (attempt 74)", source: https://cdn.skypack.dev/-/@streamerbot/client@v1.12.2-9BnWw0CDQ2fH1klZ4JSh/dist=es2019,mode=imports/optimized/@streamerbot/client.js (83)
[0714/130847.395:INFO:CONSOLE(176)] "WebSocket connection to 'ws://127.0.0.1:8080/' failed: Error in connection establishment: net::ERR_CONNECTION_REFUSED", source: https://cdn.skypack.dev/-/@streamerbot/client@v1.12.2-9BnWw0CDQ2fH1klZ4JSh/dist=es2019,mode=imports/optimized/@streamerbot/client.js (176)
[0714/130847.395:INFO:CONSOLE(83)] "Failed to reconnect (attempt 75)", source: https://cdn.skypack.dev/-/@streamerbot/client@v1.12.2-9BnWw0CDQ2fH1klZ4JSh/dist=es2019,mode=imports/optimized/@streamerbot/client.js (83)
[0714/130919.441:INFO:CONSOLE(176)] "WebSocket connection to 'ws://127.0.0.1:8080/' failed: Error in connection establishment: net::ERR_CONNECTION_REFUSED", source: https://cdn.skypack.dev/-/@streamerbot/client@v1.12.2-9BnWw0CDQ2fH1klZ4JSh/dist=es2019,mode=imports/optimized/@streamerbot/client.js (176)
[0714/130919.441:INFO:CONSOLE(83)] "Failed to reconnect (attempt 76)", source: https://cdn.skypack.dev/-/@streamerbot/client@v1.12.2-9BnWw0CDQ2fH1klZ4JSh/dist=es2019,mode=imports/optimized/@streamerbot/client.js (83)
[0714/130951.483:INFO:CONSOLE(176)] "WebSocket connection to 'ws://127.0.0.1:8080/' failed: Error in connection establishment: net::ERR_CONNECTION_REFUSED", source: https://cdn.skypack.dev/-/@streamerbot/client@v1.12.2-9BnWw0CDQ2fH1klZ4JSh/dist=es2019,mode=imports/optimized/@streamerbot/client.js (176)
[0714/130951.483:INFO:CONSOLE(83)] "Failed to reconnect (attempt 77)", source: https://cdn.skypack.dev/-/@streamerbot/client@v1.12.2-9BnWw0CDQ2fH1klZ4JSh/dist=es2019,mode=imports/optimized/@streamerbot/client.js (83)
[0714/131023.540:INFO:CONSOLE(176)] "WebSocket connection to 'ws://127.0.0.1:8080/' failed: Error in connection establishment: net::ERR_CONNECTION_REFUSED", source: https://cdn.skypack.dev/-/@streamerbot/client@v1.12.2-9BnWw0CDQ2fH1klZ4JSh/dist=es2019,mode=imports/optimized/@streamerbot/client.js (176)
[0714/131023.540:INFO:CONSOLE(83)] "Failed to reconnect (attempt 78)", source: https://cdn.skypack.dev/-/@streamerbot/client@v1.12.2-9BnWw0CDQ2fH1klZ4JSh/dist=es2019,mode=imports/optimized/@streamerbot/client.js (83)
[0714/131055.580:INFO:CONSOLE(176)] "WebSocket connection to 'ws://127.0.0.1:8080/' failed: Error in connection establishment: net::ERR_CONNECTION_REFUSED", source: https://cdn.skypack.dev/-/@streamerbot/client@v1.12.2-9BnWw0CDQ2fH1klZ4JSh/dist=es2019,mode=imports/optimized/@streamerbot/client.js (176)
[0714/131055.580:INFO:CONSOLE(83)] "Failed to reconnect (attempt 79)", source: https://cdn.skypack.dev/-/@streamerbot/client@v1.12.2-9BnWw0CDQ2fH1klZ4JSh/dist=es2019,mode=imports/optimized/@streamerbot/client.js (83)
[0714/131127.626:INFO:CONSOLE(176)] "WebSocket connection to 'ws://127.0.0.1:8080/' failed: Error in connection establishment: net::ERR_CONNECTION_REFUSED", source: https://cdn.skypack.dev/-/@streamerbot/client@v1.12.2-9BnWw0CDQ2fH1klZ4JSh/dist=es2019,mode=imports/optimized/@streamerbot/client.js (176)
[0714/131127.626:INFO:CONSOLE(83)] "Failed to reconnect (attempt 80)", source: https://cdn.skypack.dev/-/@streamerbot/client@v1.12.2-9BnWw0CDQ2fH1klZ4JSh/dist=es2019,mode=imports/optimized/@streamerbot/client.js (83)
[0714/131159.674:INFO:CONSOLE(176)] "WebSocket connection to 'ws://127.0.0.1:8080/' failed: Error in connection establishment: net::ERR_CONNECTION_REFUSED", source: https://cdn.skypack.dev/-/@streamerbot/client@v1.12.2-9BnWw0CDQ2fH1klZ4JSh/dist=es2019,mode=imports/optimized/@streamerbot/client.js (176)
[0714/131159.674:INFO:CONSOLE(83)] "Failed to reconnect (attempt 81)", source: https://cdn.skypack.dev/-/@streamerbot/client@v1.12.2-9BnWw0CDQ2fH1klZ4JSh/dist=es2019,mode=imports/optimized/@streamerbot/client.js (83)
[0714/131231.723:INFO:CONSOLE(176)] "WebSocket connection to 'ws://127.0.0.1:8080/' failed: Error in connection establishment: net::ERR_CONNECTION_REFUSED", source: https://cdn.skypack.dev/-/@streamerbot/client@v1.12.2-9BnWw0CDQ2fH1klZ4JSh/dist=es2019,mode=imports/optimized/@streamerbot/client.js (176)
[0714/131231.723:INFO:CONSOLE(83)] "Failed to reconnect (attempt 82)", source: https://cdn.skypack.dev/-/@streamerbot/client@v1.12.2-9BnWw0CDQ2fH1klZ4JSh/dist=es2019,mode=imports/optimized/@streamerbot/client.js (83)
[0714/131303.740:INFO:CONSOLE(176)] "WebSocket connection to 'ws://127.0.0.1:8080/' failed: Error in connection establishment: net::ERR_CONNECTION_REFUSED", source: https://cdn.skypack.dev/-/@streamerbot/client@v1.12.2-9BnWw0CDQ2fH1klZ4JSh/dist=es2019,mode=imports/optimized/@streamerbot/client.js (176)
[0714/131303.740:INFO:CONSOLE(83)] "Failed to reconnect (attempt 83)", source: https://cdn.skypack.dev/-/@streamerbot/client@v1.12.2-9BnWw0CDQ2fH1klZ4JSh/dist=es2019,mode=imports/optimized/@streamerbot/client.js (83)
[0714/131335.778:INFO:CONSOLE(176)] "WebSocket connection to 'ws://127.0.0.1:8080/' failed: Error in connection establishment: net::ERR_CONNECTION_REFUSED", source: https://cdn.skypack.dev/-/@streamerbot/client@v1.12.2-9BnWw0CDQ2fH1klZ4JSh/dist=es2019,mode=imports/optimized/@streamerbot/client.js (176)
[0714/131335.778:INFO:CONSOLE(83)] "Failed to reconnect (attempt 84)", source: https://cdn.skypack.dev/-/@streamerbot/client@v1.12.2-9BnWw0CDQ2fH1klZ4JSh/dist=es2019,mode=imports/optimized/@streamerbot/client.js (83)
[0714/131407.814:INFO:CONSOLE(176)] "WebSocket connection to 'ws://127.0.0.1:8080/' failed: Error in connection establishment: net::ERR_CONNECTION_REFUSED", source: https://cdn.skypack.dev/-/@streamerbot/client@v1.12.2-9BnWw0CDQ2fH1klZ4JSh/dist=es2019,mode=imports/optimized/@streamerbot/client.js (176)
[0714/131407.814:INFO:CONSOLE(83)] "Failed to reconnect (attempt 85)", source: https://cdn.skypack.dev/-/@streamerbot/client@v1.12.2-9BnWw0CDQ2fH1klZ4JSh/dist=es2019,mode=imports/optimized/@streamerbot/client.js (83)
[0714/131439.849:INFO:CONSOLE(176)] "WebSocket connection to 'ws://127.0.0.1:8080/' failed: Error in connection establishment: net::ERR_CONNECTION_REFUSED", source: https://cdn.skypack.dev/-/@streamerbot/client@v1.12.2-9BnWw0CDQ2fH1klZ4JSh/dist=es2019,mode=imports/optimized/@streamerbot/client.js (176)
[0714/131439.851:INFO:CONSOLE(83)] "Failed to reconnect (attempt 86)", source: https://cdn.skypack.dev/-/@streamerbot/client@v1.12.2-9BnWw0CDQ2fH1klZ4JSh/dist=es2019,mode=imports/optimized/@streamerbot/client.js (83)
[0714/131511.897:INFO:CONSOLE(176)] "WebSocket connection to 'ws://127.0.0.1:8080/' failed: Error in connection establishment: net::ERR_CONNECTION_REFUSED", source: https://cdn.skypack.dev/-/@streamerbot/client@v1.12.2-9BnWw0CDQ2fH1klZ4JSh/dist=es2019,mode=imports/optimized/@streamerbot/client.js (176)
[0714/131511.897:INFO:CONSOLE(83)] "Failed to reconnect (attempt 87)", source: https://cdn.skypack.dev/-/@streamerbot/client@v1.12.2-9BnWw0CDQ2fH1klZ4JSh/dist=es2019,mode=imports/optimized/@streamerbot/client.js (83)
[0714/131543.931:INFO:CONSOLE(176)] "WebSocket connection to 'ws://127.0.0.1:8080/' failed: Error in connection establishment: net::ERR_CONNECTION_REFUSED", source: https://cdn.skypack.dev/-/@streamerbot/client@v1.12.2-9BnWw0CDQ2fH1klZ4JSh/dist=es2019,mode=imports/optimized/@streamerbot/client.js (176)
[0714/131543.931:INFO:CONSOLE(83)] "Failed to reconnect (attempt 88)", source: https://cdn.skypack.dev/-/@streamerbot/client@v1.12.2-9BnWw0CDQ2fH1klZ4JSh/dist=es2019,mode=imports/optimized/@streamerbot/client.js (83)
[0714/131615.981:INFO:CONSOLE(176)] "WebSocket connection to 'ws://127.0.0.1:8080/' failed: Error in connection establishment: net::ERR_CONNECTION_REFUSED", source: https://cdn.skypack.dev/-/@streamerbot/client@v1.12.2-9BnWw0CDQ2fH1klZ4JSh/dist=es2019,mode=imports/optimized/@streamerbot/client.js (176)
[0714/131615.981:INFO:CONSOLE(83)] "Failed to reconnect (attempt 89)", source: https://cdn.skypack.dev/-/@streamerbot/client@v1.12.2-9BnWw0CDQ2fH1klZ4JSh/dist=es2019,mode=imports/optimized/@streamerbot/client.js (83)
[0714/131648.023:INFO:CONSOLE(176)] "WebSocket connection to 'ws://127.0.0.1:8080/' failed: Error in connection establishment: net::ERR_CONNECTION_REFUSED", source: https://cdn.skypack.dev/-/@streamerbot/client@v1.12.2-9BnWw0CDQ2fH1klZ4JSh/dist=es2019,mode=imports/optimized/@streamerbot/client.js (176)
[0714/131648.023:INFO:CONSOLE(83)] "Failed to reconnect (attempt 90)", source: https://cdn.skypack.dev/-/@streamerbot/client@v1.12.2-9BnWw0CDQ2fH1klZ4JSh/dist=es2019,mode=imports/optimized/@streamerbot/client.js (83)
[0714/131720.076:INFO:CONSOLE(176)] "WebSocket connection to 'ws://127.0.0.1:8080/' failed: Error in connection establishment: net::ERR_CONNECTION_REFUSED", source: https://cdn.skypack.dev/-/@streamerbot/client@v1.12.2-9BnWw0CDQ2fH1klZ4JSh/dist=es2019,mode=imports/optimized/@streamerbot/client.js (176)
[0714/131720.076:INFO:CONSOLE(83)] "Failed to reconnect (attempt 91)", source: https://cdn.skypack.dev/-/@streamerbot/client@v1.12.2-9BnWw0CDQ2fH1klZ4JSh/dist=es2019,mode=imports/optimized/@streamerbot/client.js (83)
[0714/131752.124:INFO:CONSOLE(176)] "WebSocket connection to 'ws://127.0.0.1:8080/' failed: Error in connection establishment: net::ERR_CONNECTION_REFUSED", source: https://cdn.skypack.dev/-/@streamerbot/client@v1.12.2-9BnWw0CDQ2fH1klZ4JSh/dist=es2019,mode=imports/optimized/@streamerbot/client.js (176)
[0714/131752.124:INFO:CONSOLE(83)] "Failed to reconnect (attempt 92)", source: https://cdn.skypack.dev/-/@streamerbot/client@v1.12.2-9BnWw0CDQ2fH1klZ4JSh/dist=es2019,mode=imports/optimized/@streamerbot/client.js (83)
[0714/131824.179:INFO:CONSOLE(176)] "WebSocket connection to 'ws://127.0.0.1:8080/' failed: Error in connection establishment: net::ERR_CONNECTION_REFUSED", source: https://cdn.skypack.dev/-/@streamerbot/client@v1.12.2-9BnWw0CDQ2fH1klZ4JSh/dist=es2019,mode=imports/optimized/@streamerbot/client.js (176)
[0714/131824.179:INFO:CONSOLE(83)] "Failed to reconnect (attempt 93)", source: https://cdn.skypack.dev/-/@streamerbot/client@v1.12.2-9BnWw0CDQ2fH1klZ4JSh/dist=es2019,mode=imports/optimized/@streamerbot/client.js (83)
[0714/131856.227:INFO:CONSOLE(176)] "WebSocket connection to 'ws://127.0.0.1:8080/' failed: Error in connection establishment: net::ERR_CONNECTION_REFUSED", source: https://cdn.skypack.dev/-/@streamerbot/client@v1.12.2-9BnWw0CDQ2fH1klZ4JSh/dist=es2019,mode=imports/optimized/@streamerbot/client.js (176)
[0714/131856.227:INFO:CONSOLE(83)] "Failed to reconnect (attempt 94)", source: https://cdn.skypack.dev/-/@streamerbot/client@v1.12.2-9BnWw0CDQ2fH1klZ4JSh/dist=es2019,mode=imports/optimized/@streamerbot/client.js (83)
[0714/131928.275:INFO:CONSOLE(176)] "WebSocket connection to 'ws://127.0.0.1:8080/' failed: Error in connection establishment: net::ERR_CONNECTION_REFUSED", source: https://cdn.skypack.dev/-/@streamerbot/client@v1.12.2-9BnWw0CDQ2fH1klZ4JSh/dist=es2019,mode=imports/optimized/@streamerbot/client.js (176)
[0714/131928.275:INFO:CONSOLE(83)] "Failed to reconnect (attempt 95)", source: https://cdn.skypack.dev/-/@streamerbot/client@v1.12.2-9BnWw0CDQ2fH1klZ4JSh/dist=es2019,mode=imports/optimized/@streamerbot/client.js (83)
[0714/132000.326:INFO:CONSOLE(176)] "WebSocket connection to 'ws://127.0.0.1:8080/' failed: Error in connection establishment: net::ERR_CONNECTION_REFUSED", source: https://cdn.skypack.dev/-/@streamerbot/client@v1.12.2-9BnWw0CDQ2fH1klZ4JSh/dist=es2019,mode=imports/optimized/@streamerbot/client.js (176)
[0714/132000.326:INFO:CONSOLE(83)] "Failed to reconnect (attempt 96)", source: https://cdn.skypack.dev/-/@streamerbot/client@v1.12.2-9BnWw0CDQ2fH1klZ4JSh/dist=es2019,mode=imports/optimized/@streamerbot/client.js (83)
[0714/132032.364:INFO:CONSOLE(176)] "WebSocket connection to 'ws://127.0.0.1:8080/' failed: Error in connection establishment: net::ERR_CONNECTION_REFUSED", source: https://cdn.skypack.dev/-/@streamerbot/client@v1.12.2-9BnWw0CDQ2fH1klZ4JSh/dist=es2019,mode=imports/optimized/@streamerbot/client.js (176)
[0714/132032.364:INFO:CONSOLE(83)] "Failed to reconnect (attempt 97)", source: https://cdn.skypack.dev/-/@streamerbot/client@v1.12.2-9BnWw0CDQ2fH1klZ4JSh/dist=es2019,mode=imports/optimized/@streamerbot/client.js (83)
[0714/132104.421:INFO:CONSOLE(176)] "WebSocket connection to 'ws://127.0.0.1:8080/' failed: Error in connection establishment: net::ERR_CONNECTION_REFUSED", source: https://cdn.skypack.dev/-/@streamerbot/client@v1.12.2-9BnWw0CDQ2fH1klZ4JSh/dist=es2019,mode=imports/optimized/@streamerbot/client.js (176)
[0714/132104.421:INFO:CONSOLE(83)] "Failed to reconnect (attempt 98)", source: https://cdn.skypack.dev/-/@streamerbot/client@v1.12.2-9BnWw0CDQ2fH1klZ4JSh/dist=es2019,mode=imports/optimized/@streamerbot/client.js (83)
[0714/132136.475:INFO:CONSOLE(176)] "WebSocket connection to 'ws://127.0.0.1:8080/' failed: Error in connection establishment: net::ERR_CONNECTION_REFUSED", source: https://cdn.skypack.dev/-/@streamerbot/client@v1.12.2-9BnWw0CDQ2fH1klZ4JSh/dist=es2019,mode=imports/optimized/@streamerbot/client.js (176)
[0714/132136.475:INFO:CONSOLE(83)] "Failed to reconnect (attempt 99)", source: https://cdn.skypack.dev/-/@streamerbot/client@v1.12.2-9BnWw0CDQ2fH1klZ4JSh/dist=es2019,mode=imports/optimized/@streamerbot/client.js (83)
[0714/132208.526:INFO:CONSOLE(176)] "WebSocket connection to 'ws://127.0.0.1:8080/' failed: Error in connection establishment: net::ERR_CONNECTION_REFUSED", source: https://cdn.skypack.dev/-/@streamerbot/client@v1.12.2-9BnWw0CDQ2fH1klZ4JSh/dist=es2019,mode=imports/optimized/@streamerbot/client.js (176)
[0714/132208.526:INFO:CONSOLE(83)] "Failed to reconnect (attempt 100)", source: https://cdn.skypack.dev/-/@streamerbot/client@v1.12.2-9BnWw0CDQ2fH1klZ4JSh/dist=es2019,mode=imports/optimized/@streamerbot/client.js (83)
[0714/132240.564:INFO:CONSOLE(176)] "WebSocket connection to 'ws://127.0.0.1:8080/' failed: Error in connection establishment: net::ERR_CONNECTION_REFUSED", source: https://cdn.skypack.dev/-/@streamerbot/client@v1.12.2-9BnWw0CDQ2fH1klZ4JSh/dist=es2019,mode=imports/optimized/@streamerbot/client.js (176)
[0714/132240.564:INFO:CONSOLE(83)] "Failed to reconnect (attempt 101)", source: https://cdn.skypack.dev/-/@streamerbot/client@v1.12.2-9BnWw0CDQ2fH1klZ4JSh/dist=es2019,mode=imports/optimized/@streamerbot/client.js (83)
[0714/132312.610:INFO:CONSOLE(176)] "WebSocket connection to 'ws://127.0.0.1:8080/' failed: Error in connection establishment: net::ERR_CONNECTION_REFUSED", source: https://cdn.skypack.dev/-/@streamerbot/client@v1.12.2-9BnWw0CDQ2fH1klZ4JSh/dist=es2019,mode=imports/optimized/@streamerbot/client.js (176)
[0714/132312.610:INFO:CONSOLE(83)] "Failed to reconnect (attempt 102)", source: https://cdn.skypack.dev/-/@streamerbot/client@v1.12.2-9BnWw0CDQ2fH1klZ4JSh/dist=es2019,mode=imports/optimized/@streamerbot/client.js (83)
[0714/132344.658:INFO:CONSOLE(176)] "WebSocket connection to 'ws://127.0.0.1:8080/' failed: Error in connection establishment: net::ERR_CONNECTION_REFUSED", source: https://cdn.skypack.dev/-/@streamerbot/client@v1.12.2-9BnWw0CDQ2fH1klZ4JSh/dist=es2019,mode=imports/optimized/@streamerbot/client.js (176)
[0714/132344.658:INFO:CONSOLE(83)] "Failed to reconnect (attempt 103)", source: https://cdn.skypack.dev/-/@streamerbot/client@v1.12.2-9BnWw0CDQ2fH1klZ4JSh/dist=es2019,mode=imports/optimized/@streamerbot/client.js (83)
[0714/132416.703:INFO:CONSOLE(176)] "WebSocket connection to 'ws://127.0.0.1:8080/' failed: Error in connection establishment: net::ERR_CONNECTION_REFUSED", source: https://cdn.skypack.dev/-/@streamerbot/client@v1.12.2-9BnWw0CDQ2fH1klZ4JSh/dist=es2019,mode=imports/optimized/@streamerbot/client.js (176)
[0714/132416.703:INFO:CONSOLE(83)] "Failed to reconnect (attempt 104)", source: https://cdn.skypack.dev/-/@streamerbot/client@v1.12.2-9BnWw0CDQ2fH1klZ4JSh/dist=es2019,mode=imports/optimized/@streamerbot/client.js (83)
[0714/132448.747:INFO:CONSOLE(176)] "WebSocket connection to 'ws://127.0.0.1:8080/' failed: Error in connection establishment: net::ERR_CONNECTION_REFUSED", source: https://cdn.skypack.dev/-/@streamerbot/client@v1.12.2-9BnWw0CDQ2fH1klZ4JSh/dist=es2019,mode=imports/optimized/@streamerbot/client.js (176)
[0714/132448.749:INFO:CONSOLE(83)] "Failed to reconnect (attempt 105)", source: https://cdn.skypack.dev/-/@streamerbot/client@v1.12.2-9BnWw0CDQ2fH1klZ4JSh/dist=es2019,mode=imports/optimized/@streamerbot/client.js (83)
[0714/132520.791:INFO:CONSOLE(176)] "WebSocket connection to 'ws://127.0.0.1:8080/' failed: Error in connection establishment: net::ERR_CONNECTION_REFUSED", source: https://cdn.skypack.dev/-/@streamerbot/client@v1.12.2-9BnWw0CDQ2fH1klZ4JSh/dist=es2019,mode=imports/optimized/@streamerbot/client.js (176)
[0714/132520.791:INFO:CONSOLE(83)] "Failed to reconnect (attempt 106)", source: https://cdn.skypack.dev/-/@streamerbot/client@v1.12.2-9BnWw0CDQ2fH1klZ4JSh/dist=es2019,mode=imports/optimized/@streamerbot/client.js (83)
[0714/132552.845:INFO:CONSOLE(176)] "WebSocket connection to 'ws://127.0.0.1:8080/' failed: Error in connection establishment: net::ERR_CONNECTION_REFUSED", source: https://cdn.skypack.dev/-/@streamerbot/client@v1.12.2-9BnWw0CDQ2fH1klZ4JSh/dist=es2019,mode=imports/optimized/@streamerbot/client.js (176)
[0714/132552.845:INFO:CONSOLE(83)] "Failed to reconnect (attempt 107)", source: https://cdn.skypack.dev/-/@streamerbot/client@v1.12.2-9BnWw0CDQ2fH1klZ4JSh/dist=es2019,mode=imports/optimized/@streamerbot/client.js (83)
[0714/132624.887:INFO:CONSOLE(176)] "WebSocket connection to 'ws://127.0.0.1:8080/' failed: Error in connection establishment: net::ERR_CONNECTION_REFUSED", source: https://cdn.skypack.dev/-/@streamerbot/client@v1.12.2-9BnWw0CDQ2fH1klZ4JSh/dist=es2019,mode=imports/optimized/@streamerbot/client.js (176)
[0714/132624.887:INFO:CONSOLE(83)] "Failed to reconnect (attempt 108)", source: https://cdn.skypack.dev/-/@streamerbot/client@v1.12.2-9BnWw0CDQ2fH1klZ4JSh/dist=es2019,mode=imports/optimized/@streamerbot/client.js (83)
[0714/132656.933:INFO:CONSOLE(176)] "WebSocket connection to 'ws://127.0.0.1:8080/' failed: Error in connection establishment: net::ERR_CONNECTION_REFUSED", source: https://cdn.skypack.dev/-/@streamerbot/client@v1.12.2-9BnWw0CDQ2fH1klZ4JSh/dist=es2019,mode=imports/optimized/@streamerbot/client.js (176)
[0714/132656.933:INFO:CONSOLE(83)] "Failed to reconnect (attempt 109)", source: https://cdn.skypack.dev/-/@streamerbot/client@v1.12.2-9BnWw0CDQ2fH1klZ4JSh/dist=es2019,mode=imports/optimized/@streamerbot/client.js (83)
[0714/132731.626:INFO:CONSOLE(59)] "[reward-notifications] script loaded", source: http://localhost:58815/reward-notifications.js (59)
[0714/132731.627:INFO:CONSOLE(86)] "[reward-notifications] listener attached", source: http://localhost:58815/reward-notifications.js (86)
[0714/135051.072:ERROR:browser_process_sub_thread.cc(221)] Waited 11 ms for network service
[0714/140316.422:INFO:CONSOLE(14)] "emotes: 3", source: http://localhost:58815/emote-rain.js (14)
[0714/140316.422:INFO:CONSOLE(19)] "https://static-cdn.jtvnw.net/emoticons/v2/160402/default/dark/2.0", source: http://localhost:58815/emote-rain.js (19)
[0714/140316.422:INFO:CONSOLE(19)] "https://static-cdn.jtvnw.net/emoticons/v2/160402/default/dark/2.0", source: http://localhost:58815/emote-rain.js (19)
[0714/140316.422:INFO:CONSOLE(19)] "https://static-cdn.jtvnw.net/emoticons/v2/160402/default/dark/2.0", source: http://localhost:58815/emote-rain.js (19)
[0714/140350.103:INFO:CONSOLE(14)] "emotes: 0", source: http://localhost:58815/emote-rain.js (14)
[0714/140423.584:INFO:CONSOLE(14)] "emotes: 0", source: http://localhost:58815/emote-rain.js (14)
[0714/152640.860:INFO:CONSOLE(176)] "WebSocket connection to 'ws://127.0.0.1:8080/' failed: Error in connection establishment: net::ERR_CONNECTION_REFUSED", source: https://cdn.skypack.dev/-/@streamerbot/client@v1.12.2-9BnWw0CDQ2fH1klZ4JSh/dist=es2019,mode=imports/optimized/@streamerbot/client.js (176)
[0714/152640.863:INFO:CONSOLE(83)] "Failed to reconnect (attempt 1)", source: https://cdn.skypack.dev/-/@streamerbot/client@v1.12.2-9BnWw0CDQ2fH1klZ4JSh/dist=es2019,mode=imports/optimized/@streamerbot/client.js (83)
[0714/152644.911:INFO:CONSOLE(176)] "WebSocket connection to 'ws://127.0.0.1:8080/' failed: Error in connection establishment: net::ERR_CONNECTION_REFUSED", source: https://cdn.skypack.dev/-/@streamerbot/client@v1.12.2-9BnWw0CDQ2fH1klZ4JSh/dist=es2019,mode=imports/optimized/@streamerbot/client.js (176)
[0714/152644.912:INFO:CONSOLE(83)] "Failed to reconnect (attempt 2)", source: https://cdn.skypack.dev/-/@streamerbot/client@v1.12.2-9BnWw0CDQ2fH1klZ4JSh/dist=es2019,mode=imports/optimized/@streamerbot/client.js (83)
[0714/152649.960:INFO:CONSOLE(176)] "WebSocket connection to 'ws://127.0.0.1:8080/' failed: Error in connection establishment: net::ERR_CONNECTION_REFUSED", source: https://cdn.skypack.dev/-/@streamerbot/client@v1.12.2-9BnWw0CDQ2fH1klZ4JSh/dist=es2019,mode=imports/optimized/@streamerbot/client.js (176)
[0714/152649.960:INFO:CONSOLE(83)] "Failed to reconnect (attempt 3)", source: https://cdn.skypack.dev/-/@streamerbot/client@v1.12.2-9BnWw0CDQ2fH1klZ4JSh/dist=es2019,mode=imports/optimized/@streamerbot/client.js (83)
[0714/152656.010:INFO:CONSOLE(176)] "WebSocket connection to 'ws://127.0.0.1:8080/' failed: Error in connection establishment: net::ERR_CONNECTION_REFUSED", source: https://cdn.skypack.dev/-/@streamerbot/client@v1.12.2-9BnWw0CDQ2fH1klZ4JSh/dist=es2019,mode=imports/optimized/@streamerbot/client.js (176)
[0714/152656.010:INFO:CONSOLE(83)] "Failed to reconnect (attempt 4)", source: https://cdn.skypack.dev/-/@streamerbot/client@v1.12.2-9BnWw0CDQ2fH1klZ4JSh/dist=es2019,mode=imports/optimized/@streamerbot/client.js (83)
[0714/152703.065:INFO:CONSOLE(176)] "WebSocket connection to 'ws://127.0.0.1:8080/' failed: Error in connection establishment: net::ERR_CONNECTION_REFUSED", source: https://cdn.skypack.dev/-/@streamerbot/client@v1.12.2-9BnWw0CDQ2fH1klZ4JSh/dist=es2019,mode=imports/optimized/@streamerbot/client.js (176)
[0714/152703.065:INFO:CONSOLE(83)] "Failed to reconnect (attempt 5)", source: https://cdn.skypack.dev/-/@streamerbot/client@v1.12.2-9BnWw0CDQ2fH1klZ4JSh/dist=es2019,mode=imports/optimized/@streamerbot/client.js (83)
[0714/152711.103:INFO:CONSOLE(176)] "WebSocket connection to 'ws://127.0.0.1:8080/' failed: Error in connection establishment: net::ERR_CONNECTION_REFUSED", source: https://cdn.skypack.dev/-/@streamerbot/client@v1.12.2-9BnWw0CDQ2fH1klZ4JSh/dist=es2019,mode=imports/optimized/@streamerbot/client.js (176)
[0714/152711.103:INFO:CONSOLE(83)] "Failed to reconnect (attempt 6)", source: https://cdn.skypack.dev/-/@streamerbot/client@v1.12.2-9BnWw0CDQ2fH1klZ4JSh/dist=es2019,mode=imports/optimized/@streamerbot/client.js (83)
[0714/152720.154:INFO:CONSOLE(176)] "WebSocket connection to 'ws://127.0.0.1:8080/' failed: Error in connection establishment: net::ERR_CONNECTION_REFUSED", source: https://cdn.skypack.dev/-/@streamerbot/client@v1.12.2-9BnWw0CDQ2fH1klZ4JSh/dist=es2019,mode=imports/optimized/@streamerbot/client.js (176)
[0714/152720.154:INFO:CONSOLE(83)] "Failed to reconnect (attempt 7)", source: https://cdn.skypack.dev/-/@streamerbot/client@v1.12.2-9BnWw0CDQ2fH1klZ4JSh/dist=es2019,mode=imports/optimized/@streamerbot/client.js (83)
[0714/152730.216:INFO:CONSOLE(176)] "WebSocket connection to 'ws://127.0.0.1:8080/' failed: Error in connection establishment: net::ERR_CONNECTION_REFUSED", source: https://cdn.skypack.dev/-/@streamerbot/client@v1.12.2-9BnWw0CDQ2fH1klZ4JSh/dist=es2019,mode=imports/optimized/@streamerbot/client.js (176)
[0714/152730.219:INFO:CONSOLE(83)] "Failed to reconnect (attempt 8)", source: https://cdn.skypack.dev/-/@streamerbot/client@v1.12.2-9BnWw0CDQ2fH1klZ4JSh/dist=es2019,mode=imports/optimized/@streamerbot/client.js (83)
[0714/152741.275:INFO:CONSOLE(176)] "WebSocket connection to 'ws://127.0.0.1:8080/' failed: Error in connection establishment: net::ERR_CONNECTION_REFUSED", source: https://cdn.skypack.dev/-/@streamerbot/client@v1.12.2-9BnWw0CDQ2fH1klZ4JSh/dist=es2019,mode=imports/optimized/@streamerbot/client.js (176)
[0714/152741.275:INFO:CONSOLE(83)] "Failed to reconnect (attempt 9)", source: https://cdn.skypack.dev/-/@streamerbot/client@v1.12.2-9BnWw0CDQ2fH1klZ4JSh/dist=es2019,mode=imports/optimized/@streamerbot/client.js (83)
[0714/152753.331:INFO:CONSOLE(176)] "WebSocket connection to 'ws://127.0.0.1:8080/' failed: Error in connection establishment: net::ERR_CONNECTION_REFUSED", source: https://cdn.skypack.dev/-/@streamerbot/client@v1.12.2-9BnWw0CDQ2fH1klZ4JSh/dist=es2019,mode=imports/optimized/@streamerbot/client.js (176)
[0714/152753.332:INFO:CONSOLE(83)] "Failed to reconnect (attempt 10)", source: https://cdn.skypack.dev/-/@streamerbot/client@v1.12.2-9BnWw0CDQ2fH1klZ4JSh/dist=es2019,mode=imports/optimized/@streamerbot/client.js (83)
[0714/152806.418:INFO:CONSOLE(176)] "WebSocket connection to 'ws://127.0.0.1:8080/' failed: Error in connection establishment: net::ERR_CONNECTION_REFUSED", source: https://cdn.skypack.dev/-/@streamerbot/client@v1.12.2-9BnWw0CDQ2fH1klZ4JSh/dist=es2019,mode=imports/optimized/@streamerbot/client.js (176)
[0714/152806.419:INFO:CONSOLE(83)] "Failed to reconnect (attempt 11)", source: https://cdn.skypack.dev/-/@streamerbot/client@v1.12.2-9BnWw0CDQ2fH1klZ4JSh/dist=es2019,mode=imports/optimized/@streamerbot/client.js (83)
[0714/152820.588:INFO:CONSOLE(176)] "WebSocket connection to 'ws://127.0.0.1:8080/' failed: Error in connection establishment: net::ERR_CONNECTION_REFUSED", source: https://cdn.skypack.dev/-/@streamerbot/client@v1.12.2-9BnWw0CDQ2fH1klZ4JSh/dist=es2019,mode=imports/optimized/@streamerbot/client.js (176)
[0714/152820.588:INFO:CONSOLE(83)] "Failed to reconnect (attempt 12)", source: https://cdn.skypack.dev/-/@streamerbot/client@v1.12.2-9BnWw0CDQ2fH1klZ4JSh/dist=es2019,mode=imports/optimized/@streamerbot/client.js (83)
[0714/152835.784:INFO:CONSOLE(176)] "WebSocket connection to 'ws://127.0.0.1:8080/' failed: Error in connection establishment: net::ERR_CONNECTION_REFUSED", source: https://cdn.skypack.dev/-/@streamerbot/client@v1.12.2-9BnWw0CDQ2fH1klZ4JSh/dist=es2019,mode=imports/optimized/@streamerbot/client.js (176)
[0714/152835.784:INFO:CONSOLE(83)] "Failed to reconnect (attempt 13)", source: https://cdn.skypack.dev/-/@streamerbot/client@v1.12.2-9BnWw0CDQ2fH1klZ4JSh/dist=es2019,mode=imports/optimized/@streamerbot/client.js (83)
[0714/152851.826:INFO:CONSOLE(176)] "WebSocket connection to 'ws://127.0.0.1:8080/' failed: Error in connection establishment: net::ERR_CONNECTION_REFUSED", source: https://cdn.skypack.dev/-/@streamerbot/client@v1.12.2-9BnWw0CDQ2fH1klZ4JSh/dist=es2019,mode=imports/optimized/@streamerbot/client.js (176)
[0714/152851.826:INFO:CONSOLE(83)] "Failed to reconnect (attempt 14)", source: https://cdn.skypack.dev/-/@streamerbot/client@v1.12.2-9BnWw0CDQ2fH1klZ4JSh/dist=es2019,mode=imports/optimized/@streamerbot/client.js (83)
[0714/152908.872:INFO:CONSOLE(176)] "WebSocket connection to 'ws://127.0.0.1:8080/' failed: Error in connection establishment: net::ERR_CONNECTION_REFUSED", source: https://cdn.skypack.dev/-/@streamerbot/client@v1.12.2-9BnWw0CDQ2fH1klZ4JSh/dist=es2019,mode=imports/optimized/@streamerbot/client.js (176)
[0714/152908.872:INFO:CONSOLE(83)] "Failed to reconnect (attempt 15)", source: https://cdn.skypack.dev/-/@streamerbot/client@v1.12.2-9BnWw0CDQ2fH1klZ4JSh/dist=es2019,mode=imports/optimized/@streamerbot/client.js (83)
[0714/152926.912:INFO:CONSOLE(176)] "WebSocket connection to 'ws://127.0.0.1:8080/' failed: Error in connection establishment: net::ERR_CONNECTION_REFUSED", source: https://cdn.skypack.dev/-/@streamerbot/client@v1.12.2-9BnWw0CDQ2fH1klZ4JSh/dist=es2019,mode=imports/optimized/@streamerbot/client.js (176)
[0714/152926.912:INFO:CONSOLE(83)] "Failed to reconnect (attempt 16)", source: https://cdn.skypack.dev/-/@streamerbot/client@v1.12.2-9BnWw0CDQ2fH1klZ4JSh/dist=es2019,mode=imports/optimized/@streamerbot/client.js (83)
[0714/152945.964:INFO:CONSOLE(176)] "WebSocket connection to 'ws://127.0.0.1:8080/' failed: Error in connection establishment: net::ERR_CONNECTION_REFUSED", source: https://cdn.skypack.dev/-/@streamerbot/client@v1.12.2-9BnWw0CDQ2fH1klZ4JSh/dist=es2019,mode=imports/optimized/@streamerbot/client.js (176)
[0714/152945.964:INFO:CONSOLE(83)] "Failed to reconnect (attempt 17)", source: https://cdn.skypack.dev/-/@streamerbot/client@v1.12.2-9BnWw0CDQ2fH1klZ4JSh/dist=es2019,mode=imports/optimized/@streamerbot/client.js (83)
[0714/153006.009:INFO:CONSOLE(176)] "WebSocket connection to 'ws://127.0.0.1:8080/' failed: Error in connection establishment: net::ERR_CONNECTION_REFUSED", source: https://cdn.skypack.dev/-/@streamerbot/client@v1.12.2-9BnWw0CDQ2fH1klZ4JSh/dist=es2019,mode=imports/optimized/@streamerbot/client.js (176)
[0714/153006.009:INFO:CONSOLE(83)] "Failed to reconnect (attempt 18)", source: https://cdn.skypack.dev/-/@streamerbot/client@v1.12.2-9BnWw0CDQ2fH1klZ4JSh/dist=es2019,mode=imports/optimized/@streamerbot/client.js (83)
[0714/153027.049:INFO:CONSOLE(176)] "WebSocket connection to 'ws://127.0.0.1:8080/' failed: Error in connection establishment: net::ERR_CONNECTION_REFUSED", source: https://cdn.skypack.dev/-/@streamerbot/client@v1.12.2-9BnWw0CDQ2fH1klZ4JSh/dist=es2019,mode=imports/optimized/@streamerbot/client.js (176)
[0714/153027.049:INFO:CONSOLE(83)] "Failed to reconnect (attempt 19)", source: https://cdn.skypack.dev/-/@streamerbot/client@v1.12.2-9BnWw0CDQ2fH1klZ4JSh/dist=es2019,mode=imports/optimized/@streamerbot/client.js (83)
[0714/153049.111:INFO:CONSOLE(176)] "WebSocket connection to 'ws://127.0.0.1:8080/' failed: Error in connection establishment: net::ERR_CONNECTION_REFUSED", source: https://cdn.skypack.dev/-/@streamerbot/client@v1.12.2-9BnWw0CDQ2fH1klZ4JSh/dist=es2019,mode=imports/optimized/@streamerbot/client.js (176)
[0714/153049.111:INFO:CONSOLE(83)] "Failed to reconnect (attempt 20)", source: https://cdn.skypack.dev/-/@streamerbot/client@v1.12.2-9BnWw0CDQ2fH1klZ4JSh/dist=es2019,mode=imports/optimized/@streamerbot/client.js (83)
[0714/153112.164:INFO:CONSOLE(176)] "WebSocket connection to 'ws://127.0.0.1:8080/' failed: Error in connection establishment: net::ERR_CONNECTION_REFUSED", source: https://cdn.skypack.dev/-/@streamerbot/client@v1.12.2-9BnWw0CDQ2fH1klZ4JSh/dist=es2019,mode=imports/optimized/@streamerbot/client.js (176)
[0714/153112.166:INFO:CONSOLE(83)] "Failed to reconnect (attempt 21)", source: https://cdn.skypack.dev/-/@streamerbot/client@v1.12.2-9BnWw0CDQ2fH1klZ4JSh/dist=es2019,mode=imports/optimized/@streamerbot/client.js (83)
[0714/153136.201:INFO:CONSOLE(176)] "WebSocket connection to 'ws://127.0.0.1:8080/' failed: Error in connection establishment: net::ERR_CONNECTION_REFUSED", source: https://cdn.skypack.dev/-/@streamerbot/client@v1.12.2-9BnWw0CDQ2fH1klZ4JSh/dist=es2019,mode=imports/optimized/@streamerbot/client.js (176)
[0714/153136.201:INFO:CONSOLE(83)] "Failed to reconnect (attempt 22)", source: https://cdn.skypack.dev/-/@streamerbot/client@v1.12.2-9BnWw0CDQ2fH1klZ4JSh/dist=es2019,mode=imports/optimized/@streamerbot/client.js (83)
[0714/153201.243:INFO:CONSOLE(176)] "WebSocket connection to 'ws://127.0.0.1:8080/' failed: Error in connection establishment: net::ERR_CONNECTION_REFUSED", source: https://cdn.skypack.dev/-/@streamerbot/client@v1.12.2-9BnWw0CDQ2fH1klZ4JSh/dist=es2019,mode=imports/optimized/@streamerbot/client.js (176)
[0714/153201.243:INFO:CONSOLE(83)] "Failed to reconnect (attempt 23)", source: https://cdn.skypack.dev/-/@streamerbot/client@v1.12.2-9BnWw0CDQ2fH1klZ4JSh/dist=es2019,mode=imports/optimized/@streamerbot/client.js (83)
[0714/153227.281:INFO:CONSOLE(176)] "WebSocket connection to 'ws://127.0.0.1:8080/' failed: Error in connection establishment: net::ERR_CONNECTION_REFUSED", source: https://cdn.skypack.dev/-/@streamerbot/client@v1.12.2-9BnWw0CDQ2fH1klZ4JSh/dist=es2019,mode=imports/optimized/@streamerbot/client.js (176)
[0714/153227.281:INFO:CONSOLE(83)] "Failed to reconnect (attempt 24)", source: https://cdn.skypack.dev/-/@streamerbot/client@v1.12.2-9BnWw0CDQ2fH1klZ4JSh/dist=es2019,mode=imports/optimized/@streamerbot/client.js (83)
[0714/153254.320:INFO:CONSOLE(176)] "WebSocket connection to 'ws://127.0.0.1:8080/' failed: Error in connection establishment: net::ERR_CONNECTION_REFUSED", source: https://cdn.skypack.dev/-/@streamerbot/client@v1.12.2-9BnWw0CDQ2fH1klZ4JSh/dist=es2019,mode=imports/optimized/@streamerbot/client.js (176)
[0714/153254.320:INFO:CONSOLE(83)] "Failed to reconnect (attempt 25)", source: https://cdn.skypack.dev/-/@streamerbot/client@v1.12.2-9BnWw0CDQ2fH1klZ4JSh/dist=es2019,mode=imports/optimized/@streamerbot/client.js (83)
[0714/153322.368:INFO:CONSOLE(176)] "WebSocket connection to 'ws://127.0.0.1:8080/' failed: Error in connection establishment: net::ERR_CONNECTION_REFUSED", source: https://cdn.skypack.dev/-/@streamerbot/client@v1.12.2-9BnWw0CDQ2fH1klZ4JSh/dist=es2019,mode=imports/optimized/@streamerbot/client.js (176)
[0714/153322.368:INFO:CONSOLE(83)] "Failed to reconnect (attempt 26)", source: https://cdn.skypack.dev/-/@streamerbot/client@v1.12.2-9BnWw0CDQ2fH1klZ4JSh/dist=es2019,mode=imports/optimized/@streamerbot/client.js (83)
[0714/153351.393:INFO:CONSOLE(176)] "WebSocket connection to 'ws://127.0.0.1:8080/' failed: Error in connection establishment: net::ERR_CONNECTION_REFUSED", source: https://cdn.skypack.dev/-/@streamerbot/client@v1.12.2-9BnWw0CDQ2fH1klZ4JSh/dist=es2019,mode=imports/optimized/@streamerbot/client.js (176)
[0714/153351.393:INFO:CONSOLE(83)] "Failed to reconnect (attempt 27)", source: https://cdn.skypack.dev/-/@streamerbot/client@v1.12.2-9BnWw0CDQ2fH1klZ4JSh/dist=es2019,mode=imports/optimized/@streamerbot/client.js (83)
[0714/153421.430:INFO:CONSOLE(176)] "WebSocket connection to 'ws://127.0.0.1:8080/' failed: Error in connection establishment: net::ERR_CONNECTION_REFUSED", source: https://cdn.skypack.dev/-/@streamerbot/client@v1.12.2-9BnWw0CDQ2fH1klZ4JSh/dist=es2019,mode=imports/optimized/@streamerbot/client.js (176)
[0714/153421.430:INFO:CONSOLE(83)] "Failed to reconnect (attempt 28)", source: https://cdn.skypack.dev/-/@streamerbot/client@v1.12.2-9BnWw0CDQ2fH1klZ4JSh/dist=es2019,mode=imports/optimized/@streamerbot/client.js (83)
[0714/153452.481:INFO:CONSOLE(176)] "WebSocket connection to 'ws://127.0.0.1:8080/' failed: Error in connection establishment: net::ERR_CONNECTION_REFUSED", source: https://cdn.skypack.dev/-/@streamerbot/client@v1.12.2-9BnWw0CDQ2fH1klZ4JSh/dist=es2019,mode=imports/optimized/@streamerbot/client.js (176)
[0714/153452.481:INFO:CONSOLE(83)] "Failed to reconnect (attempt 29)", source: https://cdn.skypack.dev/-/@streamerbot/client@v1.12.2-9BnWw0CDQ2fH1klZ4JSh/dist=es2019,mode=imports/optimized/@streamerbot/client.js (83)
[0714/153524.520:INFO:CONSOLE(176)] "WebSocket connection to 'ws://127.0.0.1:8080/' failed: Error in connection establishment: net::ERR_CONNECTION_REFUSED", source: https://cdn.skypack.dev/-/@streamerbot/client@v1.12.2-9BnWw0CDQ2fH1klZ4JSh/dist=es2019,mode=imports/optimized/@streamerbot/client.js (176)
[0714/153524.520:INFO:CONSOLE(83)] "Failed to reconnect (attempt 30)", source: https://cdn.skypack.dev/-/@streamerbot/client@v1.12.2-9BnWw0CDQ2fH1klZ4JSh/dist=es2019,mode=imports/optimized/@streamerbot/client.js (83)
[0714/153556.560:INFO:CONSOLE(176)] "WebSocket connection to 'ws://127.0.0.1:8080/' failed: Error in connection establishment: net::ERR_CONNECTION_REFUSED", source: https://cdn.skypack.dev/-/@streamerbot/client@v1.12.2-9BnWw0CDQ2fH1klZ4JSh/dist=es2019,mode=imports/optimized/@streamerbot/client.js (176)
[0714/153556.560:INFO:CONSOLE(83)] "Failed to reconnect (attempt 31)", source: https://cdn.skypack.dev/-/@streamerbot/client@v1.12.2-9BnWw0CDQ2fH1klZ4JSh/dist=es2019,mode=imports/optimized/@streamerbot/client.js (83)
[0714/153628.608:INFO:CONSOLE(176)] "WebSocket connection to 'ws://127.0.0.1:8080/' failed: Error in connection establishment: net::ERR_CONNECTION_REFUSED", source: https://cdn.skypack.dev/-/@streamerbot/client@v1.12.2-9BnWw0CDQ2fH1klZ4JSh/dist=es2019,mode=imports/optimized/@streamerbot/client.js (176)
[0714/153628.608:INFO:CONSOLE(83)] "Failed to reconnect (attempt 32)", source: https://cdn.skypack.dev/-/@streamerbot/client@v1.12.2-9BnWw0CDQ2fH1klZ4JSh/dist=es2019,mode=imports/optimized/@streamerbot/client.js (83)
[0714/153700.652:INFO:CONSOLE(176)] "WebSocket connection to 'ws://127.0.0.1:8080/' failed: Error in connection establishment: net::ERR_CONNECTION_REFUSED", source: https://cdn.skypack.dev/-/@streamerbot/client@v1.12.2-9BnWw0CDQ2fH1klZ4JSh/dist=es2019,mode=imports/optimized/@streamerbot/client.js (176)
[0714/153700.652:INFO:CONSOLE(83)] "Failed to reconnect (attempt 33)", source: https://cdn.skypack.dev/-/@streamerbot/client@v1.12.2-9BnWw0CDQ2fH1klZ4JSh/dist=es2019,mode=imports/optimized/@streamerbot/client.js (83)
[0714/153732.693:INFO:CONSOLE(176)] "WebSocket connection to 'ws://127.0.0.1:8080/' failed: Error in connection establishment: net::ERR_CONNECTION_REFUSED", source: https://cdn.skypack.dev/-/@streamerbot/client@v1.12.2-9BnWw0CDQ2fH1klZ4JSh/dist=es2019,mode=imports/optimized/@streamerbot/client.js (176)
[0714/153732.693:INFO:CONSOLE(83)] "Failed to reconnect (attempt 34)", source: https://cdn.skypack.dev/-/@streamerbot/client@v1.12.2-9BnWw0CDQ2fH1klZ4JSh/dist=es2019,mode=imports/optimized/@streamerbot/client.js (83)
[0714/153804.731:INFO:CONSOLE(176)] "WebSocket connection to 'ws://127.0.0.1:8080/' failed: Error in connection establishment: net::ERR_CONNECTION_REFUSED", source: https://cdn.skypack.dev/-/@streamerbot/client@v1.12.2-9BnWw0CDQ2fH1klZ4JSh/dist=es2019,mode=imports/optimized/@streamerbot/client.js (176)
[0714/153804.732:INFO:CONSOLE(83)] "Failed to reconnect (attempt 35)", source: https://cdn.skypack.dev/-/@streamerbot/client@v1.12.2-9BnWw0CDQ2fH1klZ4JSh/dist=es2019,mode=imports/optimized/@streamerbot/client.js (83)
[0714/153836.770:INFO:CONSOLE(176)] "WebSocket connection to 'ws://127.0.0.1:8080/' failed: Error in connection establishment: net::ERR_CONNECTION_REFUSED", source: https://cdn.skypack.dev/-/@streamerbot/client@v1.12.2-9BnWw0CDQ2fH1klZ4JSh/dist=es2019,mode=imports/optimized/@streamerbot/client.js (176)
[0714/153836.770:INFO:CONSOLE(83)] "Failed to reconnect (attempt 36)", source: https://cdn.skypack.dev/-/@streamerbot/client@v1.12.2-9BnWw0CDQ2fH1klZ4JSh/dist=es2019,mode=imports/optimized/@streamerbot/client.js (83)
[0714/153908.817:INFO:CONSOLE(176)] "WebSocket connection to 'ws://127.0.0.1:8080/' failed: Error in connection establishment: net::ERR_CONNECTION_REFUSED", source: https://cdn.skypack.dev/-/@streamerbot/client@v1.12.2-9BnWw0CDQ2fH1klZ4JSh/dist=es2019,mode=imports/optimized/@streamerbot/client.js (176)
[0714/153908.819:INFO:CONSOLE(83)] "Failed to reconnect (attempt 37)", source: https://cdn.skypack.dev/-/@streamerbot/client@v1.12.2-9BnWw0CDQ2fH1klZ4JSh/dist=es2019,mode=imports/optimized/@streamerbot/client.js (83)
[0714/153940.869:INFO:CONSOLE(176)] "WebSocket connection to 'ws://127.0.0.1:8080/' failed: Error in connection establishment: net::ERR_CONNECTION_REFUSED", source: https://cdn.skypack.dev/-/@streamerbot/client@v1.12.2-9BnWw0CDQ2fH1klZ4JSh/dist=es2019,mode=imports/optimized/@streamerbot/client.js (176)
[0714/153940.869:INFO:CONSOLE(83)] "Failed to reconnect (attempt 38)", source: https://cdn.skypack.dev/-/@streamerbot/client@v1.12.2-9BnWw0CDQ2fH1klZ4JSh/dist=es2019,mode=imports/optimized/@streamerbot/client.js (83)
[0714/154012.903:INFO:CONSOLE(176)] "WebSocket connection to 'ws://127.0.0.1:8080/' failed: Error in connection establishment: net::ERR_CONNECTION_REFUSED", source: https://cdn.skypack.dev/-/@streamerbot/client@v1.12.2-9BnWw0CDQ2fH1klZ4JSh/dist=es2019,mode=imports/optimized/@streamerbot/client.js (176)
[0714/154012.905:INFO:CONSOLE(83)] "Failed to reconnect (attempt 39)", source: https://cdn.skypack.dev/-/@streamerbot/client@v1.12.2-9BnWw0CDQ2fH1klZ4JSh/dist=es2019,mode=imports/optimized/@streamerbot/client.js (83)
[0714/154044.938:INFO:CONSOLE(176)] "WebSocket connection to 'ws://127.0.0.1:8080/' failed: Error in connection establishment: net::ERR_CONNECTION_REFUSED", source: https://cdn.skypack.dev/-/@streamerbot/client@v1.12.2-9BnWw0CDQ2fH1klZ4JSh/dist=es2019,mode=imports/optimized/@streamerbot/client.js (176)
[0714/154044.938:INFO:CONSOLE(83)] "Failed to reconnect (attempt 40)", source: https://cdn.skypack.dev/-/@streamerbot/client@v1.12.2-9BnWw0CDQ2fH1klZ4JSh/dist=es2019,mode=imports/optimized/@streamerbot/client.js (83)
[0714/154116.978:INFO:CONSOLE(176)] "WebSocket connection to 'ws://127.0.0.1:8080/' failed: Error in connection establishment: net::ERR_CONNECTION_REFUSED", source: https://cdn.skypack.dev/-/@streamerbot/client@v1.12.2-9BnWw0CDQ2fH1klZ4JSh/dist=es2019,mode=imports/optimized/@streamerbot/client.js (176)
[0714/154116.978:INFO:CONSOLE(83)] "Failed to reconnect (attempt 41)", source: https://cdn.skypack.dev/-/@streamerbot/client@v1.12.2-9BnWw0CDQ2fH1klZ4JSh/dist=es2019,mode=imports/optimized/@streamerbot/client.js (83)
[0714/154149.020:INFO:CONSOLE(176)] "WebSocket connection to 'ws://127.0.0.1:8080/' failed: Error in connection establishment: net::ERR_CONNECTION_REFUSED", source: https://cdn.skypack.dev/-/@streamerbot/client@v1.12.2-9BnWw0CDQ2fH1klZ4JSh/dist=es2019,mode=imports/optimized/@streamerbot/client.js (176)
[0714/154149.020:INFO:CONSOLE(83)] "Failed to reconnect (attempt 42)", source: https://cdn.skypack.dev/-/@streamerbot/client@v1.12.2-9BnWw0CDQ2fH1klZ4JSh/dist=es2019,mode=imports/optimized/@streamerbot/client.js (83)
[0714/154221.060:INFO:CONSOLE(176)] "WebSocket connection to 'ws://127.0.0.1:8080/' failed: Error in connection establishment: net::ERR_CONNECTION_REFUSED", source: https://cdn.skypack.dev/-/@streamerbot/client@v1.12.2-9BnWw0CDQ2fH1klZ4JSh/dist=es2019,mode=imports/optimized/@streamerbot/client.js (176)
[0714/154221.060:INFO:CONSOLE(83)] "Failed to reconnect (attempt 43)", source: https://cdn.skypack.dev/-/@streamerbot/client@v1.12.2-9BnWw0CDQ2fH1klZ4JSh/dist=es2019,mode=imports/optimized/@streamerbot/client.js (83)
[0714/154253.089:INFO:CONSOLE(176)] "WebSocket connection to 'ws://127.0.0.1:8080/' failed: Error in connection establishment: net::ERR_CONNECTION_REFUSED", source: https://cdn.skypack.dev/-/@streamerbot/client@v1.12.2-9BnWw0CDQ2fH1klZ4JSh/dist=es2019,mode=imports/optimized/@streamerbot/client.js (176)
[0714/154253.089:INFO:CONSOLE(83)] "Failed to reconnect (attempt 44)", source: https://cdn.skypack.dev/-/@streamerbot/client@v1.12.2-9BnWw0CDQ2fH1klZ4JSh/dist=es2019,mode=imports/optimized/@streamerbot/client.js (83)
[0714/154325.108:INFO:CONSOLE(176)] "WebSocket connection to 'ws://127.0.0.1:8080/' failed: Error in connection establishment: net::ERR_CONNECTION_REFUSED", source: https://cdn.skypack.dev/-/@streamerbot/client@v1.12.2-9BnWw0CDQ2fH1klZ4JSh/dist=es2019,mode=imports/optimized/@streamerbot/client.js (176)
[0714/154325.108:INFO:CONSOLE(83)] "Failed to reconnect (attempt 45)", source: https://cdn.skypack.dev/-/@streamerbot/client@v1.12.2-9BnWw0CDQ2fH1klZ4JSh/dist=es2019,mode=imports/optimized/@streamerbot/client.js (83)
[0714/154357.141:INFO:CONSOLE(176)] "WebSocket connection to 'ws://127.0.0.1:8080/' failed: Error in connection establishment: net::ERR_CONNECTION_REFUSED", source: https://cdn.skypack.dev/-/@streamerbot/client@v1.12.2-9BnWw0CDQ2fH1klZ4JSh/dist=es2019,mode=imports/optimized/@streamerbot/client.js (176)
[0714/154357.141:INFO:CONSOLE(83)] "Failed to reconnect (attempt 46)", source: https://cdn.skypack.dev/-/@streamerbot/client@v1.12.2-9BnWw0CDQ2fH1klZ4JSh/dist=es2019,mode=imports/optimized/@streamerbot/client.js (83)
[0714/154429.171:INFO:CONSOLE(176)] "WebSocket connection to 'ws://127.0.0.1:8080/' failed: Error in connection establishment: net::ERR_CONNECTION_REFUSED", source: https://cdn.skypack.dev/-/@streamerbot/client@v1.12.2-9BnWw0CDQ2fH1klZ4JSh/dist=es2019,mode=imports/optimized/@streamerbot/client.js (176)
[0714/154429.171:INFO:CONSOLE(83)] "Failed to reconnect (attempt 47)", source: https://cdn.skypack.dev/-/@streamerbot/client@v1.12.2-9BnWw0CDQ2fH1klZ4JSh/dist=es2019,mode=imports/optimized/@streamerbot/client.js (83)
[0714/154501.214:INFO:CONSOLE(176)] "WebSocket connection to 'ws://127.0.0.1:8080/' failed: Error in connection establishment: net::ERR_CONNECTION_REFUSED", source: https://cdn.skypack.dev/-/@streamerbot/client@v1.12.2-9BnWw0CDQ2fH1klZ4JSh/dist=es2019,mode=imports/optimized/@streamerbot/client.js (176)
[0714/154501.214:INFO:CONSOLE(83)] "Failed to reconnect (attempt 48)", source: https://cdn.skypack.dev/-/@streamerbot/client@v1.12.2-9BnWw0CDQ2fH1klZ4JSh/dist=es2019,mode=imports/optimized/@streamerbot/client.js (83)
[0714/154533.251:INFO:CONSOLE(176)] "WebSocket connection to 'ws://127.0.0.1:8080/' failed: Error in connection establishment: net::ERR_CONNECTION_REFUSED", source: https://cdn.skypack.dev/-/@streamerbot/client@v1.12.2-9BnWw0CDQ2fH1klZ4JSh/dist=es2019,mode=imports/optimized/@streamerbot/client.js (176)
[0714/154533.251:INFO:CONSOLE(83)] "Failed to reconnect (attempt 49)", source: https://cdn.skypack.dev/-/@streamerbot/client@v1.12.2-9BnWw0CDQ2fH1klZ4JSh/dist=es2019,mode=imports/optimized/@streamerbot/client.js (83)
[0714/154605.300:INFO:CONSOLE(176)] "WebSocket connection to 'ws://127.0.0.1:8080/' failed: Error in connection establishment: net::ERR_CONNECTION_REFUSED", source: https://cdn.skypack.dev/-/@streamerbot/client@v1.12.2-9BnWw0CDQ2fH1klZ4JSh/dist=es2019,mode=imports/optimized/@streamerbot/client.js (176)
[0714/154605.300:INFO:CONSOLE(83)] "Failed to reconnect (attempt 50)", source: https://cdn.skypack.dev/-/@streamerbot/client@v1.12.2-9BnWw0CDQ2fH1klZ4JSh/dist=es2019,mode=imports/optimized/@streamerbot/client.js (83)
[0714/154637.333:INFO:CONSOLE(176)] "WebSocket connection to 'ws://127.0.0.1:8080/' failed: Error in connection establishment: net::ERR_CONNECTION_REFUSED", source: https://cdn.skypack.dev/-/@streamerbot/client@v1.12.2-9BnWw0CDQ2fH1klZ4JSh/dist=es2019,mode=imports/optimized/@streamerbot/client.js (176)
[0714/154637.333:INFO:CONSOLE(83)] "Failed to reconnect (attempt 51)", source: https://cdn.skypack.dev/-/@streamerbot/client@v1.12.2-9BnWw0CDQ2fH1klZ4JSh/dist=es2019,mode=imports/optimized/@streamerbot/client.js (83)
[0714/154709.360:INFO:CONSOLE(176)] "WebSocket connection to 'ws://127.0.0.1:8080/' failed: Error in connection establishment: net::ERR_CONNECTION_REFUSED", source: https://cdn.skypack.dev/-/@streamerbot/client@v1.12.2-9BnWw0CDQ2fH1klZ4JSh/dist=es2019,mode=imports/optimized/@streamerbot/client.js (176)
[0714/154709.360:INFO:CONSOLE(83)] "Failed to reconnect (attempt 52)", source: https://cdn.skypack.dev/-/@streamerbot/client@v1.12.2-9BnWw0CDQ2fH1klZ4JSh/dist=es2019,mode=imports/optimized/@streamerbot/client.js (83)
[0714/154741.391:INFO:CONSOLE(176)] "WebSocket connection to 'ws://127.0.0.1:8080/' failed: Error in connection establishment: net::ERR_CONNECTION_REFUSED", source: https://cdn.skypack.dev/-/@streamerbot/client@v1.12.2-9BnWw0CDQ2fH1klZ4JSh/dist=es2019,mode=imports/optimized/@streamerbot/client.js (176)
[0714/154741.391:INFO:CONSOLE(83)] "Failed to reconnect (attempt 53)", source: https://cdn.skypack.dev/-/@streamerbot/client@v1.12.2-9BnWw0CDQ2fH1klZ4JSh/dist=es2019,mode=imports/optimized/@streamerbot/client.js (83)
[0714/154754.528:INFO:CONSOLE(59)] "[reward-notifications] script loaded", source: http://localhost:58150/reward-notifications.js (59)
[0714/154754.528:INFO:CONSOLE(86)] "[reward-notifications] listener attached", source: http://localhost:58150/reward-notifications.js (86)
[0714/160426.351:ERROR:browser_process_sub_thread.cc(221)] Waited 13 ms for network service
[0714/160427.361:ERROR:browser_process_sub_thread.cc(221)] Waited 10 ms for network service
[0714/184139.052:INFO:CONSOLE(59)] "[reward-notifications] script loaded", source: http://localhost:57022/reward-notifications.js (59)
[0714/184139.052:INFO:CONSOLE(86)] "[reward-notifications] listener attached", source: http://localhost:57022/reward-notifications.js (86)
[0714/184300.143:INFO:CONSOLE(14)] "emotes: 0", source: http://localhost:57022/emote-rain.js (14)
[0714/184553.942:INFO:CONSOLE(14)] "emotes: 0", source: http://localhost:57022/emote-rain.js (14)
[0714/184712.691:INFO:CONSOLE(14)] "emotes: 0", source: http://localhost:57022/emote-rain.js (14)
[0714/184813.199:INFO:CONSOLE(14)] "emotes: 0", source: http://localhost:57022/emote-rain.js (14)
[0714/184911.784:INFO:CONSOLE(14)] "emotes: 0", source: http://localhost:57022/emote-rain.js (14)
[0714/185022.728:INFO:CONSOLE(14)] "emotes: 0", source: http://localhost:57022/emote-rain.js (14)
[0714/185115.605:INFO:CONSOLE(14)] "emotes: 0", source: http://localhost:57022/emote-rain.js (14)
[0714/185125.482:INFO:CONSOLE(731)] "[reward-notifications] event rewardName=Планка", source: http://localhost:57022/reward-notifications.js (731)
[0714/185125.482:INFO:CONSOLE(731)] "[reward-notifications] reward matched: Планка group: Sport", source: http://localhost:57022/reward-notifications.js (731)
[0714/185125.482:INFO:CONSOLE(731)] "[reward-notifications] selection anchor source=id", source: http://localhost:57022/reward-notifications.js (731)
[0714/185222.734:INFO:CONSOLE(14)] "emotes: 0", source: http://localhost:57022/emote-rain.js (14)
[0714/185313.685:INFO:CONSOLE(14)] "emotes: 0", source: http://localhost:57022/emote-rain.js (14)
[0714/185336.602:INFO:CONSOLE(14)] "emotes: 0", source: http://localhost:57022/emote-rain.js (14)
[0714/185618.856:INFO:CONSOLE(14)] "emotes: 0", source: http://localhost:57022/emote-rain.js (14)
[0714/185754.000:INFO:CONSOLE(14)] "emotes: 0", source: http://localhost:57022/emote-rain.js (14)
[0714/185802.635:INFO:CONSOLE(14)] "emotes: 0", source: http://localhost:57022/emote-rain.js (14)
[0714/185811.415:INFO:CONSOLE(14)] "emotes: 0", source: http://localhost:57022/emote-rain.js (14)
[0714/185819.435:INFO:CONSOLE(14)] "emotes: 0", source: http://localhost:57022/emote-rain.js (14)
[0714/185830.419:INFO:CONSOLE(14)] "emotes: 0", source: http://localhost:57022/emote-rain.js (14)
[0714/185856.735:INFO:CONSOLE(14)] "emotes: 0", source: http://localhost:57022/emote-rain.js (14)
[0714/185908.063:INFO:CONSOLE(14)] "emotes: 0", source: http://localhost:57022/emote-rain.js (14)
[0714/190006.483:INFO:CONSOLE(14)] "emotes: 0", source: http://localhost:57022/emote-rain.js (14)
[0714/190016.310:INFO:CONSOLE(14)] "emotes: 0", source: http://localhost:57022/emote-rain.js (14)
[0714/190110.063:INFO:CONSOLE(14)] "emotes: 0", source: http://localhost:57022/emote-rain.js (14)
[0714/190131.588:INFO:CONSOLE(14)] "emotes: 0", source: http://localhost:57022/emote-rain.js (14)
[0714/190224.093:INFO:CONSOLE(14)] "emotes: 0", source: http://localhost:57022/emote-rain.js (14)
[0714/190228.972:INFO:CONSOLE(14)] "emotes: 0", source: http://localhost:57022/emote-rain.js (14)
[0714/190238.403:INFO:CONSOLE(14)] "emotes: 0", source: http://localhost:57022/emote-rain.js (14)
[0714/190317.383:INFO:CONSOLE(14)] "emotes: 0", source: http://localhost:57022/emote-rain.js (14)
[0714/190413.729:INFO:CONSOLE(14)] "emotes: 0", source: http://localhost:57022/emote-rain.js (14)
[0714/190504.028:INFO:CONSOLE(14)] "emotes: 0", source: http://localhost:57022/emote-rain.js (14)
[0714/190538.326:INFO:CONSOLE(14)] "emotes: 0", source: http://localhost:57022/emote-rain.js (14)
[0714/190550.832:INFO:CONSOLE(14)] "emotes: 0", source: http://localhost:57022/emote-rain.js (14)
[0714/190707.078:INFO:CONSOLE(14)] "emotes: 0", source: http://localhost:57022/emote-rain.js (14)
[0714/190734.725:INFO:CONSOLE(14)] "emotes: 0", source: http://localhost:57022/emote-rain.js (14)
[0714/191240.888:INFO:CONSOLE(14)] "emotes: 0", source: http://localhost:57022/emote-rain.js (14)
[0714/191416.939:INFO:CONSOLE(14)] "emotes: 0", source: http://localhost:57022/emote-rain.js (14)
[0714/191556.952:INFO:CONSOLE(14)] "emotes: 0", source: http://localhost:57022/emote-rain.js (14)
[0714/191730.378:INFO:CONSOLE(14)] "emotes: 0", source: http://localhost:57022/emote-rain.js (14)
[0714/191949.041:INFO:CONSOLE(14)] "emotes: 0", source: http://localhost:57022/emote-rain.js (14)
[0714/192030.124:INFO:CONSOLE(14)] "emotes: 0", source: http://localhost:57022/emote-rain.js (14)
[0714/192513.253:INFO:CONSOLE(14)] "emotes: 0", source: http://localhost:57022/emote-rain.js (14)
[0714/192637.967:INFO:CONSOLE(14)] "emotes: 0", source: http://localhost:57022/emote-rain.js (14)
[0714/192648.344:INFO:CONSOLE(14)] "emotes: 0", source: http://localhost:57022/emote-rain.js (14)
[0714/193017.536:INFO:CONSOLE(14)] "emotes: 0", source: http://localhost:57022/emote-rain.js (14)
[0714/193256.798:INFO:CONSOLE(14)] "emotes: 0", source: http://localhost:57022/emote-rain.js (14)
[0714/193416.632:INFO:CONSOLE(14)] "emotes: 0", source: http://localhost:57022/emote-rain.js (14)
[0714/193447.037:INFO:CONSOLE(14)] "emotes: 0", source: http://localhost:57022/emote-rain.js (14)
[0714/193534.311:INFO:CONSOLE(14)] "emotes: 0", source: http://localhost:57022/emote-rain.js (14)
[0714/193555.510:INFO:CONSOLE(14)] "emotes: 0", source: http://localhost:57022/emote-rain.js (14)
[0714/193612.243:INFO:CONSOLE(14)] "emotes: 0", source: http://localhost:57022/emote-rain.js (14)
[0714/193618.160:INFO:CONSOLE(14)] "emotes: 0", source: http://localhost:57022/emote-rain.js (14)
[0714/193641.252:INFO:CONSOLE(14)] "emotes: 0", source: http://localhost:57022/emote-rain.js (14)
[0714/194455.605:INFO:CONSOLE(14)] "emotes: 0", source: http://localhost:57022/emote-rain.js (14)
[0714/194456.065:INFO:CONSOLE(14)] "emotes: 0", source: http://localhost:57022/emote-rain.js (14)
[0714/194630.912:INFO:CONSOLE(731)] "[reward-notifications] event rewardName=Ровнее спинку!", source: http://localhost:57022/reward-notifications.js (731)
[0714/194630.912:INFO:CONSOLE(731)] "[reward-notifications] reward matched: Ровнее спинку! group: Gears", source: http://localhost:57022/reward-notifications.js (731)
[0714/194630.912:INFO:CONSOLE(731)] "[reward-notifications] selection anchor source=id", source: http://localhost:57022/reward-notifications.js (731)
[0714/223534.483:ERROR:browser_process_sub_thread.cc(221)] Waited 19 ms for network service
[0715/115533.360:INFO:CONSOLE(59)] "[reward-notifications] script loaded", source: http://localhost:63256/reward-notifications.js (59)
[0715/115533.360:INFO:CONSOLE(86)] "[reward-notifications] listener attached", source: http://localhost:63256/reward-notifications.js (86)
[0715/115601.888:INFO:CONSOLE(14)] "emotes: 0", source: http://localhost:63256/emote-rain.js (14)
[0715/115609.497:INFO:CONSOLE(14)] "emotes: 0", source: http://localhost:63256/emote-rain.js (14)
[0715/115630.330:INFO:CONSOLE(14)] "emotes: 0", source: http://localhost:63256/emote-rain.js (14)
[0715/115642.088:INFO:CONSOLE(14)] "emotes: 0", source: http://localhost:63256/emote-rain.js (14)
[0715/115840.839:ERROR:browser_process_sub_thread.cc(221)] Waited 11 ms for network service
[0715/182046.911:INFO:CONSOLE(59)] "[reward-notifications] script loaded", source: http://localhost:54115/reward-notifications.js (59)
[0715/182046.911:INFO:CONSOLE(86)] "[reward-notifications] listener attached", source: http://localhost:54115/reward-notifications.js (86)
[0715/183338.826:INFO:CONSOLE(14)] "emotes: 0", source: http://localhost:54115/emote-rain.js (14)
[0715/183417.975:INFO:CONSOLE(14)] "emotes: 0", source: http://localhost:54115/emote-rain.js (14)
[0715/183429.376:INFO:CONSOLE(14)] "emotes: 0", source: http://localhost:54115/emote-rain.js (14)
[0715/183433.391:INFO:CONSOLE(14)] "emotes: 1", source: http://localhost:54115/emote-rain.js (14)
[0715/183433.391:INFO:CONSOLE(19)] "https://cdn.jsdelivr.net/gh/jdecked/twemoji@16.0.0/assets/72x72/1f450-1f3fb.png", source: http://localhost:54115/emote-rain.js (19)
[0715/183434.354:INFO:CONSOLE(14)] "emotes: 1", source: http://localhost:54115/emote-rain.js (14)
[0715/183434.354:INFO:CONSOLE(19)] "https://cdn.jsdelivr.net/gh/jdecked/twemoji@16.0.0/assets/72x72/1f463.png", source: http://localhost:54115/emote-rain.js (19)
[0715/183435.606:INFO:CONSOLE(14)] "emotes: 1", source: http://localhost:54115/emote-rain.js (14)
[0715/183435.606:INFO:CONSOLE(19)] "https://cdn.jsdelivr.net/gh/jdecked/twemoji@16.0.0/assets/72x72/1f47d.png", source: http://localhost:54115/emote-rain.js (19)
[0715/183448.634:INFO:CONSOLE(14)] "emotes: 1", source: http://localhost:54115/emote-rain.js (14)
[0715/183448.634:INFO:CONSOLE(19)] "https://cdn.jsdelivr.net/gh/jdecked/twemoji@16.0.0/assets/72x72/1f61c.png", source: http://localhost:54115/emote-rain.js (19)
[0715/183605.508:INFO:CONSOLE(731)] "[reward-notifications] event rewardName=Отвлечь стримера", source: http://localhost:54115/reward-notifications.js (731)
[0715/183605.508:INFO:CONSOLE(731)] "[reward-notifications] reward matched: Отвлечь стримера group: Distract", source: http://localhost:54115/reward-notifications.js (731)
[0715/183605.508:INFO:CONSOLE(731)] "[reward-notifications] selection anchor source=id", source: http://localhost:54115/reward-notifications.js (731)
[0715/183605.511:INFO:CONSOLE(731)] "[reward-notifications] video pick index=2 key=Distract|Отвлечь стримера|1fb40e7a-4a50-4095-baf1-cee273124e8f", source: http://localhost:54115/reward-notifications.js (731)
[0715/183605.938:INFO:CONSOLE(731)] "[reward-notifications] video loaded: time_to_stop.webm readyState=4", source: http://localhost:54115/reward-notifications.js (731)
[0715/183605.938:INFO:CONSOLE(731)] "[reward-notifications] video can play: time_to_stop.webm", source: http://localhost:54115/reward-notifications.js (731)
[0715/183633.567:INFO:CONSOLE(731)] "[reward-notifications] event rewardName=Отжимания", source: http://localhost:54115/reward-notifications.js (731)
[0715/183633.567:INFO:CONSOLE(731)] "[reward-notifications] reward matched: Отжимания group: Sport", source: http://localhost:54115/reward-notifications.js (731)
[0715/183633.567:INFO:CONSOLE(731)] "[reward-notifications] selection anchor source=id", source: http://localhost:54115/reward-notifications.js (731)
[0715/183718.542:INFO:CONSOLE(14)] "emotes: 0", source: http://localhost:54115/emote-rain.js (14)
[0715/183738.261:INFO:CONSOLE(14)] "emotes: 0", source: http://localhost:54115/emote-rain.js (14)
[0715/183743.056:INFO:CONSOLE(14)] "emotes: 0", source: http://localhost:54115/emote-rain.js (14)
[0715/184250.096:INFO:CONSOLE(14)] "emotes: 0", source: http://localhost:54115/emote-rain.js (14)
[0715/184313.845:INFO:CONSOLE(14)] "emotes: 3", source: http://localhost:54115/emote-rain.js (14)
[0715/184313.845:INFO:CONSOLE(19)] "https://static-cdn.jtvnw.net/emoticons/v2/160402/default/dark/2.0", source: http://localhost:54115/emote-rain.js (19)
[0715/184313.845:INFO:CONSOLE(19)] "https://static-cdn.jtvnw.net/emoticons/v2/160402/default/dark/2.0", source: http://localhost:54115/emote-rain.js (19)
[0715/184313.845:INFO:CONSOLE(19)] "https://static-cdn.jtvnw.net/emoticons/v2/160402/default/dark/2.0", source: http://localhost:54115/emote-rain.js (19)
[0715/184323.213:INFO:CONSOLE(14)] "emotes: 0", source: http://localhost:54115/emote-rain.js (14)
[0715/184502.780:INFO:CONSOLE(731)] "[reward-notifications] event rewardName=Отвлечь стримера", source: http://localhost:54115/reward-notifications.js (731)
[0715/184502.780:INFO:CONSOLE(731)] "[reward-notifications] reward matched: Отвлечь стримера group: Distract", source: http://localhost:54115/reward-notifications.js (731)
[0715/184502.780:INFO:CONSOLE(731)] "[reward-notifications] selection anchor source=id", source: http://localhost:54115/reward-notifications.js (731)
[0715/184502.780:INFO:CONSOLE(731)] "[reward-notifications] video pick index=7 key=Distract|Отвлечь стримера|51c5d9ec-0784-44ac-82c7-33553e288081", source: http://localhost:54115/reward-notifications.js (731)
[0715/184503.125:INFO:CONSOLE(731)] "[reward-notifications] video loaded: subway_surf.webm readyState=4", source: http://localhost:54115/reward-notifications.js (731)
[0715/184503.125:INFO:CONSOLE(731)] "[reward-notifications] video can play: subway_surf.webm", source: http://localhost:54115/reward-notifications.js (731)
[0715/184538.188:INFO:CONSOLE(731)] "[reward-notifications] event rewardName=Планка", source: http://localhost:54115/reward-notifications.js (731)
[0715/184538.188:INFO:CONSOLE(731)] "[reward-notifications] reward matched: Планка group: Sport", source: http://localhost:54115/reward-notifications.js (731)
[0715/184538.188:INFO:CONSOLE(731)] "[reward-notifications] selection anchor source=id", source: http://localhost:54115/reward-notifications.js (731)
[0715/184840.804:INFO:CONSOLE(14)] "emotes: 0", source: http://localhost:54115/emote-rain.js (14)
[0716/101743.174:INFO:CONSOLE(59)] "[reward-notifications] script loaded", source: http://localhost:53237/reward-notifications.js (59)
[0716/101743.174:INFO:CONSOLE(86)] "[reward-notifications] listener attached", source: http://localhost:53237/reward-notifications.js (86)
[0716/101906.016:INFO:CONSOLE(14)] "emotes: 0", source: http://localhost:53237/emote-rain.js (14)
[0716/144426.518:ERROR:browser_process_sub_thread.cc(221)] Waited 10 ms for network service
[0716/144445.682:INFO:CONSOLE(59)] "[reward-notifications] script loaded", source: http://localhost:54901/reward-notifications.js (59)
[0716/144445.682:INFO:CONSOLE(86)] "[reward-notifications] listener attached", source: http://localhost:54901/reward-notifications.js (86)
[0716/150121.835:INFO:CONSOLE(14)] "emotes: 0", source: http://localhost:54901/emote-rain.js (14)
[0716/150137.800:INFO:CONSOLE(14)] "emotes: 0", source: http://localhost:54901/emote-rain.js (14)
[0716/150142.284:INFO:CONSOLE(14)] "emotes: 0", source: http://localhost:54901/emote-rain.js (14)
[0716/150152.898:INFO:CONSOLE(731)] "[reward-notifications] event rewardName=Отвлечь стримера", source: http://localhost:54901/reward-notifications.js (731)
[0716/150152.899:INFO:CONSOLE(731)] "[reward-notifications] reward matched: Отвлечь стримера group: Distract", source: http://localhost:54901/reward-notifications.js (731)
[0716/150152.899:INFO:CONSOLE(731)] "[reward-notifications] selection anchor source=id", source: http://localhost:54901/reward-notifications.js (731)
[0716/150152.901:INFO:CONSOLE(731)] "[reward-notifications] video pick index=7 key=Distract|Отвлечь стримера|56036b99-601e-4ec2-86cc-ca6078d6aeb9", source: http://localhost:54901/reward-notifications.js (731)
[0716/150153.303:INFO:CONSOLE(731)] "[reward-notifications] video loaded: subway_surf.webm readyState=4", source: http://localhost:54901/reward-notifications.js (731)
[0716/150153.303:INFO:CONSOLE(731)] "[reward-notifications] video can play: subway_surf.webm", source: http://localhost:54901/reward-notifications.js (731)
[0716/150238.554:INFO:CONSOLE(731)] "[reward-notifications] event rewardName=Водичка!", source: http://localhost:54901/reward-notifications.js (731)
[0716/150238.554:INFO:CONSOLE(731)] "[reward-notifications] reward matched: Водичка! group: Gears", source: http://localhost:54901/reward-notifications.js (731)
[0716/150238.554:INFO:CONSOLE(731)] "[reward-notifications] selection anchor source=id", source: http://localhost:54901/reward-notifications.js (731)
[0716/150243.598:INFO:CONSOLE(14)] "emotes: 0", source: http://localhost:54901/emote-rain.js (14)
